final,question,sentence,word,page,weight,evidence
False,0,0,6,Thomas Cahill,0.00,"{'Gpr_confidence': -0.34182879101333336, 'Length_char': 38, 'Length_word': 6, 'Length_guess': 13, 'Length_ten_points': 0, 'Frequency_guess': 0.0, 'GuessFormat_has_parentheses': 0, 'GuessFormat_has_quotes': 0, 'GuessFormat_word_count': 2, 'GuessFormat_has_numbers': 0, 'RunPosition_position_ratio': 0.08444444444444445, 'RunPosition_early_question': 1, 'RunPosition_late_question': 0, 'QuestionKeyword_signal_for_ten_points': 0, 'QuestionKeyword_signal_name_this': 0, 'QuestionKeyword_signal_identify_this': 0, 'QuestionKeyword_signal_what_is': 0, 'QuestionKeyword_signal_who_is': 0, 'QuestionKeyword_signal_this_author': 0, 'QuestionKeyword_signal_this_work': 0, 'QuestionKeyword_signal_this_character': 0, 'QuestionKeyword_signal_this_person': 0, 'QuestionKeyword_signal_this_country': 0, 'QuestionKeyword_signal_this_battle': 0, 'QuestionKeyword_signal_this_composer': 0, 'QuestionKeyword_signal_this_painting': 0, 'GuessQuality_proper_noun': 1, 'GuessQuality_single_word': 0, 'GuessQuality_has_title_case': 1, 'AnswerType_expects_person': 0, 'AnswerType_expects_work': 0, 'AnswerType_expects_place': 1, 'final': np.False_}"
False,0,0,12,San Francisco Police Department,0.00,"{'Gpr_confidence': -0.1390847469375, 'Length_char': 70, 'Length_word': 12, 'Length_guess': 31, 'Length_ten_points': 0, 'Frequency_guess': 0.0, 'GuessFormat_has_parentheses': 0, 'GuessFormat_has_quotes': 0, 'GuessFormat_word_count': 4, 'GuessFormat_has_numbers': 0, 'RunPosition_position_ratio': 0.15555555555555556, 'RunPosition_early_question': 1, 'RunPosition_late_question': 0, 'QuestionKeyword_signal_for_ten_points': 0, 'QuestionKeyword_signal_name_this': 0, 'QuestionKeyword_signal_identify_this': 0, 'QuestionKeyword_signal_what_is': 0, 'QuestionKeyword_signal_who_is': 0, 'QuestionKeyword_signal_this_author': 0, 'QuestionKeyword_signal_this_work': 0, 'QuestionKeyword_signal_this_character': 0, 'QuestionKeyword_signal_this_person': 0, 'QuestionKeyword_signal_this_country': 0, 'QuestionKeyword_signal_this_battle': 0, 'QuestionKeyword_signal_this_composer': 0, 'QuestionKeyword_signal_this_painting': 0, 'GuessQuality_proper_noun': 1, 'GuessQuality_single_word': 0, 'GuessQuality_has_title_case': 1, 'AnswerType_expects_person': 0, 'AnswerType_expects_work': 0, 'AnswerType_expects_place': 1, 'final': np.False_}"
False,0,0,21,Thomas Cahill,0.00,"{'Gpr_confidence': -0.21030185994999998, 'Length_char': 108, 'Length_word': 21, 'Length_guess': 13, 'Length_ten_points': 0, 'Frequency_guess': 0.0, 'GuessFormat_has_parentheses': 0, 'GuessFormat_has_quotes': 0, 'GuessFormat_word_count': 2, 'GuessFormat_has_numbers': 0, 'RunPosition_position_ratio': 0.24, 'RunPosition_early_question': 1, 'RunPosition_late_question': 0, 'QuestionKeyword_signal_for_ten_points': 0, 'QuestionKeyword_signal_name_this': 0, 'QuestionKeyword_signal_identify_this': 0, 'QuestionKeyword_signal_what_is': 0, 'QuestionKeyword_signal_who_is': 0, 'QuestionKeyword_signal_this_author': 0, 'QuestionKeyword_signal_this_work': 0, 'QuestionKeyword_signal_this_character': 0, 'QuestionKeyword_signal_this_person': 0, 'QuestionKeyword_signal_this_country': 0, 'QuestionKeyword_signal_this_battle': 0, 'QuestionKeyword_signal_this_composer': 0, 'QuestionKeyword_signal_this_painting': 0, 'GuessQuality_proper_noun': 1, 'GuessQuality_single_word': 0, 'GuessQuality_has_title_case': 1, 'AnswerType_expects_person': 0, 'AnswerType_expects_work': 0, 'AnswerType_expects_place': 1, 'final': np.False_}"
False,0,0,27,San Francisco Police Department,0.00,"{'Gpr_confidence': -0.195081251285, 'Length_char': 140, 'Length_word': 27, 'Length_guess': 31, 'Length_ten_points': 0, 'Frequency_guess': 0.0, 'GuessFormat_has_parentheses': 0, 'GuessFormat_has_quotes': 0, 'GuessFormat_word_count': 4, 'GuessFormat_has_numbers': 0, 'RunPosition_position_ratio': 0.3111111111111111, 'RunPosition_early_question': 0, 'RunPosition_late_question': 0, 'QuestionKeyword_signal_for_ten_points': 0, 'QuestionKeyword_signal_name_this': 0, 'QuestionKeyword_signal_identify_this': 0, 'QuestionKeyword_signal_what_is': 0, 'QuestionKeyword_signal_who_is': 0, 'QuestionKeyword_signal_this_author': 0, 'QuestionKeyword_signal_this_work': 0, 'QuestionKeyword_signal_this_character': 0, 'QuestionKeyword_signal_this_person': 0, 'QuestionKeyword_signal_this_country': 0, 'QuestionKeyword_signal_this_battle': 0, 'QuestionKeyword_signal_this_composer': 0, 'QuestionKeyword_signal_this_painting': 0, 'GuessQuality_proper_noun': 1, 'GuessQuality_single_word': 0, 'GuessQuality_has_title_case': 1, 'AnswerType_expects_person': 0, 'AnswerType_expects_work': 0, 'AnswerType_expects_place': 1, 'final': np.False_}"
False,0,0,32,Daughters of Bilitis,0.00,"{'Gpr_confidence': -0.17341639437150003, 'Length_char': 186, 'Length_word': 32, 'Length_guess': 20, 'Length_ten_points': 0, 'Frequency_guess': 0.0, 'GuessFormat_has_parentheses': 0, 'GuessFormat_has_quotes': 0, 'GuessFormat_word_count': 3, 'GuessFormat_has_numbers': 0, 'RunPosition_position_ratio': 0.41333333333333333, 'RunPosition_early_question': 0, 'RunPosition_late_question': 0, 'QuestionKeyword_signal_for_ten_points': 0, 'QuestionKeyword_signal_name_this': 0, 'QuestionKeyword_signal_identify_this': 0, 'QuestionKeyword_signal_what_is': 0, 'QuestionKeyword_signal_who_is': 0, 'QuestionKeyword_signal_this_author': 0, 'QuestionKeyword_signal_this_work': 0, 'QuestionKeyword_signal_this_character': 0, 'QuestionKeyword_signal_this_person': 0, 'QuestionKeyword_signal_this_country': 0, 'QuestionKeyword_signal_this_battle': 0, 'QuestionKeyword_signal_this_composer': 0, 'QuestionKeyword_signal_this_painting': 0, 'GuessQuality_proper_noun': 1, 'GuessQuality_single_word': 0, 'GuessQuality_has_title_case': 0, 'AnswerType_expects_person': 0, 'AnswerType_expects_work': 0, 'AnswerType_expects_place': 1, 'final': np.False_}"
False,0,1,7,San Francisco Police Department,0.00,"{'Gpr_confidence': -0.39919599845250003, 'Length_char': 224, 'Length_word': 39, 'Length_guess': 31, 'Length_ten_points': 0, 'Frequency_guess': 0.0, 'GuessFormat_has_parentheses': 0, 'GuessFormat_has_quotes': 0, 'GuessFormat_word_count': 4, 'GuessFormat_has_numbers': 0, 'RunPosition_position_ratio': 0.49777777777777776, 'RunPosition_early_question': 0, 'RunPosition_late_question': 0, 'QuestionKeyword_signal_for_ten_points': 0, 'QuestionKeyword_signal_name_this': 0, 'QuestionKeyword_signal_identify_this': 0, 'QuestionKeyword_signal_what_is': 0, 'QuestionKeyword_signal_who_is': 0, 'QuestionKeyword_signal_this_author': 0, 'QuestionKeyword_signal_this_work': 0, 'QuestionKeyword_signal_this_character': 0, 'QuestionKeyword_signal_this_person': 0, 'QuestionKeyword_signal_this_country': 0, 'QuestionKeyword_signal_this_battle': 0, 'QuestionKeyword_signal_this_composer': 0, 'QuestionKeyword_signal_this_painting': 0, 'GuessQuality_proper_noun': 1, 'GuessQuality_single_word': 0, 'GuessQuality_has_title_case': 1, 'AnswerType_expects_person': 0, 'AnswerType_expects_work': 0, 'AnswerType_expects_place': 1, 'final': np.False_}"
False,0,1,11,Daughters of Bilitis,0.00,"{'Gpr_confidence': -0.17901315349226668, 'Length_char': 259, 'Length_word': 43, 'Length_guess': 20, 'Length_ten_points': 0, 'Frequency_guess': 0.0, 'GuessFormat_has_parentheses': 0, 'GuessFormat_has_quotes': 0, 'GuessFormat_word_count': 3, 'GuessFormat_has_numbers': 0, 'RunPosition_position_ratio': 0.5755555555555556, 'RunPosition_early_question': 0, 'RunPosition_late_question': 0, 'QuestionKeyword_signal_for_ten_points': 0, 'QuestionKeyword_signal_name_this': 0, 'QuestionKeyword_signal_identify_this': 0, 'QuestionKeyword_signal_what_is': 0, 'QuestionKeyword_signal_who_is': 0, 'QuestionKeyword_signal_this_author': 0, 'QuestionKeyword_signal_this_work': 0, 'QuestionKeyword_signal_this_character': 0, 'QuestionKeyword_signal_this_person': 0, 'QuestionKeyword_signal_this_country': 0, 'QuestionKeyword_signal_this_battle': 0, 'QuestionKeyword_signal_this_composer': 0, 'QuestionKeyword_signal_this_painting': 0, 'GuessQuality_proper_noun': 1, 'GuessQuality_single_word': 0, 'GuessQuality_has_title_case': 0, 'AnswerType_expects_person': 0, 'AnswerType_expects_work': 0, 'AnswerType_expects_place': 1, 'final': np.False_}"
False,0,1,14,History of San Francisco,0.00,"{'Gpr_confidence': -0.23391847689375003, 'Length_char': 282, 'Length_word': 46, 'Length_guess': 24, 'Length_ten_points': 0, 'Frequency_guess': 0.0, 'GuessFormat_has_parentheses': 0, 'GuessFormat_has_quotes': 0, 'GuessFormat_word_count': 4, 'GuessFormat_has_numbers': 0, 'RunPosition_position_ratio': 0.6266666666666667, 'RunPosition_early_question': 0, 'RunPosition_late_question': 0, 'QuestionKeyword_signal_for_ten_points': 0, 'QuestionKeyword_signal_name_this': 0, 'QuestionKeyword_signal_identify_this': 0, 'QuestionKeyword_signal_what_is': 0, 'QuestionKeyword_signal_who_is': 0, 'QuestionKeyword_signal_this_author': 0, 'QuestionKeyword_signal_this_work': 0, 'QuestionKeyword_signal_this_character': 0, 'QuestionKeyword_signal_this_person': 0, 'QuestionKeyword_signal_this_country': 0, 'QuestionKeyword_signal_this_battle': 0, 'QuestionKeyword_signal_this_composer': 0, 'QuestionKeyword_signal_this_painting': 0, 'GuessQuality_proper_noun': 1, 'GuessQuality_single_word': 0, 'GuessQuality_has_title_case': 0, 'AnswerType_expects_person': 0, 'AnswerType_expects_work': 0, 'AnswerType_expects_place': 1, 'final': np.False_}"
False,0,2,6,History of San Francisco,0.00,"{'Gpr_confidence': -0.27674634057749997, 'Length_char': 324, 'Length_word': 52, 'Length_guess': 24, 'Length_ten_points': 0, 'Frequency_guess': 0.0, 'GuessFormat_has_parentheses': 0, 'GuessFormat_has_quotes': 0, 'GuessFormat_word_count': 4, 'GuessFormat_has_numbers': 0, 'RunPosition_position_ratio': 0.72, 'RunPosition_early_question': 0, 'RunPosition_late_question': 0, 'QuestionKeyword_signal_for_ten_points': 0, 'QuestionKeyword_signal_name_this': 0, 'QuestionKeyword_signal_identify_this': 0, 'QuestionKeyword_signal_what_is': 0, 'QuestionKeyword_signal_who_is': 0, 'QuestionKeyword_signal_this_author': 0, 'QuestionKeyword_signal_this_work': 0, 'QuestionKeyword_signal_this_character': 0, 'QuestionKeyword_signal_this_person': 0, 'QuestionKeyword_signal_this_country': 0, 'QuestionKeyword_signal_this_battle': 0, 'QuestionKeyword_signal_this_composer': 0, 'QuestionKeyword_signal_this_painting': 0, 'GuessQuality_proper_noun': 1, 'GuessQuality_single_word': 0, 'GuessQuality_has_title_case': 0, 'AnswerType_expects_person': 0, 'AnswerType_expects_work': 0, 'AnswerType_expects_place': 1, 'final': np.False_}"
False,0,2,11,History of San Francisco,0.00,"{'Gpr_confidence': -0.34384292230749997, 'Length_char': 360, 'Length_word': 57, 'Length_guess': 24, 'Length_ten_points': 0, 'Frequency_guess': 0.0, 'GuessFormat_has_parentheses': 0, 'GuessFormat_has_quotes': 0, 'GuessFormat_word_count': 4, 'GuessFormat_has_numbers': 0, 'RunPosition_position_ratio': 0.8, 'RunPosition_early_question': 0, 'RunPosition_late_question': 1, 'QuestionKeyword_signal_for_ten_points': 0, 'QuestionKeyword_signal_name_this': 0, 'QuestionKeyword_signal_identify_this': 0, 'QuestionKeyword_signal_what_is': 0, 'QuestionKeyword_signal_who_is': 0, 'QuestionKeyword_signal_this_author': 0, 'QuestionKeyword_signal_this_work': 0, 'QuestionKeyword_signal_this_character': 0, 'QuestionKeyword_signal_this_person': 0, 'QuestionKeyword_signal_this_country': 0, 'QuestionKeyword_signal_this_battle': 0, 'QuestionKeyword_signal_this_composer': 0, 'QuestionKeyword_signal_this_painting': 0, 'GuessQuality_proper_noun': 1, 'GuessQuality_single_word': 0, 'GuessQuality_has_title_case': 0, 'AnswerType_expects_person': 0, 'AnswerType_expects_work': 0, 'AnswerType_expects_place': 1, 'final': np.False_}"
False,0,2,15,History of San Francisco,0.00,"{'Gpr_confidence': -0.22053030109250002, 'Length_char': 379, 'Length_word': 61, 'Length_guess': 24, 'Length_ten_points': 0, 'Frequency_guess': 0.0, 'GuessFormat_has_parentheses': 0, 'GuessFormat_has_quotes': 0, 'GuessFormat_word_count': 4, 'GuessFormat_has_numbers': 0, 'RunPosition_position_ratio': 0.8422222222222222, 'RunPosition_early_question': 0, 'RunPosition_late_question': 1, 'QuestionKeyword_signal_for_ten_points': 0, 'QuestionKeyword_signal_name_this': 0, 'QuestionKeyword_signal_identify_this': 0, 'QuestionKeyword_signal_what_is': 0, 'QuestionKeyword_signal_who_is': 0, 'QuestionKeyword_signal_this_author': 0, 'QuestionKeyword_signal_this_work': 0, 'QuestionKeyword_signal_this_character': 0, 'QuestionKeyword_signal_this_person': 0, 'QuestionKeyword_signal_this_country': 0, 'QuestionKeyword_signal_this_battle': 0, 'QuestionKeyword_signal_this_composer': 0, 'QuestionKeyword_signal_this_painting': 0, 'GuessQuality_proper_noun': 1, 'GuessQuality_single_word': 0, 'GuessQuality_has_title_case': 0, 'AnswerType_expects_person': 0, 'AnswerType_expects_work': 0, 'AnswerType_expects_place': 1, 'final': np.False_}"
False,0,3,8,History of San Francisco,0.00,"{'Gpr_confidence': -0.19346150803849999, 'Length_char': 419, 'Length_word': 69, 'Length_guess': 24, 'Length_ten_points': 0, 'Frequency_guess': 0.0, 'GuessFormat_has_parentheses': 0, 'GuessFormat_has_quotes': 0, 'GuessFormat_word_count': 4, 'GuessFormat_has_numbers': 0, 'RunPosition_position_ratio': 0.9311111111111111, 'RunPosition_early_question': 0, 'RunPosition_late_question': 1, 'QuestionKeyword_signal_for_ten_points': 0, 'QuestionKeyword_signal_name_this': 0, 'QuestionKeyword_signal_identify_this': 0, 'QuestionKeyword_signal_what_is': 0, 'QuestionKeyword_signal_who_is': 0, 'QuestionKeyword_signal_this_author': 0, 'QuestionKeyword_signal_this_work': 0, 'QuestionKeyword_signal_this_character': 0, 'QuestionKeyword_signal_this_person': 0, 'QuestionKeyword_signal_this_country': 0, 'QuestionKeyword_signal_this_battle': 0, 'QuestionKeyword_signal_this_composer': 0, 'QuestionKeyword_signal_this_painting': 0, 'GuessQuality_proper_noun': 1, 'GuessQuality_single_word': 0, 'GuessQuality_has_title_case': 0, 'AnswerType_expects_person': 0, 'AnswerType_expects_work': 0, 'AnswerType_expects_place': 1, 'final': np.False_}"
False,0,3,15,History of San Francisco,0.00,"{'Gpr_confidence': -0.13533491593825, 'Length_char': 457, 'Length_word': 76, 'Length_guess': 24, 'Length_ten_points': 0, 'Frequency_guess': 0.0, 'GuessFormat_has_parentheses': 0, 'GuessFormat_has_quotes': 0, 'GuessFormat_word_count': 4, 'GuessFormat_has_numbers': 0, 'RunPosition_position_ratio': 1.0155555555555555, 'RunPosition_early_question': 0, 'RunPosition_late_question': 1, 'QuestionKeyword_signal_for_ten_points': 0, 'QuestionKeyword_signal_name_this': 0, 'QuestionKeyword_signal_identify_this': 0, 'QuestionKeyword_signal_what_is': 0, 'QuestionKeyword_signal_who_is': 0, 'QuestionKeyword_signal_this_author': 0, 'QuestionKeyword_signal_this_work': 0, 'QuestionKeyword_signal_this_character': 0, 'QuestionKeyword_signal_this_person': 0, 'QuestionKeyword_signal_this_country': 0, 'QuestionKeyword_signal_this_battle': 0, 'QuestionKeyword_signal_this_composer': 0, 'QuestionKeyword_signal_this_painting': 0, 'GuessQuality_proper_noun': 1, 'GuessQuality_single_word': 0, 'GuessQuality_has_title_case': 0, 'AnswerType_expects_person': 0, 'AnswerType_expects_work': 0, 'AnswerType_expects_place': 1, 'final': np.False_}"
False,0,3,18,History of San Francisco,0.00,"{'Gpr_confidence': -0.0617947490175, 'Length_char': 479, 'Length_word': 79, 'Length_guess': 24, 'Length_ten_points': 0, 'Frequency_guess': 0.0, 'GuessFormat_has_parentheses': 0, 'GuessFormat_has_quotes': 0, 'GuessFormat_word_count': 4, 'GuessFormat_has_numbers': 0, 'RunPosition_position_ratio': 1.0644444444444445, 'RunPosition_early_question': 0, 'RunPosition_late_question': 1, 'QuestionKeyword_signal_for_ten_points': 0, 'QuestionKeyword_signal_name_this': 0, 'QuestionKeyword_signal_identify_this': 0, 'QuestionKeyword_signal_what_is': 0, 'QuestionKeyword_signal_who_is': 0, 'QuestionKeyword_signal_this_author': 0, 'QuestionKeyword_signal_this_work': 0, 'QuestionKeyword_signal_this_character': 0, 'QuestionKeyword_signal_this_person': 0, 'QuestionKeyword_signal_this_country': 0, 'QuestionKeyword_signal_this_battle': 0, 'QuestionKeyword_signal_this_composer': 0, 'QuestionKeyword_signal_this_painting': 0, 'GuessQuality_proper_noun': 1, 'GuessQuality_single_word': 0, 'GuessQuality_has_title_case': 0, 'AnswerType_expects_person': 0, 'AnswerType_expects_work': 0, 'AnswerType_expects_place': 1, 'final': np.False_}"
False,0,4,6,San Francisco in the 1970s,0.00,"{'Gpr_confidence': -0.223917324594625, 'Length_char': 521, 'Length_word': 85, 'Length_guess': 26, 'Length_ten_points': 0, 'Frequency_guess': 0.0, 'GuessFormat_has_parentheses': 0, 'GuessFormat_has_quotes': 0, 'GuessFormat_word_count': 5, 'GuessFormat_has_numbers': 1, 'RunPosition_position_ratio': 1.1577777777777778, 'RunPosition_early_question': 0, 'RunPosition_late_question': 1, 'QuestionKeyword_signal_for_ten_points': 0, 'QuestionKeyword_signal_name_this': 0, 'QuestionKeyword_signal_identify_this': 0, 'QuestionKeyword_signal_what_is': 0, 'QuestionKeyword_signal_who_is': 0, 'QuestionKeyword_signal_this_author': 0, 'QuestionKeyword_signal_this_work': 0, 'QuestionKeyword_signal_this_character': 0, 'QuestionKeyword_signal_this_person': 0, 'QuestionKeyword_signal_this_country': 0, 'QuestionKeyword_signal_this_battle': 0, 'QuestionKeyword_signal_this_composer': 0, 'QuestionKeyword_signal_this_painting': 0, 'GuessQuality_proper_noun': 1, 'GuessQuality_single_word': 0, 'GuessQuality_has_title_case': 0, 'AnswerType_expects_person': 0, 'AnswerType_expects_work': 0, 'AnswerType_expects_place': 2, 'final': np.False_}"
False,0,4,12,History of San Francisco,0.00,"{'Gpr_confidence': -0.12269164560425, 'Length_char': 556, 'Length_word': 91, 'Length_guess': 24, 'Length_ten_points': 0, 'Frequency_guess': 0.0, 'GuessFormat_has_parentheses': 0, 'GuessFormat_has_quotes': 0, 'GuessFormat_word_count': 4, 'GuessFormat_has_numbers': 0, 'RunPosition_position_ratio': 1.2355555555555555, 'RunPosition_early_question': 0, 'RunPosition_late_question': 1, 'QuestionKeyword_signal_for_ten_points': 0, 'QuestionKeyword_signal_name_this': 0, 'QuestionKeyword_signal_identify_this': 0, 'QuestionKeyword_signal_what_is': 0, 'QuestionKeyword_signal_who_is': 0, 'QuestionKeyword_signal_this_author': 0, 'QuestionKeyword_signal_this_work': 0, 'QuestionKeyword_signal_this_character': 0, 'QuestionKeyword_signal_this_person': 0, 'QuestionKeyword_signal_this_country': 0, 'QuestionKeyword_signal_this_battle': 0, 'QuestionKeyword_signal_this_composer': 0, 'QuestionKeyword_signal_this_painting': 0, 'GuessQuality_proper_noun': 1, 'GuessQuality_single_word': 0, 'GuessQuality_has_title_case': 0, 'AnswerType_expects_person': 0, 'AnswerType_expects_work': 0, 'AnswerType_expects_place': 2, 'final': np.False_}"
False,0,4,17,History of San Francisco,0.00,"{'Gpr_confidence': -0.0759155213965, 'Length_char': 589, 'Length_word': 96, 'Length_guess': 24, 'Length_ten_points': 0, 'Frequency_guess': 0.0, 'GuessFormat_has_parentheses': 0, 'GuessFormat_has_quotes': 0, 'GuessFormat_word_count': 4, 'GuessFormat_has_numbers': 0, 'RunPosition_position_ratio': 1.308888888888889, 'RunPosition_early_question': 0, 'RunPosition_late_question': 1, 'QuestionKeyword_signal_for_ten_points': 0, 'QuestionKeyword_signal_name_this': 0, 'QuestionKeyword_signal_identify_this': 0, 'QuestionKeyword_signal_what_is': 0, 'QuestionKeyword_signal_who_is': 0, 'QuestionKeyword_signal_this_author': 0, 'QuestionKeyword_signal_this_work': 0, 'QuestionKeyword_signal_this_character': 0, 'QuestionKeyword_signal_this_person': 0, 'QuestionKeyword_signal_this_country': 0, 'QuestionKeyword_signal_this_battle': 0, 'QuestionKeyword_signal_this_composer': 0, 'QuestionKeyword_signal_this_painting': 0, 'GuessQuality_proper_noun': 1, 'GuessQuality_single_word': 0, 'GuessQuality_has_title_case': 0, 'AnswerType_expects_person': 0, 'AnswerType_expects_work': 0, 'AnswerType_expects_place': 2, 'final': np.False_}"
False,0,4,21,History of San Francisco,0.00,"{'Gpr_confidence': -0.22758518729750002, 'Length_char': 613, 'Length_word': 100, 'Length_guess': 24, 'Length_ten_points': 0, 'Frequency_guess': 0.0, 'GuessFormat_has_parentheses': 0, 'GuessFormat_has_quotes': 0, 'GuessFormat_word_count': 4, 'GuessFormat_has_numbers': 0, 'RunPosition_position_ratio': 1.3622222222222222, 'RunPosition_early_question': 0, 'RunPosition_late_question': 1, 'QuestionKeyword_signal_for_ten_points': 0, 'QuestionKeyword_signal_name_this': 0, 'QuestionKeyword_signal_identify_this': 0, 'QuestionKeyword_signal_what_is': 0, 'QuestionKeyword_signal_who_is': 0, 'QuestionKeyword_signal_this_author': 0, 'QuestionKeyword_signal_this_work': 0, 'QuestionKeyword_signal_this_character': 0, 'QuestionKeyword_signal_this_person': 0, 'QuestionKeyword_signal_this_country': 0, 'QuestionKeyword_signal_this_battle': 0, 'QuestionKeyword_signal_this_composer': 0, 'QuestionKeyword_signal_this_painting': 0, 'GuessQuality_proper_noun': 1, 'GuessQuality_single_word': 0, 'GuessQuality_has_title_case': 0, 'AnswerType_expects_person': 0, 'AnswerType_expects_work': 0, 'AnswerType_expects_place': 2, 'final': np.False_}"
False,0,5,7,History of San Francisco,0.00,"{'Gpr_confidence': -0.31580452016125, 'Length_char': 651, 'Length_word': 107, 'Length_guess': 24, 'Length_ten_points': 0, 'Frequency_guess': 0.0, 'GuessFormat_has_parentheses': 0, 'GuessFormat_has_quotes': 0, 'GuessFormat_word_count': 4, 'GuessFormat_has_numbers': 0, 'RunPosition_position_ratio': 1.4466666666666668, 'RunPosition_early_question': 0, 'RunPosition_late_question': 1, 'QuestionKeyword_signal_for_ten_points': 0, 'QuestionKeyword_signal_name_this': 0, 'QuestionKeyword_signal_identify_this': 0, 'QuestionKeyword_signal_what_is': 0, 'QuestionKeyword_signal_who_is': 0, 'QuestionKeyword_signal_this_author': 0, 'QuestionKeyword_signal_this_work': 0, 'QuestionKeyword_signal_this_character': 0, 'QuestionKeyword_signal_this_person': 0, 'QuestionKeyword_signal_this_country': 0, 'QuestionKeyword_signal_this_battle': 0, 'QuestionKeyword_signal_this_composer': 0, 'QuestionKeyword_signal_this_painting': 0, 'GuessQuality_proper_noun': 1, 'GuessQuality_single_word': 0, 'GuessQuality_has_title_case': 0, 'AnswerType_expects_person': 0, 'AnswerType_expects_work': 0, 'AnswerType_expects_place': 2, 'final': np.False_}"
False,0,5,13,History of San Francisco,0.00,"{'Gpr_confidence': -0.19020494386675, 'Length_char': 685, 'Length_word': 113, 'Length_guess': 24, 'Length_ten_points': 0, 'Frequency_guess': 0.0, 'GuessFormat_has_parentheses': 0, 'GuessFormat_has_quotes': 0, 'GuessFormat_word_count': 4, 'GuessFormat_has_numbers': 0, 'RunPosition_position_ratio': 1.5222222222222221, 'RunPosition_early_question': 0, 'RunPosition_late_question': 1, 'QuestionKeyword_signal_for_ten_points': 0, 'QuestionKeyword_signal_name_this': 0, 'QuestionKeyword_signal_identify_this': 0, 'QuestionKeyword_signal_what_is': 0, 'QuestionKeyword_signal_who_is': 0, 'QuestionKeyword_signal_this_author': 0, 'QuestionKeyword_signal_this_work': 0, 'QuestionKeyword_signal_this_character': 0, 'QuestionKeyword_signal_this_person': 0, 'QuestionKeyword_signal_this_country': 0, 'QuestionKeyword_signal_this_battle': 0, 'QuestionKeyword_signal_this_composer': 0, 'QuestionKeyword_signal_this_painting': 0, 'GuessQuality_proper_noun': 1, 'GuessQuality_single_word': 0, 'GuessQuality_has_title_case': 0, 'AnswerType_expects_person': 0, 'AnswerType_expects_work': 0, 'AnswerType_expects_place': 2, 'final': np.False_}"
True,0,5,17,San Francisco,0.00,"{'Gpr_confidence': -0.058570805633, 'Length_char': 716, 'Length_word': 117, 'Length_guess': 13, 'Length_ten_points': 0, 'Frequency_guess': 3.5263605246161616, 'GuessFormat_has_parentheses': 0, 'GuessFormat_has_quotes': 0, 'GuessFormat_word_count': 2, 'GuessFormat_has_numbers': 0, 'RunPosition_position_ratio': 1.5911111111111111, 'RunPosition_early_question': 0, 'RunPosition_late_question': 1, 'QuestionKeyword_signal_for_ten_points': 0, 'QuestionKeyword_signal_name_this': 0, 'QuestionKeyword_signal_identify_this': 0, 'QuestionKeyword_signal_what_is': 0, 'QuestionKeyword_signal_who_is': 0, 'QuestionKeyword_signal_this_author': 0, 'QuestionKeyword_signal_this_work': 0, 'QuestionKeyword_signal_this_character': 0, 'QuestionKeyword_signal_this_person': 0, 'QuestionKeyword_signal_this_country': 0, 'QuestionKeyword_signal_this_battle': 0, 'QuestionKeyword_signal_this_composer': 0, 'QuestionKeyword_signal_this_painting': 0, 'GuessQuality_proper_noun': 1, 'GuessQuality_single_word': 0, 'GuessQuality_has_title_case': 1, 'AnswerType_expects_person': 0, 'AnswerType_expects_work': 0, 'AnswerType_expects_place': 2, 'final': np.True_}"
True,0,5,17,San Francisco,0.00,"{'Gpr_confidence': -0.058570805633, 'Length_char': 716, 'Length_word': 117, 'Length_guess': 13, 'Length_ten_points': 0, 'Frequency_guess': 3.5263605246161616, 'GuessFormat_has_parentheses': 0, 'GuessFormat_has_quotes': 0, 'GuessFormat_word_count': 2, 'GuessFormat_has_numbers': 0, 'RunPosition_position_ratio': 1.5911111111111111, 'RunPosition_early_question': 0, 'RunPosition_late_question': 1, 'QuestionKeyword_signal_for_ten_points': 0, 'QuestionKeyword_signal_name_this': 0, 'QuestionKeyword_signal_identify_this': 0, 'QuestionKeyword_signal_what_is': 0, 'QuestionKeyword_signal_who_is': 0, 'QuestionKeyword_signal_this_author': 0, 'QuestionKeyword_signal_this_work': 0, 'QuestionKeyword_signal_this_character': 0, 'QuestionKeyword_signal_this_person': 0, 'QuestionKeyword_signal_this_country': 0, 'QuestionKeyword_signal_this_battle': 0, 'QuestionKeyword_signal_this_composer': 0, 'QuestionKeyword_signal_this_painting': 0, 'GuessQuality_proper_noun': 1, 'GuessQuality_single_word': 0, 'GuessQuality_has_title_case': 1, 'AnswerType_expects_person': 0, 'AnswerType_expects_work': 0, 'AnswerType_expects_place': 2, 'final': np.True_}"
False,1,0,7,Virulence,0.00,"{'Gpr_confidence': -0.10299292307, 'Length_char': 39, 'Length_word': 7, 'Length_guess': 9, 'Length_ten_points': 0, 'Frequency_guess': 0.0, 'GuessFormat_has_parentheses': 0, 'GuessFormat_has_quotes': 0, 'GuessFormat_word_count': 1, 'GuessFormat_has_numbers': 0, 'RunPosition_position_ratio': 0.08666666666666667, 'RunPosition_early_question': 1, 'RunPosition_late_question': 0, 'QuestionKeyword_signal_for_ten_points': 0, 'QuestionKeyword_signal_name_this': 0, 'QuestionKeyword_signal_identify_this': 0, 'QuestionKeyword_signal_what_is': 0, 'QuestionKeyword_signal_who_is': 0, 'QuestionKeyword_signal_this_author': 0, 'QuestionKeyword_signal_this_work': 0, 'QuestionKeyword_signal_this_character': 0, 'QuestionKeyword_signal_this_person': 0, 'QuestionKeyword_signal_this_country': 0, 'QuestionKeyword_signal_this_battle': 0, 'QuestionKeyword_signal_this_composer': 0, 'QuestionKeyword_signal_this_painting': 0, 'GuessQuality_proper_noun': 1, 'GuessQuality_single_word': 1, 'GuessQuality_has_title_case': 1, 'AnswerType_expects_person': 0, 'AnswerType_expects_work': 0, 'AnswerType_expects_place': 0, 'final': np.False_}"
False,1,0,13,Virulence factor,0.00,"{'Gpr_confidence': -0.2876261985333333, 'Length_char': 72, 'Length_word': 13, 'Length_guess': 16, 'Length_ten_points': 0, 'Frequency_guess': 0.0, 'GuessFormat_has_parentheses': 0, 'GuessFormat_has_quotes': 0, 'GuessFormat_word_count': 2, 'GuessFormat_has_numbers': 0, 'RunPosition_position_ratio': 0.16, 'RunPosition_early_question': 1, 'RunPosition_late_question': 0, 'QuestionKeyword_signal_for_ten_points': 0, 'QuestionKeyword_signal_name_this': 0, 'QuestionKeyword_signal_identify_this': 0, 'QuestionKeyword_signal_what_is': 0, 'QuestionKeyword_signal_who_is': 0, 'QuestionKeyword_signal_this_author': 0, 'QuestionKeyword_signal_this_work': 0, 'QuestionKeyword_signal_this_character': 0, 'QuestionKeyword_signal_this_person': 0, 'QuestionKeyword_signal_this_country': 0, 'QuestionKeyword_signal_this_battle': 0, 'QuestionKeyword_signal_this_composer': 0, 'QuestionKeyword_signal_this_painting': 0, 'GuessQuality_proper_noun': 1, 'GuessQuality_single_word': 0, 'GuessQuality_has_title_case': 0, 'AnswerType_expects_person': 0, 'AnswerType_expects_work': 0, 'AnswerType_expects_place': 0, 'final': np.False_}"
False,1,0,19,Vibrio cholerae,0.00,"{'Gpr_confidence': -0.13521655920558334, 'Length_char': 111, 'Length_word': 19, 'Length_guess': 15, 'Length_ten_points': 0, 'Frequency_guess': 0.0, 'GuessFormat_has_parentheses': 0, 'GuessFormat_has_quotes': 0, 'GuessFormat_word_count': 2, 'GuessFormat_has_numbers': 0, 'RunPosition_position_ratio': 0.24666666666666667, 'RunPosition_early_question': 1, 'RunPosition_late_question': 0, 'QuestionKeyword_signal_for_ten_points': 0, 'QuestionKeyword_signal_name_this': 0, 'QuestionKeyword_signal_identify_this': 0, 'QuestionKeyword_signal_what_is': 0, 'QuestionKeyword_signal_who_is': 0, 'QuestionKeyword_signal_this_author': 0, 'QuestionKeyword_signal_this_work': 0, 'QuestionKeyword_signal_this_character': 0, 'QuestionKeyword_signal_this_person': 0, 'QuestionKeyword_signal_this_country': 0, 'QuestionKeyword_signal_this_battle': 0, 'QuestionKeyword_signal_this_composer': 0, 'QuestionKeyword_signal_this_painting': 0, 'GuessQuality_proper_noun': 1, 'GuessQuality_single_word': 0, 'GuessQuality_has_title_case': 0, 'AnswerType_expects_person': 0, 'AnswerType_expects_work': 0, 'AnswerType_expects_place': 0, 'final': np.False_}"
False,1,0,23,Vibrio cholerae,0.00,"{'Gpr_confidence': -0.0383712100395, 'Length_char': 135, 'Length_word': 23, 'Length_guess': 15, 'Length_ten_points': 0, 'Frequency_guess': 0.0, 'GuessFormat_has_parentheses': 0, 'GuessFormat_has_quotes': 0, 'GuessFormat_word_count': 2, 'GuessFormat_has_numbers': 0, 'RunPosition_position_ratio': 0.3, 'RunPosition_early_question': 0, 'RunPosition_late_question': 0, 'QuestionKeyword_signal_for_ten_points': 0, 'QuestionKeyword_signal_name_this': 0, 'QuestionKeyword_signal_identify_this': 0, 'QuestionKeyword_signal_what_is': 0, 'QuestionKeyword_signal_who_is': 0, 'QuestionKeyword_signal_this_author': 0, 'QuestionKeyword_signal_this_work': 0, 'QuestionKeyword_signal_this_character': 0, 'QuestionKeyword_signal_this_person': 0, 'QuestionKeyword_signal_this_country': 0, 'QuestionKeyword_signal_this_battle': 0, 'QuestionKeyword_signal_this_composer': 0, 'QuestionKeyword_signal_this_painting': 0, 'GuessQuality_proper_noun': 1, 'GuessQuality_single_word': 0, 'GuessQuality_has_title_case': 0, 'AnswerType_expects_person': 0, 'AnswerType_expects_work': 0, 'AnswerType_expects_place': 0, 'final': np.False_}"
False,1,1,6,Vibrio cholerae,0.00,"{'Gpr_confidence': -0.0087326110315, 'Length_char': 174, 'Length_word': 29, 'Length_guess': 15, 'Length_ten_points': 0, 'Frequency_guess': 0.0, 'GuessFormat_has_parentheses': 0, 'GuessFormat_has_quotes': 0, 'GuessFormat_word_count': 2, 'GuessFormat_has_numbers': 0, 'RunPosition_position_ratio': 0.38666666666666666, 'RunPosition_early_question': 0, 'RunPosition_late_question': 0, 'QuestionKeyword_signal_for_ten_points': 0, 'QuestionKeyword_signal_name_this': 0, 'QuestionKeyword_signal_identify_this': 0, 'QuestionKeyword_signal_what_is': 0, 'QuestionKeyword_signal_who_is': 0, 'QuestionKeyword_signal_this_author': 0, 'QuestionKeyword_signal_this_work': 0, 'QuestionKeyword_signal_this_character': 0, 'QuestionKeyword_signal_this_person': 0, 'QuestionKeyword_signal_this_country': 0, 'QuestionKeyword_signal_this_battle': 0, 'QuestionKeyword_signal_this_composer': 0, 'QuestionKeyword_signal_this_painting': 0, 'GuessQuality_proper_noun': 1, 'GuessQuality_single_word': 0, 'GuessQuality_has_title_case': 0, 'AnswerType_expects_person': 0, 'AnswerType_expects_work': 0, 'AnswerType_expects_place': 0, 'final': np.False_}"
False,1,1,13,Vibrio cholerae,0.00,"{'Gpr_confidence': -0.10228421878828335, 'Length_char': 207, 'Length_word': 36, 'Length_guess': 15, 'Length_ten_points': 0, 'Frequency_guess': 0.0, 'GuessFormat_has_parentheses': 0, 'GuessFormat_has_quotes': 0, 'GuessFormat_word_count': 2, 'GuessFormat_has_numbers': 0, 'RunPosition_position_ratio': 0.46, 'RunPosition_early_question': 0, 'RunPosition_late_question': 0, 'QuestionKeyword_signal_for_ten_points': 0, 'QuestionKeyword_signal_name_this': 0, 'QuestionKeyword_signal_identify_this': 0, 'QuestionKeyword_signal_what_is': 0, 'QuestionKeyword_signal_who_is': 0, 'QuestionKeyword_signal_this_author': 0, 'QuestionKeyword_signal_this_work': 0, 'QuestionKeyword_signal_this_character': 0, 'QuestionKeyword_signal_this_person': 0, 'QuestionKeyword_signal_this_country': 0, 'QuestionKeyword_signal_this_battle': 0, 'QuestionKeyword_signal_this_composer': 0, 'QuestionKeyword_signal_this_painting': 0, 'GuessQuality_proper_noun': 1, 'GuessQuality_single_word': 0, 'GuessQuality_has_title_case': 0, 'AnswerType_expects_person': 0, 'AnswerType_expects_work': 0, 'AnswerType_expects_place': 0, 'final': np.False_}"
False,1,1,18,Vibrio cholerae,0.00,"{'Gpr_confidence': -0.097856503291, 'Length_char': 245, 'Length_word': 41, 'Length_guess': 15, 'Length_ten_points': 0, 'Frequency_guess': 0.0, 'GuessFormat_has_parentheses': 0, 'GuessFormat_has_quotes': 0, 'GuessFormat_word_count': 2, 'GuessFormat_has_numbers': 0, 'RunPosition_position_ratio': 0.5444444444444444, 'RunPosition_early_question': 0, 'RunPosition_late_question': 0, 'QuestionKeyword_signal_for_ten_points': 0, 'QuestionKeyword_signal_name_this': 0, 'QuestionKeyword_signal_identify_this': 0, 'QuestionKeyword_signal_what_is': 0, 'QuestionKeyword_signal_who_is': 0, 'QuestionKeyword_signal_this_author': 0, 'QuestionKeyword_signal_this_work': 0, 'QuestionKeyword_signal_this_character': 0, 'QuestionKeyword_signal_this_person': 0, 'QuestionKeyword_signal_this_country': 0, 'QuestionKeyword_signal_this_battle': 0, 'QuestionKeyword_signal_this_composer': 0, 'QuestionKeyword_signal_this_painting': 0, 'GuessQuality_proper_noun': 1, 'GuessQuality_single_word': 0, 'GuessQuality_has_title_case': 0, 'AnswerType_expects_person': 0, 'AnswerType_expects_work': 0, 'AnswerType_expects_place': 0, 'final': np.False_}"
True,1,1,24,Cholera,0.00,"{'Gpr_confidence': -0.11110444529056668, 'Length_char': 280, 'Length_word': 47, 'Length_guess': 7, 'Length_ten_points': 0, 'Frequency_guess': 2.4849066497880004, 'GuessFormat_has_parentheses': 0, 'GuessFormat_has_quotes': 0, 'GuessFormat_word_count': 1, 'GuessFormat_has_numbers': 0, 'RunPosition_position_ratio': 0.6222222222222222, 'RunPosition_early_question': 0, 'RunPosition_late_question': 0, 'QuestionKeyword_signal_for_ten_points': 0, 'QuestionKeyword_signal_name_this': 0, 'QuestionKeyword_signal_identify_this': 0, 'QuestionKeyword_signal_what_is': 0, 'QuestionKeyword_signal_who_is': 0, 'QuestionKeyword_signal_this_author': 0, 'QuestionKeyword_signal_this_work': 0, 'QuestionKeyword_signal_this_character': 0, 'QuestionKeyword_signal_this_person': 0, 'QuestionKeyword_signal_this_country': 0, 'QuestionKeyword_signal_this_battle': 0, 'QuestionKeyword_signal_this_composer': 0, 'QuestionKeyword_signal_this_painting': 0, 'GuessQuality_proper_noun': 1, 'GuessQuality_single_word': 1, 'GuessQuality_has_title_case': 1, 'AnswerType_expects_person': 0, 'AnswerType_expects_work': 0, 'AnswerType_expects_place': 0, 'final': np.True_}"
False,1,1,29,Cholera toxin,0.00,"{'Gpr_confidence': -0.285367333442125, 'Length_char': 314, 'Length_word': 52, 'Length_guess': 13, 'Length_ten_points': 0, 'Frequency_guess': 0.0, 'GuessFormat_has_parentheses': 0, 'GuessFormat_has_quotes': 0, 'GuessFormat_word_count': 2, 'GuessFormat_has_numbers': 0, 'RunPosition_position_ratio': 0.6977777777777778, 'RunPosition_early_question': 0, 'RunPosition_late_question': 0, 'QuestionKeyword_signal_for_ten_points': 0, 'QuestionKeyword_signal_name_this': 0, 'QuestionKeyword_signal_identify_this': 0, 'QuestionKeyword_signal_what_is': 0, 'QuestionKeyword_signal_who_is': 0, 'QuestionKeyword_signal_this_author': 0, 'QuestionKeyword_signal_this_work': 0, 'QuestionKeyword_signal_this_character': 0, 'QuestionKeyword_signal_this_person': 0, 'QuestionKeyword_signal_this_country': 0, 'QuestionKeyword_signal_this_battle': 0, 'QuestionKeyword_signal_this_composer': 0, 'QuestionKeyword_signal_this_painting': 0, 'GuessQuality_proper_noun': 1, 'GuessQuality_single_word': 0, 'GuessQuality_has_title_case': 0, 'AnswerType_expects_person': 0, 'AnswerType_expects_work': 0, 'AnswerType_expects_place': 0, 'final': np.False_}"
False,1,1,34,Cholera toxin,0.00,"{'Gpr_confidence': -0.18208628596200002, 'Length_char': 350, 'Length_word': 57, 'Length_guess': 13, 'Length_ten_points': 0, 'Frequency_guess': 0.0, 'GuessFormat_has_parentheses': 0, 'GuessFormat_has_quotes': 0, 'GuessFormat_word_count': 2, 'GuessFormat_has_numbers': 0, 'RunPosition_position_ratio': 0.7777777777777778, 'RunPosition_early_question': 0, 'RunPosition_late_question': 1, 'QuestionKeyword_signal_for_ten_points': 0, 'QuestionKeyword_signal_name_this': 0, 'QuestionKeyword_signal_identify_this': 0, 'QuestionKeyword_signal_what_is': 0, 'QuestionKeyword_signal_who_is': 0, 'QuestionKeyword_signal_this_author': 0, 'QuestionKeyword_signal_this_work': 0, 'QuestionKeyword_signal_this_character': 0, 'QuestionKeyword_signal_this_person': 0, 'QuestionKeyword_signal_this_country': 0, 'QuestionKeyword_signal_this_battle': 0, 'QuestionKeyword_signal_this_composer': 0, 'QuestionKeyword_signal_this_painting': 0, 'GuessQuality_proper_noun': 1, 'GuessQuality_single_word': 0, 'GuessQuality_has_title_case': 0, 'AnswerType_expects_person': 0, 'AnswerType_expects_work': 0, 'AnswerType_expects_place': 0, 'final': np.False_}"
True,1,2,5,Cholera,0.00,"{'Gpr_confidence': -0.045896060436333326, 'Length_char': 389, 'Length_word': 62, 'Length_guess': 7, 'Length_ten_points': 0, 'Frequency_guess': 2.4849066497880004, 'GuessFormat_has_parentheses': 0, 'GuessFormat_has_quotes': 0, 'GuessFormat_word_count': 1, 'GuessFormat_has_numbers': 0, 'RunPosition_position_ratio': 0.8644444444444445, 'RunPosition_early_question': 0, 'RunPosition_late_question': 1, 'QuestionKeyword_signal_for_ten_points': 0, 'QuestionKeyword_signal_name_this': 0, 'QuestionKeyword_signal_identify_this': 0, 'QuestionKeyword_signal_what_is': 0, 'QuestionKeyword_signal_who_is': 0, 'QuestionKeyword_signal_this_author': 0, 'QuestionKeyword_signal_this_work': 0, 'QuestionKeyword_signal_this_character': 0, 'QuestionKeyword_signal_this_person': 0, 'QuestionKeyword_signal_this_country': 0, 'QuestionKeyword_signal_this_battle': 0, 'QuestionKeyword_signal_this_composer': 0, 'QuestionKeyword_signal_this_painting': 0, 'GuessQuality_proper_noun': 1, 'GuessQuality_single_word': 1, 'GuessQuality_has_title_case': 1, 'AnswerType_expects_person': 0, 'AnswerType_expects_work': 0, 'AnswerType_expects_place': 0, 'final': np.True_}"
True,1,2,10,Cholera,0.00,"{'Gpr_confidence': -0.10010275209366669, 'Length_char': 427, 'Length_word': 67, 'Length_guess': 7, 'Length_ten_points': 0, 'Frequency_guess': 2.4849066497880004, 'GuessFormat_has_parentheses': 0, 'GuessFormat_has_quotes': 0, 'GuessFormat_word_count': 1, 'GuessFormat_has_numbers': 0, 'RunPosition_position_ratio': 0.9488888888888889, 'RunPosition_early_question': 0, 'RunPosition_late_question': 1, 'QuestionKeyword_signal_for_ten_points': 0, 'QuestionKeyword_signal_name_this': 0, 'QuestionKeyword_signal_identify_this': 0, 'QuestionKeyword_signal_what_is': 0, 'QuestionKeyword_signal_who_is': 0, 'QuestionKeyword_signal_this_author': 0, 'QuestionKeyword_signal_this_work': 0, 'QuestionKeyword_signal_this_character': 0, 'QuestionKeyword_signal_this_person': 0, 'QuestionKeyword_signal_this_country': 0, 'QuestionKeyword_signal_this_battle': 0, 'QuestionKeyword_signal_this_composer': 0, 'QuestionKeyword_signal_this_painting': 0, 'GuessQuality_proper_noun': 1, 'GuessQuality_single_word': 1, 'GuessQuality_has_title_case': 1, 'AnswerType_expects_person': 0, 'AnswerType_expects_work': 0, 'AnswerType_expects_place': 0, 'final': np.True_}"
True,1,2,15,Cholera,0.00,"{'Gpr_confidence': -0.008893045882333334, 'Length_char': 461, 'Length_word': 72, 'Length_guess': 7, 'Length_ten_points': 0, 'Frequency_guess': 2.4849066497880004, 'GuessFormat_has_parentheses': 0, 'GuessFormat_has_quotes': 0, 'GuessFormat_word_count': 1, 'GuessFormat_has_numbers': 0, 'RunPosition_position_ratio': 1.0244444444444445, 'RunPosition_early_question': 0, 'RunPosition_late_question': 1, 'QuestionKeyword_signal_for_ten_points': 0, 'QuestionKeyword_signal_name_this': 0, 'QuestionKeyword_signal_identify_this': 0, 'QuestionKeyword_signal_what_is': 0, 'QuestionKeyword_signal_who_is': 0, 'QuestionKeyword_signal_this_author': 0, 'QuestionKeyword_signal_this_work': 0, 'QuestionKeyword_signal_this_character': 0, 'QuestionKeyword_signal_this_person': 0, 'QuestionKeyword_signal_this_country': 0, 'QuestionKeyword_signal_this_battle': 0, 'QuestionKeyword_signal_this_composer': 0, 'QuestionKeyword_signal_this_painting': 0, 'GuessQuality_proper_noun': 1, 'GuessQuality_single_word': 1, 'GuessQuality_has_title_case': 1, 'AnswerType_expects_person': 0, 'AnswerType_expects_work': 0, 'AnswerType_expects_place': 0, 'final': np.True_}"
True,1,2,20,Cholera,0.00,"{'Gpr_confidence': -0.018145242513, 'Length_char': 495, 'Length_word': 77, 'Length_guess': 7, 'Length_ten_points': 0, 'Frequency_guess': 2.4849066497880004, 'GuessFormat_has_parentheses': 0, 'GuessFormat_has_quotes': 0, 'GuessFormat_word_count': 1, 'GuessFormat_has_numbers': 0, 'RunPosition_position_ratio': 1.1, 'RunPosition_early_question': 0, 'RunPosition_late_question': 1, 'QuestionKeyword_signal_for_ten_points': 0, 'QuestionKeyword_signal_name_this': 0, 'QuestionKeyword_signal_identify_this': 0, 'QuestionKeyword_signal_what_is': 0, 'QuestionKeyword_signal_who_is': 0, 'QuestionKeyword_signal_this_author': 0, 'QuestionKeyword_signal_this_work': 0, 'QuestionKeyword_signal_this_character': 0, 'QuestionKeyword_signal_this_person': 0, 'QuestionKeyword_signal_this_country': 0, 'QuestionKeyword_signal_this_battle': 0, 'QuestionKeyword_signal_this_composer': 0, 'QuestionKeyword_signal_this_painting': 0, 'GuessQuality_proper_noun': 1, 'GuessQuality_single_word': 1, 'GuessQuality_has_title_case': 1, 'AnswerType_expects_person': 0, 'AnswerType_expects_work': 0, 'AnswerType_expects_place': 0, 'final': np.True_}"
True,1,2,25,Cholera,0.00,"{'Gpr_confidence': -0.012062057168999997, 'Length_char': 526, 'Length_word': 82, 'Length_guess': 7, 'Length_ten_points': 0, 'Frequency_guess': 2.4849066497880004, 'GuessFormat_has_parentheses': 0, 'GuessFormat_has_quotes': 0, 'GuessFormat_word_count': 1, 'GuessFormat_has_numbers': 0, 'RunPosition_position_ratio': 1.1688888888888889, 'RunPosition_early_question': 0, 'RunPosition_late_question': 1, 'QuestionKeyword_signal_for_ten_points': 0, 'QuestionKeyword_signal_name_this': 0, 'QuestionKeyword_signal_identify_this': 0, 'QuestionKeyword_signal_what_is': 0, 'QuestionKeyword_signal_who_is': 0, 'QuestionKeyword_signal_this_author': 0, 'QuestionKeyword_signal_this_work': 0, 'QuestionKeyword_signal_this_character': 0, 'QuestionKeyword_signal_this_person': 0, 'QuestionKeyword_signal_this_country': 0, 'QuestionKeyword_signal_this_battle': 0, 'QuestionKeyword_signal_this_composer': 0, 'QuestionKeyword_signal_this_painting': 0, 'GuessQuality_proper_noun': 1, 'GuessQuality_single_word': 1, 'GuessQuality_has_title_case': 1, 'AnswerType_expects_person': 0, 'AnswerType_expects_work': 0, 'AnswerType_expects_place': 0, 'final': np.True_}"
True,1,3,6,Cholera,0.00,"{'Gpr_confidence': -0.0007376892434999999, 'Length_char': 565, 'Length_word': 88, 'Length_guess': 7, 'Length_ten_points': 0, 'Frequency_guess': 2.4849066497880004, 'GuessFormat_has_parentheses': 0, 'GuessFormat_has_quotes': 0, 'GuessFormat_word_count': 1, 'GuessFormat_has_numbers': 0, 'RunPosition_position_ratio': 1.2555555555555555, 'RunPosition_early_question': 0, 'RunPosition_late_question': 1, 'QuestionKeyword_signal_for_ten_points': 0, 'QuestionKeyword_signal_name_this': 0, 'QuestionKeyword_signal_identify_this': 0, 'QuestionKeyword_signal_what_is': 0, 'QuestionKeyword_signal_who_is': 0, 'QuestionKeyword_signal_this_author': 0, 'QuestionKeyword_signal_this_work': 0, 'QuestionKeyword_signal_this_character': 0, 'QuestionKeyword_signal_this_person': 0, 'QuestionKeyword_signal_this_country': 0, 'QuestionKeyword_signal_this_battle': 0, 'QuestionKeyword_signal_this_composer': 0, 'QuestionKeyword_signal_this_painting': 0, 'GuessQuality_proper_noun': 1, 'GuessQuality_single_word': 1, 'GuessQuality_has_title_case': 1, 'AnswerType_expects_person': 0, 'AnswerType_expects_work': 0, 'AnswerType_expects_place': 0, 'final': np.True_}"
True,1,3,12,Cholera,0.00,"{'Gpr_confidence': -0.00028057959616666664, 'Length_char': 600, 'Length_word': 94, 'Length_guess': 7, 'Length_ten_points': 0, 'Frequency_guess': 2.4849066497880004, 'GuessFormat_has_parentheses': 0, 'GuessFormat_has_quotes': 0, 'GuessFormat_word_count': 1, 'GuessFormat_has_numbers': 0, 'RunPosition_position_ratio': 1.3333333333333333, 'RunPosition_early_question': 0, 'RunPosition_late_question': 1, 'QuestionKeyword_signal_for_ten_points': 0, 'QuestionKeyword_signal_name_this': 0, 'QuestionKeyword_signal_identify_this': 0, 'QuestionKeyword_signal_what_is': 0, 'QuestionKeyword_signal_who_is': 0, 'QuestionKeyword_signal_this_author': 0, 'QuestionKeyword_signal_this_work': 0, 'QuestionKeyword_signal_this_character': 0, 'QuestionKeyword_signal_this_person': 0, 'QuestionKeyword_signal_this_country': 0, 'QuestionKeyword_signal_this_battle': 0, 'QuestionKeyword_signal_this_composer': 0, 'QuestionKeyword_signal_this_painting': 0, 'GuessQuality_proper_noun': 1, 'GuessQuality_single_word': 1, 'GuessQuality_has_title_case': 1, 'AnswerType_expects_person': 0, 'AnswerType_expects_work': 0, 'AnswerType_expects_place': 0, 'final': np.True_}"
True,1,3,18,Cholera,0.00,"{'Gpr_confidence': -0.00012581960133333333, 'Length_char': 637, 'Length_word': 100, 'Length_guess': 7, 'Length_ten_points': 0, 'Frequency_guess': 2.4849066497880004, 'GuessFormat_has_parentheses': 0, 'GuessFormat_has_quotes': 0, 'GuessFormat_word_count': 1, 'GuessFormat_has_numbers': 0, 'RunPosition_position_ratio': 1.4155555555555555, 'RunPosition_early_question': 0, 'RunPosition_late_question': 1, 'QuestionKeyword_signal_for_ten_points': 0, 'QuestionKeyword_signal_name_this': 0, 'QuestionKeyword_signal_identify_this': 0, 'QuestionKeyword_signal_what_is': 0, 'QuestionKeyword_signal_who_is': 0, 'QuestionKeyword_signal_this_author': 0, 'QuestionKeyword_signal_this_work': 0, 'QuestionKeyword_signal_this_character': 0, 'QuestionKeyword_signal_this_person': 0, 'QuestionKeyword_signal_this_country': 0, 'QuestionKeyword_signal_this_battle': 0, 'QuestionKeyword_signal_this_composer': 0, 'QuestionKeyword_signal_this_painting': 0, 'GuessQuality_proper_noun': 1, 'GuessQuality_single_word': 1, 'GuessQuality_has_title_case': 1, 'AnswerType_expects_person': 0, 'AnswerType_expects_work': 0, 'AnswerType_expects_place': 0, 'final': np.True_}"
True,1,4,6,Cholera,0.00,"{'Gpr_confidence': -0.00017686017799999998, 'Length_char': 675, 'Length_word': 106, 'Length_guess': 7, 'Length_ten_points': 0, 'Frequency_guess': 2.4849066497880004, 'GuessFormat_has_parentheses': 0, 'GuessFormat_has_quotes': 0, 'GuessFormat_word_count': 1, 'GuessFormat_has_numbers': 0, 'RunPosition_position_ratio': 1.5, 'RunPosition_early_question': 0, 'RunPosition_late_question': 1, 'QuestionKeyword_signal_for_ten_points': 0, 'QuestionKeyword_signal_name_this': 0, 'QuestionKeyword_signal_identify_this': 0, 'QuestionKeyword_signal_what_is': 0, 'QuestionKeyword_signal_who_is': 0, 'QuestionKeyword_signal_this_author': 0, 'QuestionKeyword_signal_this_work': 0, 'QuestionKeyword_signal_this_character': 0, 'QuestionKeyword_signal_this_person': 0, 'QuestionKeyword_signal_this_country': 0, 'QuestionKeyword_signal_this_battle': 0, 'QuestionKeyword_signal_this_composer': 0, 'QuestionKeyword_signal_this_painting': 0, 'GuessQuality_proper_noun': 1, 'GuessQuality_single_word': 1, 'GuessQuality_has_title_case': 1, 'AnswerType_expects_person': 0, 'AnswerType_expects_work': 0, 'AnswerType_expects_place': 0, 'final': np.True_}"
True,1,4,12,Cholera,0.00,"{'Gpr_confidence': -0.00023988835933333333, 'Length_char': 710, 'Length_word': 112, 'Length_guess': 7, 'Length_ten_points': 0, 'Frequency_guess': 2.4849066497880004, 'GuessFormat_has_parentheses': 0, 'GuessFormat_has_quotes': 0, 'GuessFormat_word_count': 1, 'GuessFormat_has_numbers': 0, 'RunPosition_position_ratio': 1.5777777777777777, 'RunPosition_early_question': 0, 'RunPosition_late_question': 1, 'QuestionKeyword_signal_for_ten_points': 0, 'QuestionKeyword_signal_name_this': 0, 'QuestionKeyword_signal_identify_this': 0, 'QuestionKeyword_signal_what_is': 0, 'QuestionKeyword_signal_who_is': 0, 'QuestionKeyword_signal_this_author': 0, 'QuestionKeyword_signal_this_work': 0, 'QuestionKeyword_signal_this_character': 0, 'QuestionKeyword_signal_this_person': 0, 'QuestionKeyword_signal_this_country': 0, 'QuestionKeyword_signal_this_battle': 0, 'QuestionKeyword_signal_this_composer': 0, 'QuestionKeyword_signal_this_painting': 0, 'GuessQuality_proper_noun': 1, 'GuessQuality_single_word': 1, 'GuessQuality_has_title_case': 1, 'AnswerType_expects_person': 0, 'AnswerType_expects_work': 0, 'AnswerType_expects_place': 0, 'final': np.True_}"
True,1,4,16,Cholera,0.00,"{'Gpr_confidence': -0.00020895347466666665, 'Length_char': 744, 'Length_word': 116, 'Length_guess': 7, 'Length_ten_points': 0, 'Frequency_guess': 2.4849066497880004, 'GuessFormat_has_parentheses': 0, 'GuessFormat_has_quotes': 0, 'GuessFormat_word_count': 1, 'GuessFormat_has_numbers': 0, 'RunPosition_position_ratio': 1.6533333333333333, 'RunPosition_early_question': 0, 'RunPosition_late_question': 1, 'QuestionKeyword_signal_for_ten_points': 0, 'QuestionKeyword_signal_name_this': 0, 'QuestionKeyword_signal_identify_this': 0, 'QuestionKeyword_signal_what_is': 0, 'QuestionKeyword_signal_who_is': 0, 'QuestionKeyword_signal_this_author': 0, 'QuestionKeyword_signal_this_work': 0, 'QuestionKeyword_signal_this_character': 0, 'QuestionKeyword_signal_this_person': 0, 'QuestionKeyword_signal_this_country': 0, 'QuestionKeyword_signal_this_battle': 0, 'QuestionKeyword_signal_this_composer': 0, 'QuestionKeyword_signal_this_painting': 0, 'GuessQuality_proper_noun': 1, 'GuessQuality_single_word': 1, 'GuessQuality_has_title_case': 1, 'AnswerType_expects_person': 0, 'AnswerType_expects_work': 0, 'AnswerType_expects_place': 0, 'final': np.True_}"
True,1,4,16,Cholera,0.00,"{'Gpr_confidence': -0.00020895347466666665, 'Length_char': 744, 'Length_word': 116, 'Length_guess': 7, 'Length_ten_points': 0, 'Frequency_guess': 2.4849066497880004, 'GuessFormat_has_parentheses': 0, 'GuessFormat_has_quotes': 0, 'GuessFormat_word_count': 1, 'GuessFormat_has_numbers': 0, 'RunPosition_position_ratio': 1.6533333333333333, 'RunPosition_early_question': 0, 'RunPosition_late_question': 1, 'QuestionKeyword_signal_for_ten_points': 0, 'QuestionKeyword_signal_name_this': 0, 'QuestionKeyword_signal_identify_this': 0, 'QuestionKeyword_signal_what_is': 0, 'QuestionKeyword_signal_who_is': 0, 'QuestionKeyword_signal_this_author': 0, 'QuestionKeyword_signal_this_work': 0, 'QuestionKeyword_signal_this_character': 0, 'QuestionKeyword_signal_this_person': 0, 'QuestionKeyword_signal_this_country': 0, 'QuestionKeyword_signal_this_battle': 0, 'QuestionKeyword_signal_this_composer': 0, 'QuestionKeyword_signal_this_painting': 0, 'GuessQuality_proper_noun': 1, 'GuessQuality_single_word': 1, 'GuessQuality_has_title_case': 1, 'AnswerType_expects_person': 0, 'AnswerType_expects_work': 0, 'AnswerType_expects_place': 0, 'final': np.True_}"
False,2,0,7,12 Pillars of Wisdom,0.00,"{'Gpr_confidence': -0.6124476648, 'Length_char': 35, 'Length_word': 7, 'Length_guess': 20, 'Length_ten_points': 0, 'Frequency_guess': 0.0, 'GuessFormat_has_parentheses': 0, 'GuessFormat_has_quotes': 0, 'GuessFormat_word_count': 4, 'GuessFormat_has_numbers': 1, 'RunPosition_position_ratio': 0.07777777777777778, 'RunPosition_early_question': 1, 'RunPosition_late_question': 0, 'QuestionKeyword_signal_for_ten_points': 0, 'QuestionKeyword_signal_name_this': 0, 'QuestionKeyword_signal_identify_this': 0, 'QuestionKeyword_signal_what_is': 0, 'QuestionKeyword_signal_who_is': 0, 'QuestionKeyword_signal_this_author': 0, 'QuestionKeyword_signal_this_work': 0, 'QuestionKeyword_signal_this_character': 0, 'QuestionKeyword_signal_this_person': 0, 'QuestionKeyword_signal_this_country': 0, 'QuestionKeyword_signal_this_battle': 0, 'QuestionKeyword_signal_this_composer': 0, 'QuestionKeyword_signal_this_painting': 0, 'GuessQuality_proper_noun': 0, 'GuessQuality_single_word': 0, 'GuessQuality_has_title_case': 0, 'AnswerType_expects_person': 0, 'AnswerType_expects_work': 0, 'AnswerType_expects_place': 0, 'final': np.False_}"
False,2,0,13,Delhi,0.00,"{'Gpr_confidence': -0.5083649612000001, 'Length_char': 73, 'Length_word': 13, 'Length_guess': 5, 'Length_ten_points': 0, 'Frequency_guess': 1.9459101490553132, 'GuessFormat_has_parentheses': 0, 'GuessFormat_has_quotes': 0, 'GuessFormat_word_count': 1, 'GuessFormat_has_numbers': 0, 'RunPosition_position_ratio': 0.1622222222222222, 'RunPosition_early_question': 1, 'RunPosition_late_question': 0, 'QuestionKeyword_signal_for_ten_points': 0, 'QuestionKeyword_signal_name_this': 0, 'QuestionKeyword_signal_identify_this': 0, 'QuestionKeyword_signal_what_is': 0, 'QuestionKeyword_signal_who_is': 0, 'QuestionKeyword_signal_this_author': 0, 'QuestionKeyword_signal_this_work': 0, 'QuestionKeyword_signal_this_character': 0, 'QuestionKeyword_signal_this_person': 0, 'QuestionKeyword_signal_this_country': 0, 'QuestionKeyword_signal_this_battle': 0, 'QuestionKeyword_signal_this_composer': 0, 'QuestionKeyword_signal_this_painting': 0, 'GuessQuality_proper_noun': 1, 'GuessQuality_single_word': 1, 'GuessQuality_has_title_case': 1, 'AnswerType_expects_person': 0, 'AnswerType_expects_work': 0, 'AnswerType_expects_place': 0, 'final': np.False_}"
True,2,0,18,Delhi,0.00,"{'Gpr_confidence': -0.34886542703525003, 'Length_char': 106, 'Length_word': 18, 'Length_guess': 5, 'Length_ten_points': 0, 'Frequency_guess': 1.9459101490553132, 'GuessFormat_has_parentheses': 0, 'GuessFormat_has_quotes': 0, 'GuessFormat_word_count': 1, 'GuessFormat_has_numbers': 0, 'RunPosition_position_ratio': 0.23555555555555555, 'RunPosition_early_question': 1, 'RunPosition_late_question': 0, 'QuestionKeyword_signal_for_ten_points': 0, 'QuestionKeyword_signal_name_this': 0, 'QuestionKeyword_signal_identify_this': 0, 'QuestionKeyword_signal_what_is': 0, 'QuestionKeyword_signal_who_is': 0, 'QuestionKeyword_signal_this_author': 0, 'QuestionKeyword_signal_this_work': 0, 'QuestionKeyword_signal_this_character': 0, 'QuestionKeyword_signal_this_person': 0, 'QuestionKeyword_signal_this_country': 0, 'QuestionKeyword_signal_this_battle': 0, 'QuestionKeyword_signal_this_composer': 0, 'QuestionKeyword_signal_this_painting': 0, 'GuessQuality_proper_noun': 1, 'GuessQuality_single_word': 1, 'GuessQuality_has_title_case': 1, 'AnswerType_expects_person': 0, 'AnswerType_expects_work': 0, 'AnswerType_expects_place': 0, 'final': np.True_}"
False,2,0,24,Connaught Place,0.00,"{'Gpr_confidence': -0.02211219481, 'Length_char': 146, 'Length_word': 24, 'Length_guess': 15, 'Length_ten_points': 0, 'Frequency_guess': 0.0, 'GuessFormat_has_parentheses': 0, 'GuessFormat_has_quotes': 0, 'GuessFormat_word_count': 2, 'GuessFormat_has_numbers': 0, 'RunPosition_position_ratio': 0.3244444444444444, 'RunPosition_early_question': 0, 'RunPosition_late_question': 0, 'QuestionKeyword_signal_for_ten_points': 0, 'QuestionKeyword_signal_name_this': 0, 'QuestionKeyword_signal_identify_this': 0, 'QuestionKeyword_signal_what_is': 0, 'QuestionKeyword_signal_who_is': 0, 'QuestionKeyword_signal_this_author': 0, 'QuestionKeyword_signal_this_work': 0, 'QuestionKeyword_signal_this_character': 0, 'QuestionKeyword_signal_this_person': 0, 'QuestionKeyword_signal_this_country': 0, 'QuestionKeyword_signal_this_battle': 0, 'QuestionKeyword_signal_this_composer': 0, 'QuestionKeyword_signal_this_painting': 0, 'GuessQuality_proper_noun': 1, 'GuessQuality_single_word': 0, 'GuessQuality_has_title_case': 1, 'AnswerType_expects_person': 0, 'AnswerType_expects_work': 0, 'AnswerType_expects_place': 0, 'final': np.False_}"
False,2,0,26,Connaught Place,0.00,"{'Gpr_confidence': -0.00843903517125, 'Length_char': 159, 'Length_word': 26, 'Length_guess': 15, 'Length_ten_points': 0, 'Frequency_guess': 0.0, 'GuessFormat_has_parentheses': 0, 'GuessFormat_has_quotes': 0, 'GuessFormat_word_count': 2, 'GuessFormat_has_numbers': 0, 'RunPosition_position_ratio': 0.35333333333333333, 'RunPosition_early_question': 0, 'RunPosition_late_question': 0, 'QuestionKeyword_signal_for_ten_points': 0, 'QuestionKeyword_signal_name_this': 0, 'QuestionKeyword_signal_identify_this': 0, 'QuestionKeyword_signal_what_is': 0, 'QuestionKeyword_signal_who_is': 0, 'QuestionKeyword_signal_this_author': 0, 'QuestionKeyword_signal_this_work': 0, 'QuestionKeyword_signal_this_character': 0, 'QuestionKeyword_signal_this_person': 0, 'QuestionKeyword_signal_this_country': 0, 'QuestionKeyword_signal_this_battle': 0, 'QuestionKeyword_signal_this_composer': 0, 'QuestionKeyword_signal_this_painting': 0, 'GuessQuality_proper_noun': 1, 'GuessQuality_single_word': 0, 'GuessQuality_has_title_case': 1, 'AnswerType_expects_person': 0, 'AnswerType_expects_work': 0, 'AnswerType_expects_place': 0, 'final': np.False_}"
False,2,1,5,Connaught Place,0.00,"{'Gpr_confidence': -0.16232007296475, 'Length_char': 197, 'Length_word': 31, 'Length_guess': 15, 'Length_ten_points': 0, 'Frequency_guess': 0.0, 'GuessFormat_has_parentheses': 0, 'GuessFormat_has_quotes': 0, 'GuessFormat_word_count': 2, 'GuessFormat_has_numbers': 0, 'RunPosition_position_ratio': 0.43777777777777777, 'RunPosition_early_question': 0, 'RunPosition_late_question': 0, 'QuestionKeyword_signal_for_ten_points': 0, 'QuestionKeyword_signal_name_this': 0, 'QuestionKeyword_signal_identify_this': 0, 'QuestionKeyword_signal_what_is': 0, 'QuestionKeyword_signal_who_is': 0, 'QuestionKeyword_signal_this_author': 0, 'QuestionKeyword_signal_this_work': 0, 'QuestionKeyword_signal_this_character': 0, 'QuestionKeyword_signal_this_person': 0, 'QuestionKeyword_signal_this_country': 0, 'QuestionKeyword_signal_this_battle': 0, 'QuestionKeyword_signal_this_composer': 0, 'QuestionKeyword_signal_this_painting': 0, 'GuessQuality_proper_noun': 1, 'GuessQuality_single_word': 0, 'GuessQuality_has_title_case': 1, 'AnswerType_expects_person': 0, 'AnswerType_expects_work': 0, 'AnswerType_expects_place': 0, 'final': np.False_}"
True,2,1,12,New Delhi,0.00,"{'Gpr_confidence': -0.066170361705, 'Length_char': 238, 'Length_word': 38, 'Length_guess': 9, 'Length_ten_points': 0, 'Frequency_guess': 1.0986122886681098, 'GuessFormat_has_parentheses': 0, 'GuessFormat_has_quotes': 0, 'GuessFormat_word_count': 2, 'GuessFormat_has_numbers': 0, 'RunPosition_position_ratio': 0.5288888888888889, 'RunPosition_early_question': 0, 'RunPosition_late_question': 0, 'QuestionKeyword_signal_for_ten_points': 0, 'QuestionKeyword_signal_name_this': 0, 'QuestionKeyword_signal_identify_this': 0, 'QuestionKeyword_signal_what_is': 0, 'QuestionKeyword_signal_who_is': 0, 'QuestionKeyword_signal_this_author': 0, 'QuestionKeyword_signal_this_work': 0, 'QuestionKeyword_signal_this_character': 0, 'QuestionKeyword_signal_this_person': 0, 'QuestionKeyword_signal_this_country': 0, 'QuestionKeyword_signal_this_battle': 0, 'QuestionKeyword_signal_this_composer': 0, 'QuestionKeyword_signal_this_painting': 0, 'GuessQuality_proper_noun': 1, 'GuessQuality_single_word': 0, 'GuessQuality_has_title_case': 1, 'AnswerType_expects_person': 0, 'AnswerType_expects_work': 0, 'AnswerType_expects_place': 0, 'final': np.True_}"
True,2,1,18,New Delhi,0.00,"{'Gpr_confidence': -0.042369012335000004, 'Length_char': 269, 'Length_word': 44, 'Length_guess': 9, 'Length_ten_points': 0, 'Frequency_guess': 1.0986122886681098, 'GuessFormat_has_parentheses': 0, 'GuessFormat_has_quotes': 0, 'GuessFormat_word_count': 2, 'GuessFormat_has_numbers': 0, 'RunPosition_position_ratio': 0.5977777777777777, 'RunPosition_early_question': 0, 'RunPosition_late_question': 0, 'QuestionKeyword_signal_for_ten_points': 0, 'QuestionKeyword_signal_name_this': 0, 'QuestionKeyword_signal_identify_this': 0, 'QuestionKeyword_signal_what_is': 0, 'QuestionKeyword_signal_who_is': 0, 'QuestionKeyword_signal_this_author': 0, 'QuestionKeyword_signal_this_work': 0, 'QuestionKeyword_signal_this_character': 0, 'QuestionKeyword_signal_this_person': 0, 'QuestionKeyword_signal_this_country': 0, 'QuestionKeyword_signal_this_battle': 0, 'QuestionKeyword_signal_this_composer': 0, 'QuestionKeyword_signal_this_painting': 0, 'GuessQuality_proper_noun': 1, 'GuessQuality_single_word': 0, 'GuessQuality_has_title_case': 1, 'AnswerType_expects_person': 0, 'AnswerType_expects_work': 0, 'AnswerType_expects_place': 0, 'final': np.True_}"
False,2,2,7,New Delhi,0.00,"{'Gpr_confidence': -0.36379167751, 'Length_char': 307, 'Length_word': 51, 'Length_guess': 9, 'Length_ten_points': 0, 'Frequency_guess': 1.0986122886681098, 'GuessFormat_has_parentheses': 0, 'GuessFormat_has_quotes': 0, 'GuessFormat_word_count': 2, 'GuessFormat_has_numbers': 0, 'RunPosition_position_ratio': 0.6822222222222222, 'RunPosition_early_question': 0, 'RunPosition_late_question': 0, 'QuestionKeyword_signal_for_ten_points': 0, 'QuestionKeyword_signal_name_this': 0, 'QuestionKeyword_signal_identify_this': 0, 'QuestionKeyword_signal_what_is': 0, 'QuestionKeyword_signal_who_is': 0, 'QuestionKeyword_signal_this_author': 0, 'QuestionKeyword_signal_this_work': 0, 'QuestionKeyword_signal_this_character': 0, 'QuestionKeyword_signal_this_person': 0, 'QuestionKeyword_signal_this_country': 0, 'QuestionKeyword_signal_this_battle': 0, 'QuestionKeyword_signal_this_composer': 0, 'QuestionKeyword_signal_this_painting': 0, 'GuessQuality_proper_noun': 1, 'GuessQuality_single_word': 0, 'GuessQuality_has_title_case': 1, 'AnswerType_expects_person': 0, 'AnswerType_expects_work': 0, 'AnswerType_expects_place': 0, 'final': np.False_}"
True,2,2,12,Delhi,0.00,"{'Gpr_confidence': -0.1663530863235, 'Length_char': 343, 'Length_word': 56, 'Length_guess': 5, 'Length_ten_points': 0, 'Frequency_guess': 1.9459101490553132, 'GuessFormat_has_parentheses': 0, 'GuessFormat_has_quotes': 0, 'GuessFormat_word_count': 1, 'GuessFormat_has_numbers': 0, 'RunPosition_position_ratio': 0.7622222222222222, 'RunPosition_early_question': 0, 'RunPosition_late_question': 1, 'QuestionKeyword_signal_for_ten_points': 0, 'QuestionKeyword_signal_name_this': 0, 'QuestionKeyword_signal_identify_this': 0, 'QuestionKeyword_signal_what_is': 0, 'QuestionKeyword_signal_who_is': 0, 'QuestionKeyword_signal_this_author': 0, 'QuestionKeyword_signal_this_work': 0, 'QuestionKeyword_signal_this_character': 0, 'QuestionKeyword_signal_this_person': 0, 'QuestionKeyword_signal_this_country': 0, 'QuestionKeyword_signal_this_battle': 0, 'QuestionKeyword_signal_this_composer': 0, 'QuestionKeyword_signal_this_painting': 0, 'GuessQuality_proper_noun': 1, 'GuessQuality_single_word': 1, 'GuessQuality_has_title_case': 1, 'AnswerType_expects_person': 0, 'AnswerType_expects_work': 0, 'AnswerType_expects_place': 0, 'final': np.True_}"
True,2,2,18,Delhi,0.00,"{'Gpr_confidence': -0.0957076622115, 'Length_char': 378, 'Length_word': 62, 'Length_guess': 5, 'Length_ten_points': 0, 'Frequency_guess': 1.9459101490553132, 'GuessFormat_has_parentheses': 0, 'GuessFormat_has_quotes': 0, 'GuessFormat_word_count': 1, 'GuessFormat_has_numbers': 0, 'RunPosition_position_ratio': 0.84, 'RunPosition_early_question': 0, 'RunPosition_late_question': 1, 'QuestionKeyword_signal_for_ten_points': 0, 'QuestionKeyword_signal_name_this': 0, 'QuestionKeyword_signal_identify_this': 0, 'QuestionKeyword_signal_what_is': 0, 'QuestionKeyword_signal_who_is': 0, 'QuestionKeyword_signal_this_author': 0, 'QuestionKeyword_signal_this_work': 0, 'QuestionKeyword_signal_this_character': 0, 'QuestionKeyword_signal_this_person': 0, 'QuestionKeyword_signal_this_country': 0, 'QuestionKeyword_signal_this_battle': 0, 'QuestionKeyword_signal_this_composer': 0, 'QuestionKeyword_signal_this_painting': 0, 'GuessQuality_proper_noun': 1, 'GuessQuality_single_word': 1, 'GuessQuality_has_title_case': 1, 'AnswerType_expects_person': 0, 'AnswerType_expects_work': 0, 'AnswerType_expects_place': 0, 'final': np.True_}"
True,2,2,20,Delhi,0.00,"{'Gpr_confidence': -0.049184335174749995, 'Length_char': 392, 'Length_word': 64, 'Length_guess': 5, 'Length_ten_points': 0, 'Frequency_guess': 1.9459101490553132, 'GuessFormat_has_parentheses': 0, 'GuessFormat_has_quotes': 0, 'GuessFormat_word_count': 1, 'GuessFormat_has_numbers': 0, 'RunPosition_position_ratio': 0.8711111111111111, 'RunPosition_early_question': 0, 'RunPosition_late_question': 1, 'QuestionKeyword_signal_for_ten_points': 0, 'QuestionKeyword_signal_name_this': 0, 'QuestionKeyword_signal_identify_this': 0, 'QuestionKeyword_signal_what_is': 0, 'QuestionKeyword_signal_who_is': 0, 'QuestionKeyword_signal_this_author': 0, 'QuestionKeyword_signal_this_work': 0, 'QuestionKeyword_signal_this_character': 0, 'QuestionKeyword_signal_this_person': 0, 'QuestionKeyword_signal_this_country': 0, 'QuestionKeyword_signal_this_battle': 0, 'QuestionKeyword_signal_this_composer': 0, 'QuestionKeyword_signal_this_painting': 0, 'GuessQuality_proper_noun': 1, 'GuessQuality_single_word': 1, 'GuessQuality_has_title_case': 1, 'AnswerType_expects_person': 0, 'AnswerType_expects_work': 0, 'AnswerType_expects_place': 1, 'final': np.True_}"
True,2,3,8,Delhi,0.00,"{'Gpr_confidence': -0.01645676199875, 'Length_char': 438, 'Length_word': 72, 'Length_guess': 5, 'Length_ten_points': 0, 'Frequency_guess': 1.9459101490553132, 'GuessFormat_has_parentheses': 0, 'GuessFormat_has_quotes': 0, 'GuessFormat_word_count': 1, 'GuessFormat_has_numbers': 0, 'RunPosition_position_ratio': 0.9733333333333334, 'RunPosition_early_question': 0, 'RunPosition_late_question': 1, 'QuestionKeyword_signal_for_ten_points': 0, 'QuestionKeyword_signal_name_this': 0, 'QuestionKeyword_signal_identify_this': 0, 'QuestionKeyword_signal_what_is': 0, 'QuestionKeyword_signal_who_is': 0, 'QuestionKeyword_signal_this_author': 0, 'QuestionKeyword_signal_this_work': 0, 'QuestionKeyword_signal_this_character': 0, 'QuestionKeyword_signal_this_person': 0, 'QuestionKeyword_signal_this_country': 0, 'QuestionKeyword_signal_this_battle': 0, 'QuestionKeyword_signal_this_composer': 0, 'QuestionKeyword_signal_this_painting': 0, 'GuessQuality_proper_noun': 1, 'GuessQuality_single_word': 1, 'GuessQuality_has_title_case': 1, 'AnswerType_expects_person': 0, 'AnswerType_expects_work': 0, 'AnswerType_expects_place': 1, 'final': np.True_}"
True,2,3,11,Delhi,0.00,"{'Gpr_confidence': -0.0018762202943, 'Length_char': 459, 'Length_word': 75, 'Length_guess': 5, 'Length_ten_points': 0, 'Frequency_guess': 1.9459101490553132, 'GuessFormat_has_parentheses': 0, 'GuessFormat_has_quotes': 0, 'GuessFormat_word_count': 1, 'GuessFormat_has_numbers': 0, 'RunPosition_position_ratio': 1.02, 'RunPosition_early_question': 0, 'RunPosition_late_question': 1, 'QuestionKeyword_signal_for_ten_points': 0, 'QuestionKeyword_signal_name_this': 0, 'QuestionKeyword_signal_identify_this': 0, 'QuestionKeyword_signal_what_is': 0, 'QuestionKeyword_signal_who_is': 0, 'QuestionKeyword_signal_this_author': 0, 'QuestionKeyword_signal_this_work': 0, 'QuestionKeyword_signal_this_character': 0, 'QuestionKeyword_signal_this_person': 0, 'QuestionKeyword_signal_this_country': 0, 'QuestionKeyword_signal_this_battle': 0, 'QuestionKeyword_signal_this_composer': 0, 'QuestionKeyword_signal_this_painting': 0, 'GuessQuality_proper_noun': 1, 'GuessQuality_single_word': 1, 'GuessQuality_has_title_case': 1, 'AnswerType_expects_person': 0, 'AnswerType_expects_work': 0, 'AnswerType_expects_place': 1, 'final': np.True_}"
True,2,4,8,Delhi,0.00,"{'Gpr_confidence': -0.0011772989975000002, 'Length_char': 496, 'Length_word': 83, 'Length_guess': 5, 'Length_ten_points': 0, 'Frequency_guess': 1.9459101490553132, 'GuessFormat_has_parentheses': 0, 'GuessFormat_has_quotes': 0, 'GuessFormat_word_count': 1, 'GuessFormat_has_numbers': 0, 'RunPosition_position_ratio': 1.1022222222222222, 'RunPosition_early_question': 0, 'RunPosition_late_question': 1, 'QuestionKeyword_signal_for_ten_points': 0, 'QuestionKeyword_signal_name_this': 0, 'QuestionKeyword_signal_identify_this': 0, 'QuestionKeyword_signal_what_is': 0, 'QuestionKeyword_signal_who_is': 0, 'QuestionKeyword_signal_this_author': 0, 'QuestionKeyword_signal_this_work': 0, 'QuestionKeyword_signal_this_character': 0, 'QuestionKeyword_signal_this_person': 0, 'QuestionKeyword_signal_this_country': 0, 'QuestionKeyword_signal_this_battle': 0, 'QuestionKeyword_signal_this_composer': 0, 'QuestionKeyword_signal_this_painting': 0, 'GuessQuality_proper_noun': 1, 'GuessQuality_single_word': 1, 'GuessQuality_has_title_case': 1, 'AnswerType_expects_person': 0, 'AnswerType_expects_work': 0, 'AnswerType_expects_place': 1, 'final': np.True_}"
True,2,4,13,Delhi,0.00,"{'Gpr_confidence': -0.0005787239553, 'Length_char': 534, 'Length_word': 88, 'Length_guess': 5, 'Length_ten_points': 0, 'Frequency_guess': 1.9459101490553132, 'GuessFormat_has_parentheses': 0, 'GuessFormat_has_quotes': 0, 'GuessFormat_word_count': 1, 'GuessFormat_has_numbers': 0, 'RunPosition_position_ratio': 1.1866666666666668, 'RunPosition_early_question': 0, 'RunPosition_late_question': 1, 'QuestionKeyword_signal_for_ten_points': 0, 'QuestionKeyword_signal_name_this': 0, 'QuestionKeyword_signal_identify_this': 0, 'QuestionKeyword_signal_what_is': 0, 'QuestionKeyword_signal_who_is': 0, 'QuestionKeyword_signal_this_author': 0, 'QuestionKeyword_signal_this_work': 0, 'QuestionKeyword_signal_this_character': 0, 'QuestionKeyword_signal_this_person': 0, 'QuestionKeyword_signal_this_country': 0, 'QuestionKeyword_signal_this_battle': 0, 'QuestionKeyword_signal_this_composer': 0, 'QuestionKeyword_signal_this_painting': 0, 'GuessQuality_proper_noun': 1, 'GuessQuality_single_word': 1, 'GuessQuality_has_title_case': 1, 'AnswerType_expects_person': 0, 'AnswerType_expects_work': 0, 'AnswerType_expects_place': 2, 'final': np.True_}"
True,2,5,6,Delhi,0.00,"{'Gpr_confidence': -0.002797726542, 'Length_char': 572, 'Length_word': 94, 'Length_guess': 5, 'Length_ten_points': 0, 'Frequency_guess': 1.9459101490553132, 'GuessFormat_has_parentheses': 0, 'GuessFormat_has_quotes': 0, 'GuessFormat_word_count': 1, 'GuessFormat_has_numbers': 0, 'RunPosition_position_ratio': 1.271111111111111, 'RunPosition_early_question': 0, 'RunPosition_late_question': 1, 'QuestionKeyword_signal_for_ten_points': 0, 'QuestionKeyword_signal_name_this': 0, 'QuestionKeyword_signal_identify_this': 0, 'QuestionKeyword_signal_what_is': 0, 'QuestionKeyword_signal_who_is': 0, 'QuestionKeyword_signal_this_author': 0, 'QuestionKeyword_signal_this_work': 0, 'QuestionKeyword_signal_this_character': 0, 'QuestionKeyword_signal_this_person': 0, 'QuestionKeyword_signal_this_country': 0, 'QuestionKeyword_signal_this_battle': 0, 'QuestionKeyword_signal_this_composer': 0, 'QuestionKeyword_signal_this_painting': 0, 'GuessQuality_proper_noun': 1, 'GuessQuality_single_word': 1, 'GuessQuality_has_title_case': 1, 'AnswerType_expects_person': 0, 'AnswerType_expects_work': 0, 'AnswerType_expects_place': 2, 'final': np.True_}"
True,2,5,11,Delhi,0.00,"{'Gpr_confidence': -0.0027930812375000003, 'Length_char': 607, 'Length_word': 99, 'Length_guess': 5, 'Length_ten_points': 0, 'Frequency_guess': 1.9459101490553132, 'GuessFormat_has_parentheses': 0, 'GuessFormat_has_quotes': 0, 'GuessFormat_word_count': 1, 'GuessFormat_has_numbers': 0, 'RunPosition_position_ratio': 1.3488888888888888, 'RunPosition_early_question': 0, 'RunPosition_late_question': 1, 'QuestionKeyword_signal_for_ten_points': 0, 'QuestionKeyword_signal_name_this': 0, 'QuestionKeyword_signal_identify_this': 0, 'QuestionKeyword_signal_what_is': 0, 'QuestionKeyword_signal_who_is': 0, 'QuestionKeyword_signal_this_author': 0, 'QuestionKeyword_signal_this_work': 0, 'QuestionKeyword_signal_this_character': 0, 'QuestionKeyword_signal_this_person': 0, 'QuestionKeyword_signal_this_country': 0, 'QuestionKeyword_signal_this_battle': 0, 'QuestionKeyword_signal_this_composer': 0, 'QuestionKeyword_signal_this_painting': 0, 'GuessQuality_proper_noun': 1, 'GuessQuality_single_word': 1, 'GuessQuality_has_title_case': 1, 'AnswerType_expects_person': 0, 'AnswerType_expects_work': 0, 'AnswerType_expects_place': 2, 'final': np.True_}"
True,2,5,16,Delhi,0.00,"{'Gpr_confidence': -0.0014368927965999999, 'Length_char': 646, 'Length_word': 104, 'Length_guess': 5, 'Length_ten_points': 0, 'Frequency_guess': 1.9459101490553132, 'GuessFormat_has_parentheses': 0, 'GuessFormat_has_quotes': 0, 'GuessFormat_word_count': 1, 'GuessFormat_has_numbers': 0, 'RunPosition_position_ratio': 1.4355555555555555, 'RunPosition_early_question': 0, 'RunPosition_late_question': 1, 'QuestionKeyword_signal_for_ten_points': 0, 'QuestionKeyword_signal_name_this': 0, 'QuestionKeyword_signal_identify_this': 0, 'QuestionKeyword_signal_what_is': 0, 'QuestionKeyword_signal_who_is': 0, 'QuestionKeyword_signal_this_author': 0, 'QuestionKeyword_signal_this_work': 0, 'QuestionKeyword_signal_this_character': 0, 'QuestionKeyword_signal_this_person': 0, 'QuestionKeyword_signal_this_country': 0, 'QuestionKeyword_signal_this_battle': 0, 'QuestionKeyword_signal_this_composer': 0, 'QuestionKeyword_signal_this_painting': 0, 'GuessQuality_proper_noun': 1, 'GuessQuality_single_word': 1, 'GuessQuality_has_title_case': 1, 'AnswerType_expects_person': 0, 'AnswerType_expects_work': 0, 'AnswerType_expects_place': 2, 'final': np.True_}"
True,2,5,19,Delhi,0.00,"{'Gpr_confidence': -0.0019033501021499999, 'Length_char': 666, 'Length_word': 107, 'Length_guess': 5, 'Length_ten_points': 0, 'Frequency_guess': 1.9459101490553132, 'GuessFormat_has_parentheses': 0, 'GuessFormat_has_quotes': 0, 'GuessFormat_word_count': 1, 'GuessFormat_has_numbers': 0, 'RunPosition_position_ratio': 1.48, 'RunPosition_early_question': 0, 'RunPosition_late_question': 1, 'QuestionKeyword_signal_for_ten_points': 0, 'QuestionKeyword_signal_name_this': 0, 'QuestionKeyword_signal_identify_this': 0, 'QuestionKeyword_signal_what_is': 0, 'QuestionKeyword_signal_who_is': 0, 'QuestionKeyword_signal_this_author': 0, 'QuestionKeyword_signal_this_work': 0, 'QuestionKeyword_signal_this_character': 0, 'QuestionKeyword_signal_this_person': 0, 'QuestionKeyword_signal_this_country': 0, 'QuestionKeyword_signal_this_battle': 0, 'QuestionKeyword_signal_this_composer': 0, 'QuestionKeyword_signal_this_painting': 0, 'GuessQuality_proper_noun': 1, 'GuessQuality_single_word': 1, 'GuessQuality_has_title_case': 1, 'AnswerType_expects_person': 0, 'AnswerType_expects_work': 0, 'AnswerType_expects_place': 2, 'final': np.True_}"
True,2,6,5,Delhi,0.00,"{'Gpr_confidence': -0.0009951107962, 'Length_char': 703, 'Length_word': 112, 'Length_guess': 5, 'Length_ten_points': 0, 'Frequency_guess': 1.9459101490553132, 'GuessFormat_has_parentheses': 0, 'GuessFormat_has_quotes': 0, 'GuessFormat_word_count': 1, 'GuessFormat_has_numbers': 0, 'RunPosition_position_ratio': 1.5622222222222222, 'RunPosition_early_question': 0, 'RunPosition_late_question': 1, 'QuestionKeyword_signal_for_ten_points': 0, 'QuestionKeyword_signal_name_this': 0, 'QuestionKeyword_signal_identify_this': 0, 'QuestionKeyword_signal_what_is': 0, 'QuestionKeyword_signal_who_is': 0, 'QuestionKeyword_signal_this_author': 0, 'QuestionKeyword_signal_this_work': 0, 'QuestionKeyword_signal_this_character': 0, 'QuestionKeyword_signal_this_person': 0, 'QuestionKeyword_signal_this_country': 0, 'QuestionKeyword_signal_this_battle': 0, 'QuestionKeyword_signal_this_composer': 0, 'QuestionKeyword_signal_this_painting': 0, 'GuessQuality_proper_noun': 1, 'GuessQuality_single_word': 1, 'GuessQuality_has_title_case': 1, 'AnswerType_expects_person': 0, 'AnswerType_expects_work': 0, 'AnswerType_expects_place': 2, 'final': np.True_}"
True,2,6,12,Delhi,0.00,"{'Gpr_confidence': -0.0018385719345, 'Length_char': 738, 'Length_word': 119, 'Length_guess': 5, 'Length_ten_points': 0, 'Frequency_guess': 1.9459101490553132, 'GuessFormat_has_parentheses': 0, 'GuessFormat_has_quotes': 0, 'GuessFormat_word_count': 1, 'GuessFormat_has_numbers': 0, 'RunPosition_position_ratio': 1.64, 'RunPosition_early_question': 0, 'RunPosition_late_question': 1, 'QuestionKeyword_signal_for_ten_points': 0, 'QuestionKeyword_signal_name_this': 0, 'QuestionKeyword_signal_identify_this': 0, 'QuestionKeyword_signal_what_is': 0, 'QuestionKeyword_signal_who_is': 0, 'QuestionKeyword_signal_this_author': 0, 'QuestionKeyword_signal_this_work': 0, 'QuestionKeyword_signal_this_character': 0, 'QuestionKeyword_signal_this_person': 0, 'QuestionKeyword_signal_this_country': 0, 'QuestionKeyword_signal_this_battle': 0, 'QuestionKeyword_signal_this_composer': 0, 'QuestionKeyword_signal_this_painting': 0, 'GuessQuality_proper_noun': 1, 'GuessQuality_single_word': 1, 'GuessQuality_has_title_case': 1, 'AnswerType_expects_person': 0, 'AnswerType_expects_work': 0, 'AnswerType_expects_place': 2, 'final': np.True_}"
True,2,6,17,Delhi,0.00,"{'Gpr_confidence': -0.0022292963234999998, 'Length_char': 768, 'Length_word': 124, 'Length_guess': 5, 'Length_ten_points': 0, 'Frequency_guess': 1.9459101490553132, 'GuessFormat_has_parentheses': 0, 'GuessFormat_has_quotes': 0, 'GuessFormat_word_count': 1, 'GuessFormat_has_numbers': 0, 'RunPosition_position_ratio': 1.7066666666666668, 'RunPosition_early_question': 0, 'RunPosition_late_question': 1, 'QuestionKeyword_signal_for_ten_points': 0, 'QuestionKeyword_signal_name_this': 0, 'QuestionKeyword_signal_identify_this': 0, 'QuestionKeyword_signal_what_is': 0, 'QuestionKeyword_signal_who_is': 0, 'QuestionKeyword_signal_this_author': 0, 'QuestionKeyword_signal_this_work': 0, 'QuestionKeyword_signal_this_character': 0, 'QuestionKeyword_signal_this_person': 0, 'QuestionKeyword_signal_this_country': 0, 'QuestionKeyword_signal_this_battle': 0, 'QuestionKeyword_signal_this_composer': 0, 'QuestionKeyword_signal_this_painting': 0, 'GuessQuality_proper_noun': 1, 'GuessQuality_single_word': 1, 'GuessQuality_has_title_case': 1, 'AnswerType_expects_person': 0, 'AnswerType_expects_work': 0, 'AnswerType_expects_place': 2, 'final': np.True_}"
True,2,7,7,Delhi,0.00,"{'Gpr_confidence': -0.00030413638685, 'Length_char': 805, 'Length_word': 131, 'Length_guess': 5, 'Length_ten_points': 0, 'Frequency_guess': 1.9459101490553132, 'GuessFormat_has_parentheses': 0, 'GuessFormat_has_quotes': 0, 'GuessFormat_word_count': 1, 'GuessFormat_has_numbers': 0, 'RunPosition_position_ratio': 1.788888888888889, 'RunPosition_early_question': 0, 'RunPosition_late_question': 1, 'QuestionKeyword_signal_for_ten_points': 0, 'QuestionKeyword_signal_name_this': 1, 'QuestionKeyword_signal_identify_this': 0, 'QuestionKeyword_signal_what_is': 0, 'QuestionKeyword_signal_who_is': 0, 'QuestionKeyword_signal_this_author': 0, 'QuestionKeyword_signal_this_work': 0, 'QuestionKeyword_signal_this_character': 0, 'QuestionKeyword_signal_this_person': 0, 'QuestionKeyword_signal_this_country': 0, 'QuestionKeyword_signal_this_battle': 0, 'QuestionKeyword_signal_this_composer': 0, 'QuestionKeyword_signal_this_painting': 0, 'GuessQuality_proper_noun': 1, 'GuessQuality_single_word': 1, 'GuessQuality_has_title_case': 1, 'AnswerType_expects_person': 0, 'AnswerType_expects_work': 0, 'AnswerType_expects_place': 2, 'final': np.True_}"
True,2,7,11,Delhi,0.00,"{'Gpr_confidence': -0.00041563216125, 'Length_char': 836, 'Length_word': 135, 'Length_guess': 5, 'Length_ten_points': 0, 'Frequency_guess': 1.9459101490553132, 'GuessFormat_has_parentheses': 0, 'GuessFormat_has_quotes': 0, 'GuessFormat_word_count': 1, 'GuessFormat_has_numbers': 0, 'RunPosition_position_ratio': 1.8577777777777778, 'RunPosition_early_question': 0, 'RunPosition_late_question': 1, 'QuestionKeyword_signal_for_ten_points': 0, 'QuestionKeyword_signal_name_this': 1, 'QuestionKeyword_signal_identify_this': 0, 'QuestionKeyword_signal_what_is': 0, 'QuestionKeyword_signal_who_is': 0, 'QuestionKeyword_signal_this_author': 0, 'QuestionKeyword_signal_this_work': 0, 'QuestionKeyword_signal_this_character': 0, 'QuestionKeyword_signal_this_person': 0, 'QuestionKeyword_signal_this_country': 0, 'QuestionKeyword_signal_this_battle': 0, 'QuestionKeyword_signal_this_composer': 0, 'QuestionKeyword_signal_this_painting': 0, 'GuessQuality_proper_noun': 1, 'GuessQuality_single_word': 1, 'GuessQuality_has_title_case': 1, 'AnswerType_expects_person': 0, 'AnswerType_expects_work': 0, 'AnswerType_expects_place': 3, 'final': np.True_}"
True,2,7,11,Delhi,0.00,"{'Gpr_confidence': -0.00041563216125, 'Length_char': 836, 'Length_word': 135, 'Length_guess': 5, 'Length_ten_points': 0, 'Frequency_guess': 1.9459101490553132, 'GuessFormat_has_parentheses': 0, 'GuessFormat_has_quotes': 0, 'GuessFormat_word_count': 1, 'GuessFormat_has_numbers': 0, 'RunPosition_position_ratio': 1.8577777777777778, 'RunPosition_early_question': 0, 'RunPosition_late_question': 1, 'QuestionKeyword_signal_for_ten_points': 0, 'QuestionKeyword_signal_name_this': 1, 'QuestionKeyword_signal_identify_this': 0, 'QuestionKeyword_signal_what_is': 0, 'QuestionKeyword_signal_who_is': 0, 'QuestionKeyword_signal_this_author': 0, 'QuestionKeyword_signal_this_work': 0, 'QuestionKeyword_signal_this_character': 0, 'QuestionKeyword_signal_this_person': 0, 'QuestionKeyword_signal_this_country': 0, 'QuestionKeyword_signal_this_battle': 0, 'QuestionKeyword_signal_this_composer': 0, 'QuestionKeyword_signal_this_painting': 0, 'GuessQuality_proper_noun': 1, 'GuessQuality_single_word': 1, 'GuessQuality_has_title_case': 1, 'AnswerType_expects_person': 0, 'AnswerType_expects_work': 0, 'AnswerType_expects_place': 3, 'final': np.True_}"
False,3,0,7,Luce Irigaray,0.00,"{'Gpr_confidence': -0.005432996888, 'Length_char': 39, 'Length_word': 7, 'Length_guess': 13, 'Length_ten_points': 0, 'Frequency_guess': 1.0986122886681098, 'GuessFormat_has_parentheses': 0, 'GuessFormat_has_quotes': 0, 'GuessFormat_word_count': 2, 'GuessFormat_has_numbers': 0, 'RunPosition_position_ratio': 0.08666666666666667, 'RunPosition_early_question': 1, 'RunPosition_late_question': 0, 'QuestionKeyword_signal_for_ten_points': 0, 'QuestionKeyword_signal_name_this': 0, 'QuestionKeyword_signal_identify_this': 0, 'QuestionKeyword_signal_what_is': 0, 'QuestionKeyword_signal_who_is': 0, 'QuestionKeyword_signal_this_author': 0, 'QuestionKeyword_signal_this_work': 0, 'QuestionKeyword_signal_this_character': 0, 'QuestionKeyword_signal_this_person': 0, 'QuestionKeyword_signal_this_country': 0, 'QuestionKeyword_signal_this_battle': 0, 'QuestionKeyword_signal_this_composer': 0, 'QuestionKeyword_signal_this_painting': 0, 'GuessQuality_proper_noun': 1, 'GuessQuality_single_word': 0, 'GuessQuality_has_title_case': 1, 'AnswerType_expects_person': 0, 'AnswerType_expects_work': 0, 'AnswerType_expects_place': 0, 'final': np.False_}"
True,3,0,14,René Descartes,0.00,"{'Gpr_confidence': -0.24855114504739997, 'Length_char': 73, 'Length_word': 14, 'Length_guess': 14, 'Length_ten_points': 0, 'Frequency_guess': 3.912023005428146, 'GuessFormat_has_parentheses': 0, 'GuessFormat_has_quotes': 0, 'GuessFormat_word_count': 2, 'GuessFormat_has_numbers': 0, 'RunPosition_position_ratio': 0.1622222222222222, 'RunPosition_early_question': 1, 'RunPosition_late_question': 0, 'QuestionKeyword_signal_for_ten_points': 0, 'QuestionKeyword_signal_name_this': 0, 'QuestionKeyword_signal_identify_this': 0, 'QuestionKeyword_signal_what_is': 0, 'QuestionKeyword_signal_who_is': 0, 'QuestionKeyword_signal_this_author': 0, 'QuestionKeyword_signal_this_work': 0, 'QuestionKeyword_signal_this_character': 0, 'QuestionKeyword_signal_this_person': 0, 'QuestionKeyword_signal_this_country': 0, 'QuestionKeyword_signal_this_battle': 0, 'QuestionKeyword_signal_this_composer': 0, 'QuestionKeyword_signal_this_painting': 0, 'GuessQuality_proper_noun': 1, 'GuessQuality_single_word': 0, 'GuessQuality_has_title_case': 1, 'AnswerType_expects_person': 0, 'AnswerType_expects_work': 0, 'AnswerType_expects_place': 0, 'final': np.True_}"
True,3,0,20,René Descartes,0.00,"{'Gpr_confidence': -0.22213826061640002, 'Length_char': 109, 'Length_word': 20, 'Length_guess': 14, 'Length_ten_points': 0, 'Frequency_guess': 3.912023005428146, 'GuessFormat_has_parentheses': 0, 'GuessFormat_has_quotes': 0, 'GuessFormat_word_count': 2, 'GuessFormat_has_numbers': 0, 'RunPosition_position_ratio': 0.24222222222222223, 'RunPosition_early_question': 1, 'RunPosition_late_question': 0, 'QuestionKeyword_signal_for_ten_points': 0, 'QuestionKeyword_signal_name_this': 0, 'QuestionKeyword_signal_identify_this': 0, 'QuestionKeyword_signal_what_is': 0, 'QuestionKeyword_signal_who_is': 0, 'QuestionKeyword_signal_this_author': 0, 'QuestionKeyword_signal_this_work': 0, 'QuestionKeyword_signal_this_character': 0, 'QuestionKeyword_signal_this_person': 0, 'QuestionKeyword_signal_this_country': 0, 'QuestionKeyword_signal_this_battle': 0, 'QuestionKeyword_signal_this_composer': 0, 'QuestionKeyword_signal_this_painting': 0, 'GuessQuality_proper_noun': 1, 'GuessQuality_single_word': 0, 'GuessQuality_has_title_case': 1, 'AnswerType_expects_person': 0, 'AnswerType_expects_work': 0, 'AnswerType_expects_place': 0, 'final': np.True_}"
True,3,1,7,Jacques Lacan,0.00,"{'Gpr_confidence': -0.172492792532, 'Length_char': 148, 'Length_word': 27, 'Length_guess': 13, 'Length_ten_points': 0, 'Frequency_guess': 2.0794415416798357, 'GuessFormat_has_parentheses': 0, 'GuessFormat_has_quotes': 0, 'GuessFormat_word_count': 2, 'GuessFormat_has_numbers': 0, 'RunPosition_position_ratio': 0.3288888888888889, 'RunPosition_early_question': 0, 'RunPosition_late_question': 0, 'QuestionKeyword_signal_for_ten_points': 0, 'QuestionKeyword_signal_name_this': 0, 'QuestionKeyword_signal_identify_this': 0, 'QuestionKeyword_signal_what_is': 0, 'QuestionKeyword_signal_who_is': 0, 'QuestionKeyword_signal_this_author': 0, 'QuestionKeyword_signal_this_work': 0, 'QuestionKeyword_signal_this_character': 0, 'QuestionKeyword_signal_this_person': 0, 'QuestionKeyword_signal_this_country': 0, 'QuestionKeyword_signal_this_battle': 0, 'QuestionKeyword_signal_this_composer': 0, 'QuestionKeyword_signal_this_painting': 0, 'GuessQuality_proper_noun': 1, 'GuessQuality_single_word': 0, 'GuessQuality_has_title_case': 1, 'AnswerType_expects_person': 0, 'AnswerType_expects_work': 0, 'AnswerType_expects_place': 0, 'final': np.True_}"
True,3,1,12,Jacques Lacan,0.00,"{'Gpr_confidence': -0.026256021633, 'Length_char': 186, 'Length_word': 32, 'Length_guess': 13, 'Length_ten_points': 0, 'Frequency_guess': 2.0794415416798357, 'GuessFormat_has_parentheses': 0, 'GuessFormat_has_quotes': 0, 'GuessFormat_word_count': 2, 'GuessFormat_has_numbers': 0, 'RunPosition_position_ratio': 0.41333333333333333, 'RunPosition_early_question': 0, 'RunPosition_late_question': 0, 'QuestionKeyword_signal_for_ten_points': 0, 'QuestionKeyword_signal_name_this': 0, 'QuestionKeyword_signal_identify_this': 0, 'QuestionKeyword_signal_what_is': 0, 'QuestionKeyword_signal_who_is': 0, 'QuestionKeyword_signal_this_author': 0, 'QuestionKeyword_signal_this_work': 0, 'QuestionKeyword_signal_this_character': 0, 'QuestionKeyword_signal_this_person': 0, 'QuestionKeyword_signal_this_country': 0, 'QuestionKeyword_signal_this_battle': 0, 'QuestionKeyword_signal_this_composer': 0, 'QuestionKeyword_signal_this_painting': 0, 'GuessQuality_proper_noun': 1, 'GuessQuality_single_word': 0, 'GuessQuality_has_title_case': 1, 'AnswerType_expects_person': 0, 'AnswerType_expects_work': 0, 'AnswerType_expects_place': 0, 'final': np.True_}"
True,3,1,17,Jacques Lacan,0.00,"{'Gpr_confidence': -0.0355287858395, 'Length_char': 216, 'Length_word': 37, 'Length_guess': 13, 'Length_ten_points': 0, 'Frequency_guess': 2.0794415416798357, 'GuessFormat_has_parentheses': 0, 'GuessFormat_has_quotes': 0, 'GuessFormat_word_count': 2, 'GuessFormat_has_numbers': 0, 'RunPosition_position_ratio': 0.48, 'RunPosition_early_question': 0, 'RunPosition_late_question': 0, 'QuestionKeyword_signal_for_ten_points': 0, 'QuestionKeyword_signal_name_this': 0, 'QuestionKeyword_signal_identify_this': 0, 'QuestionKeyword_signal_what_is': 0, 'QuestionKeyword_signal_who_is': 0, 'QuestionKeyword_signal_this_author': 0, 'QuestionKeyword_signal_this_work': 0, 'QuestionKeyword_signal_this_character': 0, 'QuestionKeyword_signal_this_person': 0, 'QuestionKeyword_signal_this_country': 0, 'QuestionKeyword_signal_this_battle': 0, 'QuestionKeyword_signal_this_composer': 0, 'QuestionKeyword_signal_this_painting': 0, 'GuessQuality_proper_noun': 1, 'GuessQuality_single_word': 0, 'GuessQuality_has_title_case': 1, 'AnswerType_expects_person': 0, 'AnswerType_expects_work': 1, 'AnswerType_expects_place': 0, 'final': np.True_}"
True,3,1,20,Jacques Lacan,0.00,"{'Gpr_confidence': -0.0171517559675, 'Length_char': 234, 'Length_word': 40, 'Length_guess': 13, 'Length_ten_points': 0, 'Frequency_guess': 2.0794415416798357, 'GuessFormat_has_parentheses': 0, 'GuessFormat_has_quotes': 0, 'GuessFormat_word_count': 2, 'GuessFormat_has_numbers': 0, 'RunPosition_position_ratio': 0.52, 'RunPosition_early_question': 0, 'RunPosition_late_question': 0, 'QuestionKeyword_signal_for_ten_points': 0, 'QuestionKeyword_signal_name_this': 0, 'QuestionKeyword_signal_identify_this': 0, 'QuestionKeyword_signal_what_is': 0, 'QuestionKeyword_signal_who_is': 0, 'QuestionKeyword_signal_this_author': 0, 'QuestionKeyword_signal_this_work': 0, 'QuestionKeyword_signal_this_character': 0, 'QuestionKeyword_signal_this_person': 0, 'QuestionKeyword_signal_this_country': 0, 'QuestionKeyword_signal_this_battle': 0, 'QuestionKeyword_signal_this_composer': 0, 'QuestionKeyword_signal_this_painting': 0, 'GuessQuality_proper_noun': 1, 'GuessQuality_single_word': 0, 'GuessQuality_has_title_case': 1, 'AnswerType_expects_person': 0, 'AnswerType_expects_work': 1, 'AnswerType_expects_place': 0, 'final': np.True_}"
True,3,2,8,Jacques Lacan,0.00,"{'Gpr_confidence': -0.02147239507985, 'Length_char': 277, 'Length_word': 48, 'Length_guess': 13, 'Length_ten_points': 0, 'Frequency_guess': 2.0794415416798357, 'GuessFormat_has_parentheses': 0, 'GuessFormat_has_quotes': 0, 'GuessFormat_word_count': 2, 'GuessFormat_has_numbers': 0, 'RunPosition_position_ratio': 0.6155555555555555, 'RunPosition_early_question': 0, 'RunPosition_late_question': 0, 'QuestionKeyword_signal_for_ten_points': 0, 'QuestionKeyword_signal_name_this': 0, 'QuestionKeyword_signal_identify_this': 0, 'QuestionKeyword_signal_what_is': 0, 'QuestionKeyword_signal_who_is': 0, 'QuestionKeyword_signal_this_author': 0, 'QuestionKeyword_signal_this_work': 0, 'QuestionKeyword_signal_this_character': 0, 'QuestionKeyword_signal_this_person': 0, 'QuestionKeyword_signal_this_country': 0, 'QuestionKeyword_signal_this_battle': 0, 'QuestionKeyword_signal_this_composer': 0, 'QuestionKeyword_signal_this_painting': 0, 'GuessQuality_proper_noun': 1, 'GuessQuality_single_word': 0, 'GuessQuality_has_title_case': 1, 'AnswerType_expects_person': 0, 'AnswerType_expects_work': 1, 'AnswerType_expects_place': 0, 'final': np.True_}"
True,3,2,13,Jacques Lacan,0.00,"{'Gpr_confidence': -0.043972288291499996, 'Length_char': 320, 'Length_word': 53, 'Length_guess': 13, 'Length_ten_points': 0, 'Frequency_guess': 2.0794415416798357, 'GuessFormat_has_parentheses': 0, 'GuessFormat_has_quotes': 0, 'GuessFormat_word_count': 2, 'GuessFormat_has_numbers': 0, 'RunPosition_position_ratio': 0.7111111111111111, 'RunPosition_early_question': 0, 'RunPosition_late_question': 0, 'QuestionKeyword_signal_for_ten_points': 0, 'QuestionKeyword_signal_name_this': 0, 'QuestionKeyword_signal_identify_this': 0, 'QuestionKeyword_signal_what_is': 0, 'QuestionKeyword_signal_who_is': 0, 'QuestionKeyword_signal_this_author': 0, 'QuestionKeyword_signal_this_work': 0, 'QuestionKeyword_signal_this_character': 0, 'QuestionKeyword_signal_this_person': 0, 'QuestionKeyword_signal_this_country': 0, 'QuestionKeyword_signal_this_battle': 0, 'QuestionKeyword_signal_this_composer': 0, 'QuestionKeyword_signal_this_painting': 0, 'GuessQuality_proper_noun': 1, 'GuessQuality_single_word': 0, 'GuessQuality_has_title_case': 1, 'AnswerType_expects_person': 0, 'AnswerType_expects_work': 1, 'AnswerType_expects_place': 0, 'final': np.True_}"
True,3,2,16,Jacques Lacan,0.00,"{'Gpr_confidence': -0.12307900780725001, 'Length_char': 342, 'Length_word': 56, 'Length_guess': 13, 'Length_ten_points': 0, 'Frequency_guess': 2.0794415416798357, 'GuessFormat_has_parentheses': 0, 'GuessFormat_has_quotes': 0, 'GuessFormat_word_count': 2, 'GuessFormat_has_numbers': 0, 'RunPosition_position_ratio': 0.76, 'RunPosition_early_question': 0, 'RunPosition_late_question': 1, 'QuestionKeyword_signal_for_ten_points': 0, 'QuestionKeyword_signal_name_this': 0, 'QuestionKeyword_signal_identify_this': 0, 'QuestionKeyword_signal_what_is': 0, 'QuestionKeyword_signal_who_is': 0, 'QuestionKeyword_signal_this_author': 0, 'QuestionKeyword_signal_this_work': 0, 'QuestionKeyword_signal_this_character': 0, 'QuestionKeyword_signal_this_person': 0, 'QuestionKeyword_signal_this_country': 0, 'QuestionKeyword_signal_this_battle': 0, 'QuestionKeyword_signal_this_composer': 0, 'QuestionKeyword_signal_this_painting': 0, 'GuessQuality_proper_noun': 1, 'GuessQuality_single_word': 0, 'GuessQuality_has_title_case': 1, 'AnswerType_expects_person': 0, 'AnswerType_expects_work': 1, 'AnswerType_expects_place': 0, 'final': np.True_}"
True,3,2,23,Jacques Lacan,0.00,"{'Gpr_confidence': -0.21432738618075, 'Length_char': 375, 'Length_word': 63, 'Length_guess': 13, 'Length_ten_points': 0, 'Frequency_guess': 2.0794415416798357, 'GuessFormat_has_parentheses': 0, 'GuessFormat_has_quotes': 0, 'GuessFormat_word_count': 2, 'GuessFormat_has_numbers': 0, 'RunPosition_position_ratio': 0.8333333333333334, 'RunPosition_early_question': 0, 'RunPosition_late_question': 1, 'QuestionKeyword_signal_for_ten_points': 0, 'QuestionKeyword_signal_name_this': 0, 'QuestionKeyword_signal_identify_this': 0, 'QuestionKeyword_signal_what_is': 0, 'QuestionKeyword_signal_who_is': 0, 'QuestionKeyword_signal_this_author': 0, 'QuestionKeyword_signal_this_work': 0, 'QuestionKeyword_signal_this_character': 0, 'QuestionKeyword_signal_this_person': 0, 'QuestionKeyword_signal_this_country': 0, 'QuestionKeyword_signal_this_battle': 0, 'QuestionKeyword_signal_this_composer': 0, 'QuestionKeyword_signal_this_painting': 0, 'GuessQuality_proper_noun': 1, 'GuessQuality_single_word': 0, 'GuessQuality_has_title_case': 1, 'AnswerType_expects_person': 0, 'AnswerType_expects_work': 1, 'AnswerType_expects_place': 0, 'final': np.True_}"
True,3,3,7,Sigmund Freud,0.00,"{'Gpr_confidence': -0.06610694212325, 'Length_char': 413, 'Length_word': 70, 'Length_guess': 13, 'Length_ten_points': 0, 'Frequency_guess': 4.007333185232471, 'GuessFormat_has_parentheses': 0, 'GuessFormat_has_quotes': 0, 'GuessFormat_word_count': 2, 'GuessFormat_has_numbers': 0, 'RunPosition_position_ratio': 0.9177777777777778, 'RunPosition_early_question': 0, 'RunPosition_late_question': 1, 'QuestionKeyword_signal_for_ten_points': 0, 'QuestionKeyword_signal_name_this': 0, 'QuestionKeyword_signal_identify_this': 0, 'QuestionKeyword_signal_what_is': 0, 'QuestionKeyword_signal_who_is': 0, 'QuestionKeyword_signal_this_author': 0, 'QuestionKeyword_signal_this_work': 0, 'QuestionKeyword_signal_this_character': 0, 'QuestionKeyword_signal_this_person': 0, 'QuestionKeyword_signal_this_country': 0, 'QuestionKeyword_signal_this_battle': 0, 'QuestionKeyword_signal_this_composer': 0, 'QuestionKeyword_signal_this_painting': 0, 'GuessQuality_proper_noun': 1, 'GuessQuality_single_word': 0, 'GuessQuality_has_title_case': 1, 'AnswerType_expects_person': 0, 'AnswerType_expects_work': 1, 'AnswerType_expects_place': 0, 'final': np.True_}"
True,3,3,14,Sigmund Freud,0.00,"{'Gpr_confidence': -0.001646752751825, 'Length_char': 450, 'Length_word': 77, 'Length_guess': 13, 'Length_ten_points': 0, 'Frequency_guess': 4.007333185232471, 'GuessFormat_has_parentheses': 0, 'GuessFormat_has_quotes': 0, 'GuessFormat_word_count': 2, 'GuessFormat_has_numbers': 0, 'RunPosition_position_ratio': 1.0, 'RunPosition_early_question': 0, 'RunPosition_late_question': 1, 'QuestionKeyword_signal_for_ten_points': 0, 'QuestionKeyword_signal_name_this': 0, 'QuestionKeyword_signal_identify_this': 0, 'QuestionKeyword_signal_what_is': 0, 'QuestionKeyword_signal_who_is': 0, 'QuestionKeyword_signal_this_author': 0, 'QuestionKeyword_signal_this_work': 0, 'QuestionKeyword_signal_this_character': 0, 'QuestionKeyword_signal_this_person': 0, 'QuestionKeyword_signal_this_country': 0, 'QuestionKeyword_signal_this_battle': 0, 'QuestionKeyword_signal_this_composer': 0, 'QuestionKeyword_signal_this_painting': 0, 'GuessQuality_proper_noun': 1, 'GuessQuality_single_word': 0, 'GuessQuality_has_title_case': 1, 'AnswerType_expects_person': 0, 'AnswerType_expects_work': 1, 'AnswerType_expects_place': 0, 'final': np.True_}"
True,3,3,20,Sigmund Freud,0.00,"{'Gpr_confidence': -0.000538856718875, 'Length_char': 487, 'Length_word': 83, 'Length_guess': 13, 'Length_ten_points': 0, 'Frequency_guess': 4.007333185232471, 'GuessFormat_has_parentheses': 0, 'GuessFormat_has_quotes': 0, 'GuessFormat_word_count': 2, 'GuessFormat_has_numbers': 0, 'RunPosition_position_ratio': 1.0822222222222222, 'RunPosition_early_question': 0, 'RunPosition_late_question': 1, 'QuestionKeyword_signal_for_ten_points': 0, 'QuestionKeyword_signal_name_this': 0, 'QuestionKeyword_signal_identify_this': 0, 'QuestionKeyword_signal_what_is': 0, 'QuestionKeyword_signal_who_is': 0, 'QuestionKeyword_signal_this_author': 0, 'QuestionKeyword_signal_this_work': 0, 'QuestionKeyword_signal_this_character': 0, 'QuestionKeyword_signal_this_person': 0, 'QuestionKeyword_signal_this_country': 0, 'QuestionKeyword_signal_this_battle': 0, 'QuestionKeyword_signal_this_composer': 0, 'QuestionKeyword_signal_this_painting': 0, 'GuessQuality_proper_noun': 1, 'GuessQuality_single_word': 0, 'GuessQuality_has_title_case': 1, 'AnswerType_expects_person': 0, 'AnswerType_expects_work': 1, 'AnswerType_expects_place': 0, 'final': np.True_}"
True,3,3,26,Sigmund Freud,0.00,"{'Gpr_confidence': -0.00188949305325, 'Length_char': 519, 'Length_word': 89, 'Length_guess': 13, 'Length_ten_points': 0, 'Frequency_guess': 4.007333185232471, 'GuessFormat_has_parentheses': 0, 'GuessFormat_has_quotes': 0, 'GuessFormat_word_count': 2, 'GuessFormat_has_numbers': 0, 'RunPosition_position_ratio': 1.1533333333333333, 'RunPosition_early_question': 0, 'RunPosition_late_question': 1, 'QuestionKeyword_signal_for_ten_points': 0, 'QuestionKeyword_signal_name_this': 0, 'QuestionKeyword_signal_identify_this': 0, 'QuestionKeyword_signal_what_is': 0, 'QuestionKeyword_signal_who_is': 0, 'QuestionKeyword_signal_this_author': 0, 'QuestionKeyword_signal_this_work': 0, 'QuestionKeyword_signal_this_character': 0, 'QuestionKeyword_signal_this_person': 0, 'QuestionKeyword_signal_this_country': 0, 'QuestionKeyword_signal_this_battle': 0, 'QuestionKeyword_signal_this_composer': 0, 'QuestionKeyword_signal_this_painting': 0, 'GuessQuality_proper_noun': 1, 'GuessQuality_single_word': 0, 'GuessQuality_has_title_case': 1, 'AnswerType_expects_person': 0, 'AnswerType_expects_work': 1, 'AnswerType_expects_place': 0, 'final': np.True_}"
True,3,3,29,Sigmund Freud,0.00,"{'Gpr_confidence': -0.0018005971891249999, 'Length_char': 538, 'Length_word': 92, 'Length_guess': 13, 'Length_ten_points': 0, 'Frequency_guess': 4.007333185232471, 'GuessFormat_has_parentheses': 0, 'GuessFormat_has_quotes': 0, 'GuessFormat_word_count': 2, 'GuessFormat_has_numbers': 0, 'RunPosition_position_ratio': 1.1955555555555555, 'RunPosition_early_question': 0, 'RunPosition_late_question': 1, 'QuestionKeyword_signal_for_ten_points': 0, 'QuestionKeyword_signal_name_this': 0, 'QuestionKeyword_signal_identify_this': 0, 'QuestionKeyword_signal_what_is': 0, 'QuestionKeyword_signal_who_is': 0, 'QuestionKeyword_signal_this_author': 0, 'QuestionKeyword_signal_this_work': 0, 'QuestionKeyword_signal_this_character': 0, 'QuestionKeyword_signal_this_person': 0, 'QuestionKeyword_signal_this_country': 0, 'QuestionKeyword_signal_this_battle': 0, 'QuestionKeyword_signal_this_composer': 0, 'QuestionKeyword_signal_this_painting': 0, 'GuessQuality_proper_noun': 1, 'GuessQuality_single_word': 0, 'GuessQuality_has_title_case': 1, 'AnswerType_expects_person': 0, 'AnswerType_expects_work': 1, 'AnswerType_expects_place': 0, 'final': np.True_}"
True,3,4,7,Sigmund Freud,0.00,"{'Gpr_confidence': -0.0022760855017500002, 'Length_char': 578, 'Length_word': 99, 'Length_guess': 13, 'Length_ten_points': 0, 'Frequency_guess': 4.007333185232471, 'GuessFormat_has_parentheses': 0, 'GuessFormat_has_quotes': 0, 'GuessFormat_word_count': 2, 'GuessFormat_has_numbers': 0, 'RunPosition_position_ratio': 1.2844444444444445, 'RunPosition_early_question': 0, 'RunPosition_late_question': 1, 'QuestionKeyword_signal_for_ten_points': 0, 'QuestionKeyword_signal_name_this': 0, 'QuestionKeyword_signal_identify_this': 0, 'QuestionKeyword_signal_what_is': 0, 'QuestionKeyword_signal_who_is': 0, 'QuestionKeyword_signal_this_author': 0, 'QuestionKeyword_signal_this_work': 0, 'QuestionKeyword_signal_this_character': 0, 'QuestionKeyword_signal_this_person': 0, 'QuestionKeyword_signal_this_country': 0, 'QuestionKeyword_signal_this_battle': 0, 'QuestionKeyword_signal_this_composer': 0, 'QuestionKeyword_signal_this_painting': 0, 'GuessQuality_proper_noun': 1, 'GuessQuality_single_word': 0, 'GuessQuality_has_title_case': 1, 'AnswerType_expects_person': 0, 'AnswerType_expects_work': 1, 'AnswerType_expects_place': 0, 'final': np.True_}"
True,3,4,12,Sigmund Freud,0.00,"{'Gpr_confidence': -0.0017460361892, 'Length_char': 613, 'Length_word': 104, 'Length_guess': 13, 'Length_ten_points': 0, 'Frequency_guess': 4.007333185232471, 'GuessFormat_has_parentheses': 0, 'GuessFormat_has_quotes': 0, 'GuessFormat_word_count': 2, 'GuessFormat_has_numbers': 0, 'RunPosition_position_ratio': 1.3622222222222222, 'RunPosition_early_question': 0, 'RunPosition_late_question': 1, 'QuestionKeyword_signal_for_ten_points': 0, 'QuestionKeyword_signal_name_this': 0, 'QuestionKeyword_signal_identify_this': 0, 'QuestionKeyword_signal_what_is': 0, 'QuestionKeyword_signal_who_is': 0, 'QuestionKeyword_signal_this_author': 0, 'QuestionKeyword_signal_this_work': 0, 'QuestionKeyword_signal_this_character': 0, 'QuestionKeyword_signal_this_person': 0, 'QuestionKeyword_signal_this_country': 0, 'QuestionKeyword_signal_this_battle': 0, 'QuestionKeyword_signal_this_composer': 0, 'QuestionKeyword_signal_this_painting': 0, 'GuessQuality_proper_noun': 1, 'GuessQuality_single_word': 0, 'GuessQuality_has_title_case': 1, 'AnswerType_expects_person': 0, 'AnswerType_expects_work': 1, 'AnswerType_expects_place': 0, 'final': np.True_}"
True,3,4,17,Sigmund Freud,0.00,"{'Gpr_confidence': -0.0018201793010999999, 'Length_char': 644, 'Length_word': 109, 'Length_guess': 13, 'Length_ten_points': 0, 'Frequency_guess': 4.007333185232471, 'GuessFormat_has_parentheses': 0, 'GuessFormat_has_quotes': 0, 'GuessFormat_word_count': 2, 'GuessFormat_has_numbers': 0, 'RunPosition_position_ratio': 1.431111111111111, 'RunPosition_early_question': 0, 'RunPosition_late_question': 1, 'QuestionKeyword_signal_for_ten_points': 0, 'QuestionKeyword_signal_name_this': 0, 'QuestionKeyword_signal_identify_this': 0, 'QuestionKeyword_signal_what_is': 0, 'QuestionKeyword_signal_who_is': 0, 'QuestionKeyword_signal_this_author': 0, 'QuestionKeyword_signal_this_work': 0, 'QuestionKeyword_signal_this_character': 0, 'QuestionKeyword_signal_this_person': 0, 'QuestionKeyword_signal_this_country': 0, 'QuestionKeyword_signal_this_battle': 0, 'QuestionKeyword_signal_this_composer': 0, 'QuestionKeyword_signal_this_painting': 0, 'GuessQuality_proper_noun': 1, 'GuessQuality_single_word': 0, 'GuessQuality_has_title_case': 1, 'AnswerType_expects_person': 0, 'AnswerType_expects_work': 1, 'AnswerType_expects_place': 0, 'final': np.True_}"
True,3,5,8,Sigmund Freud,0.00,"{'Gpr_confidence': -0.0016461866711999999, 'Length_char': 687, 'Length_word': 117, 'Length_guess': 13, 'Length_ten_points': 0, 'Frequency_guess': 4.007333185232471, 'GuessFormat_has_parentheses': 0, 'GuessFormat_has_quotes': 0, 'GuessFormat_word_count': 2, 'GuessFormat_has_numbers': 0, 'RunPosition_position_ratio': 1.5266666666666666, 'RunPosition_early_question': 0, 'RunPosition_late_question': 1, 'QuestionKeyword_signal_for_ten_points': 0, 'QuestionKeyword_signal_name_this': 1, 'QuestionKeyword_signal_identify_this': 0, 'QuestionKeyword_signal_what_is': 0, 'QuestionKeyword_signal_who_is': 0, 'QuestionKeyword_signal_this_author': 0, 'QuestionKeyword_signal_this_work': 0, 'QuestionKeyword_signal_this_character': 0, 'QuestionKeyword_signal_this_person': 0, 'QuestionKeyword_signal_this_country': 0, 'QuestionKeyword_signal_this_battle': 0, 'QuestionKeyword_signal_this_composer': 0, 'QuestionKeyword_signal_this_painting': 0, 'GuessQuality_proper_noun': 1, 'GuessQuality_single_word': 0, 'GuessQuality_has_title_case': 1, 'AnswerType_expects_person': 0, 'AnswerType_expects_work': 1, 'AnswerType_expects_place': 0, 'final': np.True_}"
True,3,5,14,Sigmund Freud,0.00,"{'Gpr_confidence': -0.0001156900426625, 'Length_char': 716, 'Length_word': 123, 'Length_guess': 13, 'Length_ten_points': 0, 'Frequency_guess': 4.007333185232471, 'GuessFormat_has_parentheses': 0, 'GuessFormat_has_quotes': 0, 'GuessFormat_word_count': 2, 'GuessFormat_has_numbers': 0, 'RunPosition_position_ratio': 1.5911111111111111, 'RunPosition_early_question': 0, 'RunPosition_late_question': 1, 'QuestionKeyword_signal_for_ten_points': 0, 'QuestionKeyword_signal_name_this': 1, 'QuestionKeyword_signal_identify_this': 0, 'QuestionKeyword_signal_what_is': 0, 'QuestionKeyword_signal_who_is': 0, 'QuestionKeyword_signal_this_author': 0, 'QuestionKeyword_signal_this_work': 0, 'QuestionKeyword_signal_this_character': 0, 'QuestionKeyword_signal_this_person': 0, 'QuestionKeyword_signal_this_country': 0, 'QuestionKeyword_signal_this_battle': 0, 'QuestionKeyword_signal_this_composer': 0, 'QuestionKeyword_signal_this_painting': 0, 'GuessQuality_proper_noun': 1, 'GuessQuality_single_word': 0, 'GuessQuality_has_title_case': 1, 'AnswerType_expects_person': 0, 'AnswerType_expects_work': 1, 'AnswerType_expects_place': 0, 'final': np.True_}"
True,3,5,16,Sigmund Freud,0.00,"{'Gpr_confidence': -9.602693765e-05, 'Length_char': 740, 'Length_word': 125, 'Length_guess': 13, 'Length_ten_points': 0, 'Frequency_guess': 4.007333185232471, 'GuessFormat_has_parentheses': 0, 'GuessFormat_has_quotes': 0, 'GuessFormat_word_count': 2, 'GuessFormat_has_numbers': 0, 'RunPosition_position_ratio': 1.6444444444444444, 'RunPosition_early_question': 0, 'RunPosition_late_question': 1, 'QuestionKeyword_signal_for_ten_points': 0, 'QuestionKeyword_signal_name_this': 1, 'QuestionKeyword_signal_identify_this': 0, 'QuestionKeyword_signal_what_is': 0, 'QuestionKeyword_signal_who_is': 0, 'QuestionKeyword_signal_this_author': 0, 'QuestionKeyword_signal_this_work': 0, 'QuestionKeyword_signal_this_character': 0, 'QuestionKeyword_signal_this_person': 0, 'QuestionKeyword_signal_this_country': 0, 'QuestionKeyword_signal_this_battle': 0, 'QuestionKeyword_signal_this_composer': 0, 'QuestionKeyword_signal_this_painting': 0, 'GuessQuality_proper_noun': 1, 'GuessQuality_single_word': 0, 'GuessQuality_has_title_case': 1, 'AnswerType_expects_person': 0, 'AnswerType_expects_work': 1, 'AnswerType_expects_place': 0, 'final': np.True_}"
True,3,5,16,Sigmund Freud,0.00,"{'Gpr_confidence': -9.602693765e-05, 'Length_char': 740, 'Length_word': 125, 'Length_guess': 13, 'Length_ten_points': 0, 'Frequency_guess': 4.007333185232471, 'GuessFormat_has_parentheses': 0, 'GuessFormat_has_quotes': 0, 'GuessFormat_word_count': 2, 'GuessFormat_has_numbers': 0, 'RunPosition_position_ratio': 1.6444444444444444, 'RunPosition_early_question': 0, 'RunPosition_late_question': 1, 'QuestionKeyword_signal_for_ten_points': 0, 'QuestionKeyword_signal_name_this': 1, 'QuestionKeyword_signal_identify_this': 0, 'QuestionKeyword_signal_what_is': 0, 'QuestionKeyword_signal_who_is': 0, 'QuestionKeyword_signal_this_author': 0, 'QuestionKeyword_signal_this_work': 0, 'QuestionKeyword_signal_this_character': 0, 'QuestionKeyword_signal_this_person': 0, 'QuestionKeyword_signal_this_country': 0, 'QuestionKeyword_signal_this_battle': 0, 'QuestionKeyword_signal_this_composer': 0, 'QuestionKeyword_signal_this_painting': 0, 'GuessQuality_proper_noun': 1, 'GuessQuality_single_word': 0, 'GuessQuality_has_title_case': 1, 'AnswerType_expects_person': 0, 'AnswerType_expects_work': 1, 'AnswerType_expects_place': 0, 'final': np.True_}"
False,4,0,7,Symmetric matrix,0.00,"{'Gpr_confidence': -0.4532482615766667, 'Length_char': 36, 'Length_word': 7, 'Length_guess': 16, 'Length_ten_points': 0, 'Frequency_guess': 1.0986122886681098, 'GuessFormat_has_parentheses': 0, 'GuessFormat_has_quotes': 0, 'GuessFormat_word_count': 2, 'GuessFormat_has_numbers': 0, 'RunPosition_position_ratio': 0.08, 'RunPosition_early_question': 1, 'RunPosition_late_question': 0, 'QuestionKeyword_signal_for_ten_points': 0, 'QuestionKeyword_signal_name_this': 0, 'QuestionKeyword_signal_identify_this': 0, 'QuestionKeyword_signal_what_is': 0, 'QuestionKeyword_signal_who_is': 0, 'QuestionKeyword_signal_this_author': 0, 'QuestionKeyword_signal_this_work': 0, 'QuestionKeyword_signal_this_character': 0, 'QuestionKeyword_signal_this_person': 0, 'QuestionKeyword_signal_this_country': 0, 'QuestionKeyword_signal_this_battle': 0, 'QuestionKeyword_signal_this_composer': 0, 'QuestionKeyword_signal_this_painting': 0, 'GuessQuality_proper_noun': 1, 'GuessQuality_single_word': 0, 'GuessQuality_has_title_case': 0, 'AnswerType_expects_person': 0, 'AnswerType_expects_work': 0, 'AnswerType_expects_place': 0, 'final': np.False_}"
False,4,0,13,Cayley-Hamilton theorem,0.00,"{'Gpr_confidence': -0.21226571141057143, 'Length_char': 78, 'Length_word': 13, 'Length_guess': 23, 'Length_ten_points': 0, 'Frequency_guess': 0.0, 'GuessFormat_has_parentheses': 0, 'GuessFormat_has_quotes': 0, 'GuessFormat_word_count': 2, 'GuessFormat_has_numbers': 0, 'RunPosition_position_ratio': 0.17333333333333334, 'RunPosition_early_question': 1, 'RunPosition_late_question': 0, 'QuestionKeyword_signal_for_ten_points': 0, 'QuestionKeyword_signal_name_this': 0, 'QuestionKeyword_signal_identify_this': 0, 'QuestionKeyword_signal_what_is': 0, 'QuestionKeyword_signal_who_is': 0, 'QuestionKeyword_signal_this_author': 0, 'QuestionKeyword_signal_this_work': 0, 'QuestionKeyword_signal_this_character': 0, 'QuestionKeyword_signal_this_person': 0, 'QuestionKeyword_signal_this_country': 0, 'QuestionKeyword_signal_this_battle': 0, 'QuestionKeyword_signal_this_composer': 0, 'QuestionKeyword_signal_this_painting': 0, 'GuessQuality_proper_noun': 1, 'GuessQuality_single_word': 0, 'GuessQuality_has_title_case': 0, 'AnswerType_expects_person': 0, 'AnswerType_expects_work': 0, 'AnswerType_expects_place': 0, 'final': np.False_}"
False,4,0,18,Characteristic polynomial,0.00,"{'Gpr_confidence': -0.4613083545, 'Length_char': 107, 'Length_word': 18, 'Length_guess': 25, 'Length_ten_points': 0, 'Frequency_guess': 1.6094379124341003, 'GuessFormat_has_parentheses': 0, 'GuessFormat_has_quotes': 0, 'GuessFormat_word_count': 2, 'GuessFormat_has_numbers': 0, 'RunPosition_position_ratio': 0.23777777777777778, 'RunPosition_early_question': 1, 'RunPosition_late_question': 0, 'QuestionKeyword_signal_for_ten_points': 0, 'QuestionKeyword_signal_name_this': 0, 'QuestionKeyword_signal_identify_this': 0, 'QuestionKeyword_signal_what_is': 0, 'QuestionKeyword_signal_who_is': 0, 'QuestionKeyword_signal_this_author': 0, 'QuestionKeyword_signal_this_work': 0, 'QuestionKeyword_signal_this_character': 0, 'QuestionKeyword_signal_this_person': 0, 'QuestionKeyword_signal_this_country': 0, 'QuestionKeyword_signal_this_battle': 0, 'QuestionKeyword_signal_this_composer': 0, 'QuestionKeyword_signal_this_painting': 0, 'GuessQuality_proper_noun': 1, 'GuessQuality_single_word': 0, 'GuessQuality_has_title_case': 0, 'AnswerType_expects_person': 0, 'AnswerType_expects_work': 0, 'AnswerType_expects_place': 0, 'final': np.False_}"
False,4,1,7,Invertible matrix,0.00,"{'Gpr_confidence': -0.1688091269075, 'Length_char': 148, 'Length_word': 25, 'Length_guess': 17, 'Length_ten_points': 0, 'Frequency_guess': 0.0, 'GuessFormat_has_parentheses': 0, 'GuessFormat_has_quotes': 0, 'GuessFormat_word_count': 2, 'GuessFormat_has_numbers': 0, 'RunPosition_position_ratio': 0.3288888888888889, 'RunPosition_early_question': 0, 'RunPosition_late_question': 0, 'QuestionKeyword_signal_for_ten_points': 0, 'QuestionKeyword_signal_name_this': 0, 'QuestionKeyword_signal_identify_this': 0, 'QuestionKeyword_signal_what_is': 0, 'QuestionKeyword_signal_who_is': 0, 'QuestionKeyword_signal_this_author': 0, 'QuestionKeyword_signal_this_work': 0, 'QuestionKeyword_signal_this_character': 0, 'QuestionKeyword_signal_this_person': 0, 'QuestionKeyword_signal_this_country': 0, 'QuestionKeyword_signal_this_battle': 0, 'QuestionKeyword_signal_this_composer': 0, 'QuestionKeyword_signal_this_painting': 0, 'GuessQuality_proper_noun': 1, 'GuessQuality_single_word': 0, 'GuessQuality_has_title_case': 0, 'AnswerType_expects_person': 0, 'AnswerType_expects_work': 0, 'AnswerType_expects_place': 0, 'final': np.False_}"
False,4,1,13,Invertible matrix,0.00,"{'Gpr_confidence': -0.023056076052500003, 'Length_char': 174, 'Length_word': 31, 'Length_guess': 17, 'Length_ten_points': 0, 'Frequency_guess': 0.0, 'GuessFormat_has_parentheses': 0, 'GuessFormat_has_quotes': 0, 'GuessFormat_word_count': 2, 'GuessFormat_has_numbers': 0, 'RunPosition_position_ratio': 0.38666666666666666, 'RunPosition_early_question': 0, 'RunPosition_late_question': 0, 'QuestionKeyword_signal_for_ten_points': 0, 'QuestionKeyword_signal_name_this': 0, 'QuestionKeyword_signal_identify_this': 0, 'QuestionKeyword_signal_what_is': 0, 'QuestionKeyword_signal_who_is': 0, 'QuestionKeyword_signal_this_author': 0, 'QuestionKeyword_signal_this_work': 0, 'QuestionKeyword_signal_this_character': 0, 'QuestionKeyword_signal_this_person': 0, 'QuestionKeyword_signal_this_country': 0, 'QuestionKeyword_signal_this_battle': 0, 'QuestionKeyword_signal_this_composer': 0, 'QuestionKeyword_signal_this_painting': 0, 'GuessQuality_proper_noun': 1, 'GuessQuality_single_word': 0, 'GuessQuality_has_title_case': 0, 'AnswerType_expects_person': 0, 'AnswerType_expects_work': 0, 'AnswerType_expects_place': 0, 'final': np.False_}"
False,4,2,5,Invertible matrix,0.00,"{'Gpr_confidence': -0.019229416491749998, 'Length_char': 211, 'Length_word': 36, 'Length_guess': 17, 'Length_ten_points': 0, 'Frequency_guess': 0.0, 'GuessFormat_has_parentheses': 0, 'GuessFormat_has_quotes': 0, 'GuessFormat_word_count': 2, 'GuessFormat_has_numbers': 0, 'RunPosition_position_ratio': 0.4688888888888889, 'RunPosition_early_question': 0, 'RunPosition_late_question': 0, 'QuestionKeyword_signal_for_ten_points': 0, 'QuestionKeyword_signal_name_this': 0, 'QuestionKeyword_signal_identify_this': 0, 'QuestionKeyword_signal_what_is': 0, 'QuestionKeyword_signal_who_is': 0, 'QuestionKeyword_signal_this_author': 0, 'QuestionKeyword_signal_this_work': 0, 'QuestionKeyword_signal_this_character': 0, 'QuestionKeyword_signal_this_person': 0, 'QuestionKeyword_signal_this_country': 0, 'QuestionKeyword_signal_this_battle': 0, 'QuestionKeyword_signal_this_composer': 0, 'QuestionKeyword_signal_this_painting': 0, 'GuessQuality_proper_noun': 1, 'GuessQuality_single_word': 0, 'GuessQuality_has_title_case': 0, 'AnswerType_expects_person': 0, 'AnswerType_expects_work': 0, 'AnswerType_expects_place': 0, 'final': np.False_}"
False,4,2,11,Invertible matrix,0.00,"{'Gpr_confidence': -0.04022400929, 'Length_char': 249, 'Length_word': 42, 'Length_guess': 17, 'Length_ten_points': 0, 'Frequency_guess': 0.0, 'GuessFormat_has_parentheses': 0, 'GuessFormat_has_quotes': 0, 'GuessFormat_word_count': 2, 'GuessFormat_has_numbers': 0, 'RunPosition_position_ratio': 0.5533333333333333, 'RunPosition_early_question': 0, 'RunPosition_late_question': 0, 'QuestionKeyword_signal_for_ten_points': 0, 'QuestionKeyword_signal_name_this': 0, 'QuestionKeyword_signal_identify_this': 0, 'QuestionKeyword_signal_what_is': 0, 'QuestionKeyword_signal_who_is': 0, 'QuestionKeyword_signal_this_author': 0, 'QuestionKeyword_signal_this_work': 0, 'QuestionKeyword_signal_this_character': 0, 'QuestionKeyword_signal_this_person': 0, 'QuestionKeyword_signal_this_country': 0, 'QuestionKeyword_signal_this_battle': 0, 'QuestionKeyword_signal_this_composer': 0, 'QuestionKeyword_signal_this_painting': 0, 'GuessQuality_proper_noun': 1, 'GuessQuality_single_word': 0, 'GuessQuality_has_title_case': 0, 'AnswerType_expects_person': 0, 'AnswerType_expects_work': 0, 'AnswerType_expects_place': 0, 'final': np.False_}"
False,4,2,18,Invertible matrix,0.00,"{'Gpr_confidence': -0.01719677233125, 'Length_char': 289, 'Length_word': 49, 'Length_guess': 17, 'Length_ten_points': 0, 'Frequency_guess': 0.0, 'GuessFormat_has_parentheses': 0, 'GuessFormat_has_quotes': 0, 'GuessFormat_word_count': 2, 'GuessFormat_has_numbers': 0, 'RunPosition_position_ratio': 0.6422222222222222, 'RunPosition_early_question': 0, 'RunPosition_late_question': 0, 'QuestionKeyword_signal_for_ten_points': 0, 'QuestionKeyword_signal_name_this': 0, 'QuestionKeyword_signal_identify_this': 0, 'QuestionKeyword_signal_what_is': 0, 'QuestionKeyword_signal_who_is': 0, 'QuestionKeyword_signal_this_author': 0, 'QuestionKeyword_signal_this_work': 0, 'QuestionKeyword_signal_this_character': 0, 'QuestionKeyword_signal_this_person': 0, 'QuestionKeyword_signal_this_country': 0, 'QuestionKeyword_signal_this_battle': 0, 'QuestionKeyword_signal_this_composer': 0, 'QuestionKeyword_signal_this_painting': 0, 'GuessQuality_proper_noun': 1, 'GuessQuality_single_word': 0, 'GuessQuality_has_title_case': 0, 'AnswerType_expects_person': 0, 'AnswerType_expects_work': 0, 'AnswerType_expects_place': 0, 'final': np.False_}"
False,4,3,5,Invertible matrix,0.00,"{'Gpr_confidence': -0.007283882276, 'Length_char': 330, 'Length_word': 54, 'Length_guess': 17, 'Length_ten_points': 0, 'Frequency_guess': 0.0, 'GuessFormat_has_parentheses': 0, 'GuessFormat_has_quotes': 0, 'GuessFormat_word_count': 2, 'GuessFormat_has_numbers': 0, 'RunPosition_position_ratio': 0.7333333333333333, 'RunPosition_early_question': 0, 'RunPosition_late_question': 0, 'QuestionKeyword_signal_for_ten_points': 0, 'QuestionKeyword_signal_name_this': 0, 'QuestionKeyword_signal_identify_this': 0, 'QuestionKeyword_signal_what_is': 0, 'QuestionKeyword_signal_who_is': 0, 'QuestionKeyword_signal_this_author': 0, 'QuestionKeyword_signal_this_work': 0, 'QuestionKeyword_signal_this_character': 0, 'QuestionKeyword_signal_this_person': 0, 'QuestionKeyword_signal_this_country': 0, 'QuestionKeyword_signal_this_battle': 0, 'QuestionKeyword_signal_this_composer': 0, 'QuestionKeyword_signal_this_painting': 0, 'GuessQuality_proper_noun': 1, 'GuessQuality_single_word': 0, 'GuessQuality_has_title_case': 0, 'AnswerType_expects_person': 0, 'AnswerType_expects_work': 0, 'AnswerType_expects_place': 0, 'final': np.False_}"
False,4,3,11,Invertible matrix,0.00,"{'Gpr_confidence': -0.0135522974465, 'Length_char': 364, 'Length_word': 60, 'Length_guess': 17, 'Length_ten_points': 0, 'Frequency_guess': 0.0, 'GuessFormat_has_parentheses': 0, 'GuessFormat_has_quotes': 0, 'GuessFormat_word_count': 2, 'GuessFormat_has_numbers': 0, 'RunPosition_position_ratio': 0.8088888888888889, 'RunPosition_early_question': 0, 'RunPosition_late_question': 1, 'QuestionKeyword_signal_for_ten_points': 0, 'QuestionKeyword_signal_name_this': 0, 'QuestionKeyword_signal_identify_this': 0, 'QuestionKeyword_signal_what_is': 0, 'QuestionKeyword_signal_who_is': 0, 'QuestionKeyword_signal_this_author': 0, 'QuestionKeyword_signal_this_work': 0, 'QuestionKeyword_signal_this_character': 0, 'QuestionKeyword_signal_this_person': 0, 'QuestionKeyword_signal_this_country': 0, 'QuestionKeyword_signal_this_battle': 0, 'QuestionKeyword_signal_this_composer': 0, 'QuestionKeyword_signal_this_painting': 0, 'GuessQuality_proper_noun': 1, 'GuessQuality_single_word': 0, 'GuessQuality_has_title_case': 0, 'AnswerType_expects_person': 0, 'AnswerType_expects_work': 0, 'AnswerType_expects_place': 0, 'final': np.False_}"
False,4,3,19,Invertible matrix,0.00,"{'Gpr_confidence': -0.01339273289616, 'Length_char': 397, 'Length_word': 68, 'Length_guess': 17, 'Length_ten_points': 0, 'Frequency_guess': 0.0, 'GuessFormat_has_parentheses': 0, 'GuessFormat_has_quotes': 0, 'GuessFormat_word_count': 2, 'GuessFormat_has_numbers': 0, 'RunPosition_position_ratio': 0.8822222222222222, 'RunPosition_early_question': 0, 'RunPosition_late_question': 1, 'QuestionKeyword_signal_for_ten_points': 0, 'QuestionKeyword_signal_name_this': 0, 'QuestionKeyword_signal_identify_this': 0, 'QuestionKeyword_signal_what_is': 0, 'QuestionKeyword_signal_who_is': 0, 'QuestionKeyword_signal_this_author': 0, 'QuestionKeyword_signal_this_work': 0, 'QuestionKeyword_signal_this_character': 0, 'QuestionKeyword_signal_this_person': 0, 'QuestionKeyword_signal_this_country': 0, 'QuestionKeyword_signal_this_battle': 0, 'QuestionKeyword_signal_this_composer': 0, 'QuestionKeyword_signal_this_painting': 0, 'GuessQuality_proper_noun': 1, 'GuessQuality_single_word': 0, 'GuessQuality_has_title_case': 0, 'AnswerType_expects_person': 0, 'AnswerType_expects_work': 0, 'AnswerType_expects_place': 0, 'final': np.False_}"
False,4,3,23,Invertible matrix,0.00,"{'Gpr_confidence': -0.00836129569925, 'Length_char': 425, 'Length_word': 72, 'Length_guess': 17, 'Length_ten_points': 0, 'Frequency_guess': 0.0, 'GuessFormat_has_parentheses': 0, 'GuessFormat_has_quotes': 0, 'GuessFormat_word_count': 2, 'GuessFormat_has_numbers': 0, 'RunPosition_position_ratio': 0.9444444444444444, 'RunPosition_early_question': 0, 'RunPosition_late_question': 1, 'QuestionKeyword_signal_for_ten_points': 0, 'QuestionKeyword_signal_name_this': 0, 'QuestionKeyword_signal_identify_this': 0, 'QuestionKeyword_signal_what_is': 0, 'QuestionKeyword_signal_who_is': 0, 'QuestionKeyword_signal_this_author': 0, 'QuestionKeyword_signal_this_work': 0, 'QuestionKeyword_signal_this_character': 0, 'QuestionKeyword_signal_this_person': 0, 'QuestionKeyword_signal_this_country': 0, 'QuestionKeyword_signal_this_battle': 0, 'QuestionKeyword_signal_this_composer': 0, 'QuestionKeyword_signal_this_painting': 0, 'GuessQuality_proper_noun': 1, 'GuessQuality_single_word': 0, 'GuessQuality_has_title_case': 0, 'AnswerType_expects_person': 0, 'AnswerType_expects_work': 0, 'AnswerType_expects_place': 0, 'final': np.False_}"
False,4,4,6,Invertible matrix,0.00,"{'Gpr_confidence': -0.004196940978, 'Length_char': 462, 'Length_word': 78, 'Length_guess': 17, 'Length_ten_points': 0, 'Frequency_guess': 0.0, 'GuessFormat_has_parentheses': 0, 'GuessFormat_has_quotes': 0, 'GuessFormat_word_count': 2, 'GuessFormat_has_numbers': 0, 'RunPosition_position_ratio': 1.0266666666666666, 'RunPosition_early_question': 0, 'RunPosition_late_question': 1, 'QuestionKeyword_signal_for_ten_points': 0, 'QuestionKeyword_signal_name_this': 0, 'QuestionKeyword_signal_identify_this': 0, 'QuestionKeyword_signal_what_is': 0, 'QuestionKeyword_signal_who_is': 0, 'QuestionKeyword_signal_this_author': 0, 'QuestionKeyword_signal_this_work': 0, 'QuestionKeyword_signal_this_character': 0, 'QuestionKeyword_signal_this_person': 0, 'QuestionKeyword_signal_this_country': 0, 'QuestionKeyword_signal_this_battle': 0, 'QuestionKeyword_signal_this_composer': 0, 'QuestionKeyword_signal_this_painting': 0, 'GuessQuality_proper_noun': 1, 'GuessQuality_single_word': 0, 'GuessQuality_has_title_case': 0, 'AnswerType_expects_person': 0, 'AnswerType_expects_work': 0, 'AnswerType_expects_place': 0, 'final': np.False_}"
False,4,4,12,Invertible matrix,0.00,"{'Gpr_confidence': -0.00264622614285, 'Length_char': 498, 'Length_word': 84, 'Length_guess': 17, 'Length_ten_points': 0, 'Frequency_guess': 0.0, 'GuessFormat_has_parentheses': 0, 'GuessFormat_has_quotes': 0, 'GuessFormat_word_count': 2, 'GuessFormat_has_numbers': 0, 'RunPosition_position_ratio': 1.1066666666666667, 'RunPosition_early_question': 0, 'RunPosition_late_question': 1, 'QuestionKeyword_signal_for_ten_points': 0, 'QuestionKeyword_signal_name_this': 0, 'QuestionKeyword_signal_identify_this': 0, 'QuestionKeyword_signal_what_is': 0, 'QuestionKeyword_signal_who_is': 0, 'QuestionKeyword_signal_this_author': 0, 'QuestionKeyword_signal_this_work': 0, 'QuestionKeyword_signal_this_character': 0, 'QuestionKeyword_signal_this_person': 0, 'QuestionKeyword_signal_this_country': 0, 'QuestionKeyword_signal_this_battle': 0, 'QuestionKeyword_signal_this_composer': 0, 'QuestionKeyword_signal_this_painting': 0, 'GuessQuality_proper_noun': 1, 'GuessQuality_single_word': 0, 'GuessQuality_has_title_case': 0, 'AnswerType_expects_person': 0, 'AnswerType_expects_work': 0, 'AnswerType_expects_place': 0, 'final': np.False_}"
False,4,4,17,Invertible matrix,0.00,"{'Gpr_confidence': -0.0051751483014999995, 'Length_char': 536, 'Length_word': 89, 'Length_guess': 17, 'Length_ten_points': 0, 'Frequency_guess': 0.0, 'GuessFormat_has_parentheses': 0, 'GuessFormat_has_quotes': 0, 'GuessFormat_word_count': 2, 'GuessFormat_has_numbers': 0, 'RunPosition_position_ratio': 1.191111111111111, 'RunPosition_early_question': 0, 'RunPosition_late_question': 1, 'QuestionKeyword_signal_for_ten_points': 0, 'QuestionKeyword_signal_name_this': 0, 'QuestionKeyword_signal_identify_this': 0, 'QuestionKeyword_signal_what_is': 0, 'QuestionKeyword_signal_who_is': 0, 'QuestionKeyword_signal_this_author': 0, 'QuestionKeyword_signal_this_work': 0, 'QuestionKeyword_signal_this_character': 0, 'QuestionKeyword_signal_this_person': 0, 'QuestionKeyword_signal_this_country': 0, 'QuestionKeyword_signal_this_battle': 0, 'QuestionKeyword_signal_this_composer': 0, 'QuestionKeyword_signal_this_painting': 0, 'GuessQuality_proper_noun': 1, 'GuessQuality_single_word': 0, 'GuessQuality_has_title_case': 0, 'AnswerType_expects_person': 0, 'AnswerType_expects_work': 0, 'AnswerType_expects_place': 0, 'final': np.False_}"
False,4,4,20,Invertible matrix,0.00,"{'Gpr_confidence': -0.00853150519, 'Length_char': 550, 'Length_word': 92, 'Length_guess': 17, 'Length_ten_points': 0, 'Frequency_guess': 0.0, 'GuessFormat_has_parentheses': 0, 'GuessFormat_has_quotes': 0, 'GuessFormat_word_count': 2, 'GuessFormat_has_numbers': 0, 'RunPosition_position_ratio': 1.2222222222222223, 'RunPosition_early_question': 0, 'RunPosition_late_question': 1, 'QuestionKeyword_signal_for_ten_points': 0, 'QuestionKeyword_signal_name_this': 0, 'QuestionKeyword_signal_identify_this': 0, 'QuestionKeyword_signal_what_is': 0, 'QuestionKeyword_signal_who_is': 0, 'QuestionKeyword_signal_this_author': 0, 'QuestionKeyword_signal_this_work': 0, 'QuestionKeyword_signal_this_character': 0, 'QuestionKeyword_signal_this_person': 0, 'QuestionKeyword_signal_this_country': 0, 'QuestionKeyword_signal_this_battle': 0, 'QuestionKeyword_signal_this_composer': 0, 'QuestionKeyword_signal_this_painting': 0, 'GuessQuality_proper_noun': 1, 'GuessQuality_single_word': 0, 'GuessQuality_has_title_case': 0, 'AnswerType_expects_person': 0, 'AnswerType_expects_work': 0, 'AnswerType_expects_place': 0, 'final': np.False_}"
False,4,5,6,Invertible matrix,0.00,"{'Gpr_confidence': -0.013419820235, 'Length_char': 595, 'Length_word': 98, 'Length_guess': 17, 'Length_ten_points': 0, 'Frequency_guess': 0.0, 'GuessFormat_has_parentheses': 0, 'GuessFormat_has_quotes': 0, 'GuessFormat_word_count': 2, 'GuessFormat_has_numbers': 0, 'RunPosition_position_ratio': 1.3222222222222222, 'RunPosition_early_question': 0, 'RunPosition_late_question': 1, 'QuestionKeyword_signal_for_ten_points': 0, 'QuestionKeyword_signal_name_this': 0, 'QuestionKeyword_signal_identify_this': 0, 'QuestionKeyword_signal_what_is': 0, 'QuestionKeyword_signal_who_is': 0, 'QuestionKeyword_signal_this_author': 0, 'QuestionKeyword_signal_this_work': 0, 'QuestionKeyword_signal_this_character': 0, 'QuestionKeyword_signal_this_person': 0, 'QuestionKeyword_signal_this_country': 0, 'QuestionKeyword_signal_this_battle': 0, 'QuestionKeyword_signal_this_composer': 0, 'QuestionKeyword_signal_this_painting': 0, 'GuessQuality_proper_noun': 1, 'GuessQuality_single_word': 0, 'GuessQuality_has_title_case': 0, 'AnswerType_expects_person': 0, 'AnswerType_expects_work': 0, 'AnswerType_expects_place': 0, 'final': np.False_}"
True,4,5,12,Invertible matrix,0.00,"{'Gpr_confidence': -0.01185604846, 'Length_char': 630, 'Length_word': 104, 'Length_guess': 17, 'Length_ten_points': 0, 'Frequency_guess': 0.0, 'GuessFormat_has_parentheses': 0, 'GuessFormat_has_quotes': 0, 'GuessFormat_word_count': 2, 'GuessFormat_has_numbers': 0, 'RunPosition_position_ratio': 1.4, 'RunPosition_early_question': 0, 'RunPosition_late_question': 1, 'QuestionKeyword_signal_for_ten_points': 0, 'QuestionKeyword_signal_name_this': 0, 'QuestionKeyword_signal_identify_this': 0, 'QuestionKeyword_signal_what_is': 0, 'QuestionKeyword_signal_who_is': 0, 'QuestionKeyword_signal_this_author': 0, 'QuestionKeyword_signal_this_work': 0, 'QuestionKeyword_signal_this_character': 0, 'QuestionKeyword_signal_this_person': 0, 'QuestionKeyword_signal_this_country': 0, 'QuestionKeyword_signal_this_battle': 0, 'QuestionKeyword_signal_this_composer': 0, 'QuestionKeyword_signal_this_painting': 0, 'GuessQuality_proper_noun': 1, 'GuessQuality_single_word': 0, 'GuessQuality_has_title_case': 0, 'AnswerType_expects_person': 0, 'AnswerType_expects_work': 0, 'AnswerType_expects_place': 0, 'final': np.True_}"
True,4,5,17,Invertible matrix,0.00,"{'Gpr_confidence': -0.01325723417, 'Length_char': 657, 'Length_word': 109, 'Length_guess': 17, 'Length_ten_points': 0, 'Frequency_guess': 0.0, 'GuessFormat_has_parentheses': 0, 'GuessFormat_has_quotes': 0, 'GuessFormat_word_count': 2, 'GuessFormat_has_numbers': 0, 'RunPosition_position_ratio': 1.46, 'RunPosition_early_question': 0, 'RunPosition_late_question': 1, 'QuestionKeyword_signal_for_ten_points': 0, 'QuestionKeyword_signal_name_this': 0, 'QuestionKeyword_signal_identify_this': 0, 'QuestionKeyword_signal_what_is': 0, 'QuestionKeyword_signal_who_is': 0, 'QuestionKeyword_signal_this_author': 0, 'QuestionKeyword_signal_this_work': 0, 'QuestionKeyword_signal_this_character': 0, 'QuestionKeyword_signal_this_person': 0, 'QuestionKeyword_signal_this_country': 0, 'QuestionKeyword_signal_this_battle': 0, 'QuestionKeyword_signal_this_composer': 0, 'QuestionKeyword_signal_this_painting': 0, 'GuessQuality_proper_noun': 1, 'GuessQuality_single_word': 0, 'GuessQuality_has_title_case': 0, 'AnswerType_expects_person': 0, 'AnswerType_expects_work': 0, 'AnswerType_expects_place': 0, 'final': np.True_}"
True,4,5,23,Invertible matrix,0.00,"{'Gpr_confidence': -0.0097826451, 'Length_char': 694, 'Length_word': 115, 'Length_guess': 17, 'Length_ten_points': 0, 'Frequency_guess': 0.0, 'GuessFormat_has_parentheses': 0, 'GuessFormat_has_quotes': 0, 'GuessFormat_word_count': 2, 'GuessFormat_has_numbers': 0, 'RunPosition_position_ratio': 1.5422222222222222, 'RunPosition_early_question': 0, 'RunPosition_late_question': 1, 'QuestionKeyword_signal_for_ten_points': 0, 'QuestionKeyword_signal_name_this': 0, 'QuestionKeyword_signal_identify_this': 0, 'QuestionKeyword_signal_what_is': 0, 'QuestionKeyword_signal_who_is': 0, 'QuestionKeyword_signal_this_author': 0, 'QuestionKeyword_signal_this_work': 0, 'QuestionKeyword_signal_this_character': 0, 'QuestionKeyword_signal_this_person': 0, 'QuestionKeyword_signal_this_country': 0, 'QuestionKeyword_signal_this_battle': 0, 'QuestionKeyword_signal_this_composer': 0, 'QuestionKeyword_signal_this_painting': 0, 'GuessQuality_proper_noun': 1, 'GuessQuality_single_word': 0, 'GuessQuality_has_title_case': 0, 'AnswerType_expects_person': 0, 'AnswerType_expects_work': 0, 'AnswerType_expects_place': 0, 'final': np.True_}"
True,4,5,24,Invertible matrix,0.00,"{'Gpr_confidence': -0.0130002720925, 'Length_char': 704, 'Length_word': 116, 'Length_guess': 17, 'Length_ten_points': 0, 'Frequency_guess': 0.0, 'GuessFormat_has_parentheses': 0, 'GuessFormat_has_quotes': 0, 'GuessFormat_word_count': 2, 'GuessFormat_has_numbers': 0, 'RunPosition_position_ratio': 1.5644444444444445, 'RunPosition_early_question': 0, 'RunPosition_late_question': 1, 'QuestionKeyword_signal_for_ten_points': 0, 'QuestionKeyword_signal_name_this': 0, 'QuestionKeyword_signal_identify_this': 0, 'QuestionKeyword_signal_what_is': 0, 'QuestionKeyword_signal_who_is': 0, 'QuestionKeyword_signal_this_author': 0, 'QuestionKeyword_signal_this_work': 0, 'QuestionKeyword_signal_this_character': 0, 'QuestionKeyword_signal_this_person': 0, 'QuestionKeyword_signal_this_country': 0, 'QuestionKeyword_signal_this_battle': 0, 'QuestionKeyword_signal_this_composer': 0, 'QuestionKeyword_signal_this_painting': 0, 'GuessQuality_proper_noun': 1, 'GuessQuality_single_word': 0, 'GuessQuality_has_title_case': 0, 'AnswerType_expects_person': 0, 'AnswerType_expects_work': 0, 'AnswerType_expects_place': 0, 'final': np.True_}"
True,4,6,7,Invertible matrix,0.00,"{'Gpr_confidence': -0.023723651095, 'Length_char': 744, 'Length_word': 123, 'Length_guess': 17, 'Length_ten_points': 0, 'Frequency_guess': 0.0, 'GuessFormat_has_parentheses': 0, 'GuessFormat_has_quotes': 0, 'GuessFormat_word_count': 2, 'GuessFormat_has_numbers': 0, 'RunPosition_position_ratio': 1.6533333333333333, 'RunPosition_early_question': 0, 'RunPosition_late_question': 1, 'QuestionKeyword_signal_for_ten_points': 0, 'QuestionKeyword_signal_name_this': 1, 'QuestionKeyword_signal_identify_this': 0, 'QuestionKeyword_signal_what_is': 0, 'QuestionKeyword_signal_who_is': 0, 'QuestionKeyword_signal_this_author': 0, 'QuestionKeyword_signal_this_work': 0, 'QuestionKeyword_signal_this_character': 0, 'QuestionKeyword_signal_this_person': 0, 'QuestionKeyword_signal_this_country': 0, 'QuestionKeyword_signal_this_battle': 0, 'QuestionKeyword_signal_this_composer': 0, 'QuestionKeyword_signal_this_painting': 0, 'GuessQuality_proper_noun': 1, 'GuessQuality_single_word': 0, 'GuessQuality_has_title_case': 0, 'AnswerType_expects_person': 0, 'AnswerType_expects_work': 0, 'AnswerType_expects_place': 0, 'final': np.True_}"
False,4,6,12,Inverse function,0.00,"{'Gpr_confidence': -0.25210453, 'Length_char': 777, 'Length_word': 128, 'Length_guess': 16, 'Length_ten_points': 0, 'Frequency_guess': 0.0, 'GuessFormat_has_parentheses': 0, 'GuessFormat_has_quotes': 0, 'GuessFormat_word_count': 2, 'GuessFormat_has_numbers': 0, 'RunPosition_position_ratio': 1.7266666666666666, 'RunPosition_early_question': 0, 'RunPosition_late_question': 1, 'QuestionKeyword_signal_for_ten_points': 0, 'QuestionKeyword_signal_name_this': 1, 'QuestionKeyword_signal_identify_this': 0, 'QuestionKeyword_signal_what_is': 0, 'QuestionKeyword_signal_who_is': 0, 'QuestionKeyword_signal_this_author': 0, 'QuestionKeyword_signal_this_work': 0, 'QuestionKeyword_signal_this_character': 0, 'QuestionKeyword_signal_this_person': 0, 'QuestionKeyword_signal_this_country': 0, 'QuestionKeyword_signal_this_battle': 0, 'QuestionKeyword_signal_this_composer': 0, 'QuestionKeyword_signal_this_painting': 0, 'GuessQuality_proper_noun': 1, 'GuessQuality_single_word': 0, 'GuessQuality_has_title_case': 0, 'AnswerType_expects_person': 0, 'AnswerType_expects_work': 0, 'AnswerType_expects_place': 0, 'final': np.False_}"
False,4,6,14,Inverse function,0.00,"{'Gpr_confidence': -0.21851103, 'Length_char': 789, 'Length_word': 130, 'Length_guess': 16, 'Length_ten_points': 0, 'Frequency_guess': 0.0, 'GuessFormat_has_parentheses': 0, 'GuessFormat_has_quotes': 0, 'GuessFormat_word_count': 2, 'GuessFormat_has_numbers': 0, 'RunPosition_position_ratio': 1.7533333333333334, 'RunPosition_early_question': 0, 'RunPosition_late_question': 1, 'QuestionKeyword_signal_for_ten_points': 0, 'QuestionKeyword_signal_name_this': 1, 'QuestionKeyword_signal_identify_this': 0, 'QuestionKeyword_signal_what_is': 0, 'QuestionKeyword_signal_who_is': 0, 'QuestionKeyword_signal_this_author': 0, 'QuestionKeyword_signal_this_work': 0, 'QuestionKeyword_signal_this_character': 0, 'QuestionKeyword_signal_this_person': 0, 'QuestionKeyword_signal_this_country': 0, 'QuestionKeyword_signal_this_battle': 0, 'QuestionKeyword_signal_this_composer': 0, 'QuestionKeyword_signal_this_painting': 0, 'GuessQuality_proper_noun': 1, 'GuessQuality_single_word': 0, 'GuessQuality_has_title_case': 0, 'AnswerType_expects_person': 0, 'AnswerType_expects_work': 0, 'AnswerType_expects_place': 0, 'final': np.False_}"
False,4,6,14,Inverse function,0.00,"{'Gpr_confidence': -0.21851103, 'Length_char': 789, 'Length_word': 130, 'Length_guess': 16, 'Length_ten_points': 0, 'Frequency_guess': 0.0, 'GuessFormat_has_parentheses': 0, 'GuessFormat_has_quotes': 0, 'GuessFormat_word_count': 2, 'GuessFormat_has_numbers': 0, 'RunPosition_position_ratio': 1.7533333333333334, 'RunPosition_early_question': 0, 'RunPosition_late_question': 1, 'QuestionKeyword_signal_for_ten_points': 0, 'QuestionKeyword_signal_name_this': 1, 'QuestionKeyword_signal_identify_this': 0, 'QuestionKeyword_signal_what_is': 0, 'QuestionKeyword_signal_who_is': 0, 'QuestionKeyword_signal_this_author': 0, 'QuestionKeyword_signal_this_work': 0, 'QuestionKeyword_signal_this_character': 0, 'QuestionKeyword_signal_this_person': 0, 'QuestionKeyword_signal_this_country': 0, 'QuestionKeyword_signal_this_battle': 0, 'QuestionKeyword_signal_this_composer': 0, 'QuestionKeyword_signal_this_painting': 0, 'GuessQuality_proper_noun': 1, 'GuessQuality_single_word': 0, 'GuessQuality_has_title_case': 0, 'AnswerType_expects_person': 0, 'AnswerType_expects_work': 0, 'AnswerType_expects_place': 0, 'final': np.False_}"
False,5,0,6,Tourism,0.00,"{'Gpr_confidence': -0.1116847727, 'Length_char': 36, 'Length_word': 6, 'Length_guess': 7, 'Length_ten_points': 0, 'Frequency_guess': 0.0, 'GuessFormat_has_parentheses': 0, 'GuessFormat_has_quotes': 0, 'GuessFormat_word_count': 1, 'GuessFormat_has_numbers': 0, 'RunPosition_position_ratio': 0.08, 'RunPosition_early_question': 1, 'RunPosition_late_question': 0, 'QuestionKeyword_signal_for_ten_points': 0, 'QuestionKeyword_signal_name_this': 0, 'QuestionKeyword_signal_identify_this': 0, 'QuestionKeyword_signal_what_is': 0, 'QuestionKeyword_signal_who_is': 0, 'QuestionKeyword_signal_this_author': 0, 'QuestionKeyword_signal_this_work': 0, 'QuestionKeyword_signal_this_character': 0, 'QuestionKeyword_signal_this_person': 0, 'QuestionKeyword_signal_this_country': 0, 'QuestionKeyword_signal_this_battle': 0, 'QuestionKeyword_signal_this_composer': 0, 'QuestionKeyword_signal_this_painting': 0, 'GuessQuality_proper_noun': 1, 'GuessQuality_single_word': 1, 'GuessQuality_has_title_case': 1, 'AnswerType_expects_person': 0, 'AnswerType_expects_work': 0, 'AnswerType_expects_place': 0, 'final': np.False_}"
False,5,0,12,Waitomo Glowworm Caves,0.00,"{'Gpr_confidence': -0.025409537813449998, 'Length_char': 75, 'Length_word': 12, 'Length_guess': 22, 'Length_ten_points': 0, 'Frequency_guess': 0.0, 'GuessFormat_has_parentheses': 0, 'GuessFormat_has_quotes': 0, 'GuessFormat_word_count': 3, 'GuessFormat_has_numbers': 0, 'RunPosition_position_ratio': 0.16666666666666666, 'RunPosition_early_question': 1, 'RunPosition_late_question': 0, 'QuestionKeyword_signal_for_ten_points': 0, 'QuestionKeyword_signal_name_this': 0, 'QuestionKeyword_signal_identify_this': 0, 'QuestionKeyword_signal_what_is': 0, 'QuestionKeyword_signal_who_is': 0, 'QuestionKeyword_signal_this_author': 0, 'QuestionKeyword_signal_this_work': 0, 'QuestionKeyword_signal_this_character': 0, 'QuestionKeyword_signal_this_person': 0, 'QuestionKeyword_signal_this_country': 0, 'QuestionKeyword_signal_this_battle': 0, 'QuestionKeyword_signal_this_composer': 0, 'QuestionKeyword_signal_this_painting': 0, 'GuessQuality_proper_noun': 1, 'GuessQuality_single_word': 0, 'GuessQuality_has_title_case': 1, 'AnswerType_expects_person': 0, 'AnswerType_expects_work': 0, 'AnswerType_expects_place': 0, 'final': np.False_}"
False,5,0,18,Waitomo Glowworm Caves,0.00,"{'Gpr_confidence': -0.006927745399166667, 'Length_char': 106, 'Length_word': 18, 'Length_guess': 22, 'Length_ten_points': 0, 'Frequency_guess': 0.0, 'GuessFormat_has_parentheses': 0, 'GuessFormat_has_quotes': 0, 'GuessFormat_word_count': 3, 'GuessFormat_has_numbers': 0, 'RunPosition_position_ratio': 0.23555555555555555, 'RunPosition_early_question': 1, 'RunPosition_late_question': 0, 'QuestionKeyword_signal_for_ten_points': 0, 'QuestionKeyword_signal_name_this': 0, 'QuestionKeyword_signal_identify_this': 0, 'QuestionKeyword_signal_what_is': 0, 'QuestionKeyword_signal_who_is': 0, 'QuestionKeyword_signal_this_author': 0, 'QuestionKeyword_signal_this_work': 0, 'QuestionKeyword_signal_this_character': 0, 'QuestionKeyword_signal_this_person': 0, 'QuestionKeyword_signal_this_country': 0, 'QuestionKeyword_signal_this_battle': 0, 'QuestionKeyword_signal_this_composer': 0, 'QuestionKeyword_signal_this_painting': 0, 'GuessQuality_proper_noun': 1, 'GuessQuality_single_word': 0, 'GuessQuality_has_title_case': 1, 'AnswerType_expects_person': 0, 'AnswerType_expects_work': 0, 'AnswerType_expects_place': 0, 'final': np.False_}"
False,5,0,20,Waitomo Glowworm Caves,0.00,"{'Gpr_confidence': -0.00374776523495, 'Length_char': 122, 'Length_word': 20, 'Length_guess': 22, 'Length_ten_points': 0, 'Frequency_guess': 0.0, 'GuessFormat_has_parentheses': 0, 'GuessFormat_has_quotes': 0, 'GuessFormat_word_count': 3, 'GuessFormat_has_numbers': 0, 'RunPosition_position_ratio': 0.27111111111111114, 'RunPosition_early_question': 0, 'RunPosition_late_question': 0, 'QuestionKeyword_signal_for_ten_points': 0, 'QuestionKeyword_signal_name_this': 0, 'QuestionKeyword_signal_identify_this': 0, 'QuestionKeyword_signal_what_is': 0, 'QuestionKeyword_signal_who_is': 0, 'QuestionKeyword_signal_this_author': 0, 'QuestionKeyword_signal_this_work': 0, 'QuestionKeyword_signal_this_character': 0, 'QuestionKeyword_signal_this_person': 0, 'QuestionKeyword_signal_this_country': 0, 'QuestionKeyword_signal_this_battle': 0, 'QuestionKeyword_signal_this_composer': 0, 'QuestionKeyword_signal_this_painting': 0, 'GuessQuality_proper_noun': 1, 'GuessQuality_single_word': 0, 'GuessQuality_has_title_case': 1, 'AnswerType_expects_person': 0, 'AnswerType_expects_work': 0, 'AnswerType_expects_place': 0, 'final': np.False_}"
False,5,1,6,Waitomo Glowworm Caves,0.00,"{'Gpr_confidence': -0.0030418732581883336, 'Length_char': 161, 'Length_word': 26, 'Length_guess': 22, 'Length_ten_points': 0, 'Frequency_guess': 0.0, 'GuessFormat_has_parentheses': 0, 'GuessFormat_has_quotes': 0, 'GuessFormat_word_count': 3, 'GuessFormat_has_numbers': 0, 'RunPosition_position_ratio': 0.35777777777777775, 'RunPosition_early_question': 0, 'RunPosition_late_question': 0, 'QuestionKeyword_signal_for_ten_points': 0, 'QuestionKeyword_signal_name_this': 0, 'QuestionKeyword_signal_identify_this': 0, 'QuestionKeyword_signal_what_is': 0, 'QuestionKeyword_signal_who_is': 0, 'QuestionKeyword_signal_this_author': 0, 'QuestionKeyword_signal_this_work': 0, 'QuestionKeyword_signal_this_character': 0, 'QuestionKeyword_signal_this_person': 0, 'QuestionKeyword_signal_this_country': 0, 'QuestionKeyword_signal_this_battle': 0, 'QuestionKeyword_signal_this_composer': 0, 'QuestionKeyword_signal_this_painting': 0, 'GuessQuality_proper_noun': 1, 'GuessQuality_single_word': 0, 'GuessQuality_has_title_case': 1, 'AnswerType_expects_person': 1, 'AnswerType_expects_work': 0, 'AnswerType_expects_place': 0, 'final': np.False_}"
True,5,1,13,Bioluminescence,0.00,"{'Gpr_confidence': -0.092944553901, 'Length_char': 199, 'Length_word': 33, 'Length_guess': 15, 'Length_ten_points': 0, 'Frequency_guess': 1.791759469228055, 'GuessFormat_has_parentheses': 0, 'GuessFormat_has_quotes': 0, 'GuessFormat_word_count': 1, 'GuessFormat_has_numbers': 0, 'RunPosition_position_ratio': 0.44222222222222224, 'RunPosition_early_question': 0, 'RunPosition_late_question': 0, 'QuestionKeyword_signal_for_ten_points': 0, 'QuestionKeyword_signal_name_this': 0, 'QuestionKeyword_signal_identify_this': 0, 'QuestionKeyword_signal_what_is': 0, 'QuestionKeyword_signal_who_is': 0, 'QuestionKeyword_signal_this_author': 0, 'QuestionKeyword_signal_this_work': 0, 'QuestionKeyword_signal_this_character': 0, 'QuestionKeyword_signal_this_person': 0, 'QuestionKeyword_signal_this_country': 0, 'QuestionKeyword_signal_this_battle': 0, 'QuestionKeyword_signal_this_composer': 0, 'QuestionKeyword_signal_this_painting': 0, 'GuessQuality_proper_noun': 1, 'GuessQuality_single_word': 1, 'GuessQuality_has_title_case': 1, 'AnswerType_expects_person': 1, 'AnswerType_expects_work': 0, 'AnswerType_expects_place': 0, 'final': np.True_}"
True,5,1,18,Bioluminescence,0.00,"{'Gpr_confidence': -0.2123653195575, 'Length_char': 233, 'Length_word': 38, 'Length_guess': 15, 'Length_ten_points': 0, 'Frequency_guess': 1.791759469228055, 'GuessFormat_has_parentheses': 0, 'GuessFormat_has_quotes': 0, 'GuessFormat_word_count': 1, 'GuessFormat_has_numbers': 0, 'RunPosition_position_ratio': 0.5177777777777778, 'RunPosition_early_question': 0, 'RunPosition_late_question': 0, 'QuestionKeyword_signal_for_ten_points': 0, 'QuestionKeyword_signal_name_this': 0, 'QuestionKeyword_signal_identify_this': 0, 'QuestionKeyword_signal_what_is': 0, 'QuestionKeyword_signal_who_is': 0, 'QuestionKeyword_signal_this_author': 0, 'QuestionKeyword_signal_this_work': 0, 'QuestionKeyword_signal_this_character': 0, 'QuestionKeyword_signal_this_person': 0, 'QuestionKeyword_signal_this_country': 0, 'QuestionKeyword_signal_this_battle': 0, 'QuestionKeyword_signal_this_composer': 0, 'QuestionKeyword_signal_this_painting': 0, 'GuessQuality_proper_noun': 1, 'GuessQuality_single_word': 1, 'GuessQuality_has_title_case': 1, 'AnswerType_expects_person': 1, 'AnswerType_expects_work': 0, 'AnswerType_expects_place': 0, 'final': np.True_}"
False,5,1,20,Caving,0.00,"{'Gpr_confidence': -0.34560103, 'Length_char': 249, 'Length_word': 40, 'Length_guess': 6, 'Length_ten_points': 0, 'Frequency_guess': 0.0, 'GuessFormat_has_parentheses': 0, 'GuessFormat_has_quotes': 0, 'GuessFormat_word_count': 1, 'GuessFormat_has_numbers': 0, 'RunPosition_position_ratio': 0.5533333333333333, 'RunPosition_early_question': 0, 'RunPosition_late_question': 0, 'QuestionKeyword_signal_for_ten_points': 0, 'QuestionKeyword_signal_name_this': 0, 'QuestionKeyword_signal_identify_this': 0, 'QuestionKeyword_signal_what_is': 0, 'QuestionKeyword_signal_who_is': 0, 'QuestionKeyword_signal_this_author': 0, 'QuestionKeyword_signal_this_work': 0, 'QuestionKeyword_signal_this_character': 0, 'QuestionKeyword_signal_this_person': 0, 'QuestionKeyword_signal_this_country': 0, 'QuestionKeyword_signal_this_battle': 0, 'QuestionKeyword_signal_this_composer': 0, 'QuestionKeyword_signal_this_painting': 0, 'GuessQuality_proper_noun': 1, 'GuessQuality_single_word': 1, 'GuessQuality_has_title_case': 1, 'AnswerType_expects_person': 1, 'AnswerType_expects_work': 0, 'AnswerType_expects_place': 0, 'final': np.False_}"
False,5,2,6,Caving,0.00,"{'Gpr_confidence': -0.26196521, 'Length_char': 291, 'Length_word': 46, 'Length_guess': 6, 'Length_ten_points': 0, 'Frequency_guess': 0.0, 'GuessFormat_has_parentheses': 0, 'GuessFormat_has_quotes': 0, 'GuessFormat_word_count': 1, 'GuessFormat_has_numbers': 0, 'RunPosition_position_ratio': 0.6466666666666666, 'RunPosition_early_question': 0, 'RunPosition_late_question': 0, 'QuestionKeyword_signal_for_ten_points': 0, 'QuestionKeyword_signal_name_this': 0, 'QuestionKeyword_signal_identify_this': 0, 'QuestionKeyword_signal_what_is': 0, 'QuestionKeyword_signal_who_is': 0, 'QuestionKeyword_signal_this_author': 0, 'QuestionKeyword_signal_this_work': 0, 'QuestionKeyword_signal_this_character': 0, 'QuestionKeyword_signal_this_person': 0, 'QuestionKeyword_signal_this_country': 0, 'QuestionKeyword_signal_this_battle': 0, 'QuestionKeyword_signal_this_composer': 0, 'QuestionKeyword_signal_this_painting': 0, 'GuessQuality_proper_noun': 1, 'GuessQuality_single_word': 1, 'GuessQuality_has_title_case': 1, 'AnswerType_expects_person': 1, 'AnswerType_expects_work': 0, 'AnswerType_expects_place': 0, 'final': np.False_}"
False,5,2,12,Caving,0.00,"{'Gpr_confidence': -0.081793348, 'Length_char': 325, 'Length_word': 52, 'Length_guess': 6, 'Length_ten_points': 0, 'Frequency_guess': 0.0, 'GuessFormat_has_parentheses': 0, 'GuessFormat_has_quotes': 0, 'GuessFormat_word_count': 1, 'GuessFormat_has_numbers': 0, 'RunPosition_position_ratio': 0.7222222222222222, 'RunPosition_early_question': 0, 'RunPosition_late_question': 0, 'QuestionKeyword_signal_for_ten_points': 0, 'QuestionKeyword_signal_name_this': 0, 'QuestionKeyword_signal_identify_this': 0, 'QuestionKeyword_signal_what_is': 0, 'QuestionKeyword_signal_who_is': 0, 'QuestionKeyword_signal_this_author': 0, 'QuestionKeyword_signal_this_work': 0, 'QuestionKeyword_signal_this_character': 0, 'QuestionKeyword_signal_this_person': 0, 'QuestionKeyword_signal_this_country': 0, 'QuestionKeyword_signal_this_battle': 0, 'QuestionKeyword_signal_this_composer': 0, 'QuestionKeyword_signal_this_painting': 0, 'GuessQuality_proper_noun': 1, 'GuessQuality_single_word': 1, 'GuessQuality_has_title_case': 1, 'AnswerType_expects_person': 1, 'AnswerType_expects_work': 0, 'AnswerType_expects_place': 0, 'final': np.False_}"
False,5,2,17,Caving,0.00,"{'Gpr_confidence': -0.086191136, 'Length_char': 357, 'Length_word': 57, 'Length_guess': 6, 'Length_ten_points': 0, 'Frequency_guess': 0.0, 'GuessFormat_has_parentheses': 0, 'GuessFormat_has_quotes': 0, 'GuessFormat_word_count': 1, 'GuessFormat_has_numbers': 0, 'RunPosition_position_ratio': 0.7933333333333333, 'RunPosition_early_question': 0, 'RunPosition_late_question': 1, 'QuestionKeyword_signal_for_ten_points': 0, 'QuestionKeyword_signal_name_this': 0, 'QuestionKeyword_signal_identify_this': 0, 'QuestionKeyword_signal_what_is': 0, 'QuestionKeyword_signal_who_is': 0, 'QuestionKeyword_signal_this_author': 0, 'QuestionKeyword_signal_this_work': 0, 'QuestionKeyword_signal_this_character': 0, 'QuestionKeyword_signal_this_person': 0, 'QuestionKeyword_signal_this_country': 0, 'QuestionKeyword_signal_this_battle': 0, 'QuestionKeyword_signal_this_composer': 0, 'QuestionKeyword_signal_this_painting': 0, 'GuessQuality_proper_noun': 1, 'GuessQuality_single_word': 1, 'GuessQuality_has_title_case': 1, 'AnswerType_expects_person': 1, 'AnswerType_expects_work': 0, 'AnswerType_expects_place': 0, 'final': np.False_}"
False,5,2,20,Caving,0.00,"{'Gpr_confidence': -0.054866475, 'Length_char': 375, 'Length_word': 60, 'Length_guess': 6, 'Length_ten_points': 0, 'Frequency_guess': 0.0, 'GuessFormat_has_parentheses': 0, 'GuessFormat_has_quotes': 0, 'GuessFormat_word_count': 1, 'GuessFormat_has_numbers': 0, 'RunPosition_position_ratio': 0.8333333333333334, 'RunPosition_early_question': 0, 'RunPosition_late_question': 1, 'QuestionKeyword_signal_for_ten_points': 0, 'QuestionKeyword_signal_name_this': 0, 'QuestionKeyword_signal_identify_this': 0, 'QuestionKeyword_signal_what_is': 0, 'QuestionKeyword_signal_who_is': 0, 'QuestionKeyword_signal_this_author': 0, 'QuestionKeyword_signal_this_work': 0, 'QuestionKeyword_signal_this_character': 0, 'QuestionKeyword_signal_this_person': 0, 'QuestionKeyword_signal_this_country': 0, 'QuestionKeyword_signal_this_battle': 0, 'QuestionKeyword_signal_this_composer': 0, 'QuestionKeyword_signal_this_painting': 0, 'GuessQuality_proper_noun': 1, 'GuessQuality_single_word': 1, 'GuessQuality_has_title_case': 1, 'AnswerType_expects_person': 1, 'AnswerType_expects_work': 0, 'AnswerType_expects_place': 0, 'final': np.False_}"
False,5,3,7,Caving,0.00,"{'Gpr_confidence': -0.1144593635, 'Length_char': 412, 'Length_word': 67, 'Length_guess': 6, 'Length_ten_points': 0, 'Frequency_guess': 0.0, 'GuessFormat_has_parentheses': 0, 'GuessFormat_has_quotes': 0, 'GuessFormat_word_count': 1, 'GuessFormat_has_numbers': 0, 'RunPosition_position_ratio': 0.9155555555555556, 'RunPosition_early_question': 0, 'RunPosition_late_question': 1, 'QuestionKeyword_signal_for_ten_points': 0, 'QuestionKeyword_signal_name_this': 0, 'QuestionKeyword_signal_identify_this': 0, 'QuestionKeyword_signal_what_is': 0, 'QuestionKeyword_signal_who_is': 0, 'QuestionKeyword_signal_this_author': 0, 'QuestionKeyword_signal_this_work': 0, 'QuestionKeyword_signal_this_character': 0, 'QuestionKeyword_signal_this_person': 0, 'QuestionKeyword_signal_this_country': 0, 'QuestionKeyword_signal_this_battle': 0, 'QuestionKeyword_signal_this_composer': 0, 'QuestionKeyword_signal_this_painting': 0, 'GuessQuality_proper_noun': 1, 'GuessQuality_single_word': 1, 'GuessQuality_has_title_case': 1, 'AnswerType_expects_person': 1, 'AnswerType_expects_work': 0, 'AnswerType_expects_place': 0, 'final': np.False_}"
False,5,3,14,Caving,0.00,"{'Gpr_confidence': -0.1382309, 'Length_char': 449, 'Length_word': 74, 'Length_guess': 6, 'Length_ten_points': 0, 'Frequency_guess': 0.0, 'GuessFormat_has_parentheses': 0, 'GuessFormat_has_quotes': 0, 'GuessFormat_word_count': 1, 'GuessFormat_has_numbers': 0, 'RunPosition_position_ratio': 0.9977777777777778, 'RunPosition_early_question': 0, 'RunPosition_late_question': 1, 'QuestionKeyword_signal_for_ten_points': 0, 'QuestionKeyword_signal_name_this': 0, 'QuestionKeyword_signal_identify_this': 0, 'QuestionKeyword_signal_what_is': 0, 'QuestionKeyword_signal_who_is': 0, 'QuestionKeyword_signal_this_author': 0, 'QuestionKeyword_signal_this_work': 0, 'QuestionKeyword_signal_this_character': 0, 'QuestionKeyword_signal_this_person': 0, 'QuestionKeyword_signal_this_country': 0, 'QuestionKeyword_signal_this_battle': 0, 'QuestionKeyword_signal_this_composer': 0, 'QuestionKeyword_signal_this_painting': 0, 'GuessQuality_proper_noun': 1, 'GuessQuality_single_word': 1, 'GuessQuality_has_title_case': 1, 'AnswerType_expects_person': 1, 'AnswerType_expects_work': 0, 'AnswerType_expects_place': 0, 'final': np.False_}"
True,5,3,19,Tham Luang cave rescue,0.00,"{'Gpr_confidence': -0.05466683181613333, 'Length_char': 480, 'Length_word': 79, 'Length_guess': 22, 'Length_ten_points': 0, 'Frequency_guess': 0.6931471805599453, 'GuessFormat_has_parentheses': 0, 'GuessFormat_has_quotes': 0, 'GuessFormat_word_count': 4, 'GuessFormat_has_numbers': 0, 'RunPosition_position_ratio': 1.0666666666666667, 'RunPosition_early_question': 0, 'RunPosition_late_question': 1, 'QuestionKeyword_signal_for_ten_points': 0, 'QuestionKeyword_signal_name_this': 0, 'QuestionKeyword_signal_identify_this': 0, 'QuestionKeyword_signal_what_is': 0, 'QuestionKeyword_signal_who_is': 0, 'QuestionKeyword_signal_this_author': 0, 'QuestionKeyword_signal_this_work': 0, 'QuestionKeyword_signal_this_character': 0, 'QuestionKeyword_signal_this_person': 0, 'QuestionKeyword_signal_this_country': 0, 'QuestionKeyword_signal_this_battle': 0, 'QuestionKeyword_signal_this_composer': 0, 'QuestionKeyword_signal_this_painting': 0, 'GuessQuality_proper_noun': 1, 'GuessQuality_single_word': 0, 'GuessQuality_has_title_case': 0, 'AnswerType_expects_person': 1, 'AnswerType_expects_work': 0, 'AnswerType_expects_place': 0, 'final': np.True_}"
False,5,4,6,Caving,0.00,"{'Gpr_confidence': -0.124670174, 'Length_char': 526, 'Length_word': 85, 'Length_guess': 6, 'Length_ten_points': 0, 'Frequency_guess': 0.0, 'GuessFormat_has_parentheses': 0, 'GuessFormat_has_quotes': 0, 'GuessFormat_word_count': 1, 'GuessFormat_has_numbers': 0, 'RunPosition_position_ratio': 1.1688888888888889, 'RunPosition_early_question': 0, 'RunPosition_late_question': 1, 'QuestionKeyword_signal_for_ten_points': 0, 'QuestionKeyword_signal_name_this': 0, 'QuestionKeyword_signal_identify_this': 0, 'QuestionKeyword_signal_what_is': 0, 'QuestionKeyword_signal_who_is': 0, 'QuestionKeyword_signal_this_author': 0, 'QuestionKeyword_signal_this_work': 0, 'QuestionKeyword_signal_this_character': 0, 'QuestionKeyword_signal_this_person': 0, 'QuestionKeyword_signal_this_country': 0, 'QuestionKeyword_signal_this_battle': 0, 'QuestionKeyword_signal_this_composer': 0, 'QuestionKeyword_signal_this_painting': 0, 'GuessQuality_proper_noun': 1, 'GuessQuality_single_word': 1, 'GuessQuality_has_title_case': 1, 'AnswerType_expects_person': 1, 'AnswerType_expects_work': 0, 'AnswerType_expects_place': 0, 'final': np.False_}"
False,5,4,8,Caving,0.00,"{'Gpr_confidence': -0.03672942982, 'Length_char': 541, 'Length_word': 87, 'Length_guess': 6, 'Length_ten_points': 0, 'Frequency_guess': 0.0, 'GuessFormat_has_parentheses': 0, 'GuessFormat_has_quotes': 0, 'GuessFormat_word_count': 1, 'GuessFormat_has_numbers': 0, 'RunPosition_position_ratio': 1.2022222222222223, 'RunPosition_early_question': 0, 'RunPosition_late_question': 1, 'QuestionKeyword_signal_for_ten_points': 0, 'QuestionKeyword_signal_name_this': 0, 'QuestionKeyword_signal_identify_this': 0, 'QuestionKeyword_signal_what_is': 0, 'QuestionKeyword_signal_who_is': 0, 'QuestionKeyword_signal_this_author': 0, 'QuestionKeyword_signal_this_work': 0, 'QuestionKeyword_signal_this_character': 0, 'QuestionKeyword_signal_this_person': 0, 'QuestionKeyword_signal_this_country': 0, 'QuestionKeyword_signal_this_battle': 0, 'QuestionKeyword_signal_this_composer': 0, 'QuestionKeyword_signal_this_painting': 0, 'GuessQuality_proper_noun': 1, 'GuessQuality_single_word': 1, 'GuessQuality_has_title_case': 1, 'AnswerType_expects_person': 1, 'AnswerType_expects_work': 0, 'AnswerType_expects_place': 0, 'final': np.False_}"
True,5,5,6,Caving,0.00,"{'Gpr_confidence': -0.04719523968, 'Length_char': 579, 'Length_word': 93, 'Length_guess': 6, 'Length_ten_points': 0, 'Frequency_guess': 0.0, 'GuessFormat_has_parentheses': 0, 'GuessFormat_has_quotes': 0, 'GuessFormat_word_count': 1, 'GuessFormat_has_numbers': 0, 'RunPosition_position_ratio': 1.2866666666666666, 'RunPosition_early_question': 0, 'RunPosition_late_question': 1, 'QuestionKeyword_signal_for_ten_points': 0, 'QuestionKeyword_signal_name_this': 0, 'QuestionKeyword_signal_identify_this': 0, 'QuestionKeyword_signal_what_is': 0, 'QuestionKeyword_signal_who_is': 0, 'QuestionKeyword_signal_this_author': 0, 'QuestionKeyword_signal_this_work': 0, 'QuestionKeyword_signal_this_character': 0, 'QuestionKeyword_signal_this_person': 0, 'QuestionKeyword_signal_this_country': 0, 'QuestionKeyword_signal_this_battle': 0, 'QuestionKeyword_signal_this_composer': 0, 'QuestionKeyword_signal_this_painting': 0, 'GuessQuality_proper_noun': 1, 'GuessQuality_single_word': 1, 'GuessQuality_has_title_case': 1, 'AnswerType_expects_person': 1, 'AnswerType_expects_work': 0, 'AnswerType_expects_place': 0, 'final': np.True_}"
True,5,5,15,Caving,0.00,"{'Gpr_confidence': -0.0762712973, 'Length_char': 614, 'Length_word': 102, 'Length_guess': 6, 'Length_ten_points': 0, 'Frequency_guess': 0.0, 'GuessFormat_has_parentheses': 0, 'GuessFormat_has_quotes': 0, 'GuessFormat_word_count': 1, 'GuessFormat_has_numbers': 0, 'RunPosition_position_ratio': 1.3644444444444443, 'RunPosition_early_question': 0, 'RunPosition_late_question': 1, 'QuestionKeyword_signal_for_ten_points': 0, 'QuestionKeyword_signal_name_this': 0, 'QuestionKeyword_signal_identify_this': 0, 'QuestionKeyword_signal_what_is': 0, 'QuestionKeyword_signal_who_is': 0, 'QuestionKeyword_signal_this_author': 0, 'QuestionKeyword_signal_this_work': 0, 'QuestionKeyword_signal_this_character': 0, 'QuestionKeyword_signal_this_person': 0, 'QuestionKeyword_signal_this_country': 0, 'QuestionKeyword_signal_this_battle': 0, 'QuestionKeyword_signal_this_composer': 0, 'QuestionKeyword_signal_this_painting': 0, 'GuessQuality_proper_noun': 1, 'GuessQuality_single_word': 1, 'GuessQuality_has_title_case': 1, 'AnswerType_expects_person': 1, 'AnswerType_expects_work': 0, 'AnswerType_expects_place': 0, 'final': np.True_}"
False,5,5,19,Caving,0.00,"{'Gpr_confidence': -0.15756295974999998, 'Length_char': 644, 'Length_word': 106, 'Length_guess': 6, 'Length_ten_points': 0, 'Frequency_guess': 0.0, 'GuessFormat_has_parentheses': 0, 'GuessFormat_has_quotes': 0, 'GuessFormat_word_count': 1, 'GuessFormat_has_numbers': 0, 'RunPosition_position_ratio': 1.431111111111111, 'RunPosition_early_question': 0, 'RunPosition_late_question': 1, 'QuestionKeyword_signal_for_ten_points': 0, 'QuestionKeyword_signal_name_this': 0, 'QuestionKeyword_signal_identify_this': 0, 'QuestionKeyword_signal_what_is': 0, 'QuestionKeyword_signal_who_is': 0, 'QuestionKeyword_signal_this_author': 0, 'QuestionKeyword_signal_this_work': 0, 'QuestionKeyword_signal_this_character': 0, 'QuestionKeyword_signal_this_person': 0, 'QuestionKeyword_signal_this_country': 0, 'QuestionKeyword_signal_this_battle': 0, 'QuestionKeyword_signal_this_composer': 0, 'QuestionKeyword_signal_this_painting': 0, 'GuessQuality_proper_noun': 1, 'GuessQuality_single_word': 1, 'GuessQuality_has_title_case': 1, 'AnswerType_expects_person': 1, 'AnswerType_expects_work': 0, 'AnswerType_expects_place': 0, 'final': np.False_}"
True,5,6,7,Caving,0.00,"{'Gpr_confidence': -0.0908380427, 'Length_char': 685, 'Length_word': 113, 'Length_guess': 6, 'Length_ten_points': 0, 'Frequency_guess': 0.0, 'GuessFormat_has_parentheses': 0, 'GuessFormat_has_quotes': 0, 'GuessFormat_word_count': 1, 'GuessFormat_has_numbers': 0, 'RunPosition_position_ratio': 1.5222222222222221, 'RunPosition_early_question': 0, 'RunPosition_late_question': 1, 'QuestionKeyword_signal_for_ten_points': 0, 'QuestionKeyword_signal_name_this': 1, 'QuestionKeyword_signal_identify_this': 0, 'QuestionKeyword_signal_what_is': 0, 'QuestionKeyword_signal_who_is': 0, 'QuestionKeyword_signal_this_author': 0, 'QuestionKeyword_signal_this_work': 0, 'QuestionKeyword_signal_this_character': 0, 'QuestionKeyword_signal_this_person': 0, 'QuestionKeyword_signal_this_country': 0, 'QuestionKeyword_signal_this_battle': 0, 'QuestionKeyword_signal_this_composer': 0, 'QuestionKeyword_signal_this_painting': 0, 'GuessQuality_proper_noun': 1, 'GuessQuality_single_word': 1, 'GuessQuality_has_title_case': 1, 'AnswerType_expects_person': 1, 'AnswerType_expects_work': 0, 'AnswerType_expects_place': 0, 'final': np.True_}"
True,5,6,12,Caving,0.00,"{'Gpr_confidence': -0.075592802, 'Length_char': 718, 'Length_word': 118, 'Length_guess': 6, 'Length_ten_points': 0, 'Frequency_guess': 0.0, 'GuessFormat_has_parentheses': 0, 'GuessFormat_has_quotes': 0, 'GuessFormat_word_count': 1, 'GuessFormat_has_numbers': 0, 'RunPosition_position_ratio': 1.5955555555555556, 'RunPosition_early_question': 0, 'RunPosition_late_question': 1, 'QuestionKeyword_signal_for_ten_points': 0, 'QuestionKeyword_signal_name_this': 1, 'QuestionKeyword_signal_identify_this': 0, 'QuestionKeyword_signal_what_is': 0, 'QuestionKeyword_signal_who_is': 0, 'QuestionKeyword_signal_this_author': 0, 'QuestionKeyword_signal_this_work': 0, 'QuestionKeyword_signal_this_character': 0, 'QuestionKeyword_signal_this_person': 0, 'QuestionKeyword_signal_this_country': 0, 'QuestionKeyword_signal_this_battle': 0, 'QuestionKeyword_signal_this_composer': 0, 'QuestionKeyword_signal_this_painting': 0, 'GuessQuality_proper_noun': 1, 'GuessQuality_single_word': 1, 'GuessQuality_has_title_case': 1, 'AnswerType_expects_person': 1, 'AnswerType_expects_work': 0, 'AnswerType_expects_place': 0, 'final': np.True_}"
True,5,6,14,Caving,0.00,"{'Gpr_confidence': -0.09582369315, 'Length_char': 736, 'Length_word': 120, 'Length_guess': 6, 'Length_ten_points': 0, 'Frequency_guess': 0.0, 'GuessFormat_has_parentheses': 0, 'GuessFormat_has_quotes': 0, 'GuessFormat_word_count': 1, 'GuessFormat_has_numbers': 0, 'RunPosition_position_ratio': 1.6355555555555557, 'RunPosition_early_question': 0, 'RunPosition_late_question': 1, 'QuestionKeyword_signal_for_ten_points': 0, 'QuestionKeyword_signal_name_this': 1, 'QuestionKeyword_signal_identify_this': 0, 'QuestionKeyword_signal_what_is': 0, 'QuestionKeyword_signal_who_is': 0, 'QuestionKeyword_signal_this_author': 0, 'QuestionKeyword_signal_this_work': 0, 'QuestionKeyword_signal_this_character': 0, 'QuestionKeyword_signal_this_person': 0, 'QuestionKeyword_signal_this_country': 0, 'QuestionKeyword_signal_this_battle': 0, 'QuestionKeyword_signal_this_composer': 0, 'QuestionKeyword_signal_this_painting': 0, 'GuessQuality_proper_noun': 1, 'GuessQuality_single_word': 1, 'GuessQuality_has_title_case': 1, 'AnswerType_expects_person': 1, 'AnswerType_expects_work': 0, 'AnswerType_expects_place': 0, 'final': np.True_}"
True,5,6,14,Caving,0.00,"{'Gpr_confidence': -0.09582369315, 'Length_char': 736, 'Length_word': 120, 'Length_guess': 6, 'Length_ten_points': 0, 'Frequency_guess': 0.0, 'GuessFormat_has_parentheses': 0, 'GuessFormat_has_quotes': 0, 'GuessFormat_word_count': 1, 'GuessFormat_has_numbers': 0, 'RunPosition_position_ratio': 1.6355555555555557, 'RunPosition_early_question': 0, 'RunPosition_late_question': 1, 'QuestionKeyword_signal_for_ten_points': 0, 'QuestionKeyword_signal_name_this': 1, 'QuestionKeyword_signal_identify_this': 0, 'QuestionKeyword_signal_what_is': 0, 'QuestionKeyword_signal_who_is': 0, 'QuestionKeyword_signal_this_author': 0, 'QuestionKeyword_signal_this_work': 0, 'QuestionKeyword_signal_this_character': 0, 'QuestionKeyword_signal_this_person': 0, 'QuestionKeyword_signal_this_country': 0, 'QuestionKeyword_signal_this_battle': 0, 'QuestionKeyword_signal_this_composer': 0, 'QuestionKeyword_signal_this_painting': 0, 'GuessQuality_proper_noun': 1, 'GuessQuality_single_word': 1, 'GuessQuality_has_title_case': 1, 'AnswerType_expects_person': 1, 'AnswerType_expects_work': 0, 'AnswerType_expects_place': 0, 'final': np.True_}"
False,6,0,6,Ashrama (stage),0.00,"{'Gpr_confidence': -0.03337900652, 'Length_char': 35, 'Length_word': 6, 'Length_guess': 15, 'Length_ten_points': 0, 'Frequency_guess': 0.0, 'GuessFormat_has_parentheses': 1, 'GuessFormat_has_quotes': 0, 'GuessFormat_word_count': 2, 'GuessFormat_has_numbers': 0, 'RunPosition_position_ratio': 0.07777777777777778, 'RunPosition_early_question': 1, 'RunPosition_late_question': 0, 'QuestionKeyword_signal_for_ten_points': 0, 'QuestionKeyword_signal_name_this': 0, 'QuestionKeyword_signal_identify_this': 0, 'QuestionKeyword_signal_what_is': 0, 'QuestionKeyword_signal_who_is': 0, 'QuestionKeyword_signal_this_author': 0, 'QuestionKeyword_signal_this_work': 0, 'QuestionKeyword_signal_this_character': 0, 'QuestionKeyword_signal_this_person': 0, 'QuestionKeyword_signal_this_country': 0, 'QuestionKeyword_signal_this_battle': 0, 'QuestionKeyword_signal_this_composer': 0, 'QuestionKeyword_signal_this_painting': 0, 'GuessQuality_proper_noun': 1, 'GuessQuality_single_word': 0, 'GuessQuality_has_title_case': 0, 'AnswerType_expects_person': 0, 'AnswerType_expects_work': 0, 'AnswerType_expects_place': 0, 'final': np.False_}"
False,6,0,12,Ashrama (stage),0.00,"{'Gpr_confidence': -0.36446355716, 'Length_char': 72, 'Length_word': 12, 'Length_guess': 15, 'Length_ten_points': 0, 'Frequency_guess': 0.0, 'GuessFormat_has_parentheses': 1, 'GuessFormat_has_quotes': 0, 'GuessFormat_word_count': 2, 'GuessFormat_has_numbers': 0, 'RunPosition_position_ratio': 0.16, 'RunPosition_early_question': 1, 'RunPosition_late_question': 0, 'QuestionKeyword_signal_for_ten_points': 0, 'QuestionKeyword_signal_name_this': 0, 'QuestionKeyword_signal_identify_this': 0, 'QuestionKeyword_signal_what_is': 0, 'QuestionKeyword_signal_who_is': 0, 'QuestionKeyword_signal_this_author': 0, 'QuestionKeyword_signal_this_work': 0, 'QuestionKeyword_signal_this_character': 0, 'QuestionKeyword_signal_this_person': 0, 'QuestionKeyword_signal_this_country': 0, 'QuestionKeyword_signal_this_battle': 0, 'QuestionKeyword_signal_this_composer': 0, 'QuestionKeyword_signal_this_painting': 0, 'GuessQuality_proper_noun': 1, 'GuessQuality_single_word': 0, 'GuessQuality_has_title_case': 0, 'AnswerType_expects_person': 0, 'AnswerType_expects_work': 0, 'AnswerType_expects_place': 0, 'final': np.False_}"
False,6,0,17,Vanaprastha,0.00,"{'Gpr_confidence': -0.01098992245915, 'Length_char': 106, 'Length_word': 17, 'Length_guess': 11, 'Length_ten_points': 0, 'Frequency_guess': 0.0, 'GuessFormat_has_parentheses': 0, 'GuessFormat_has_quotes': 0, 'GuessFormat_word_count': 1, 'GuessFormat_has_numbers': 0, 'RunPosition_position_ratio': 0.23555555555555555, 'RunPosition_early_question': 1, 'RunPosition_late_question': 0, 'QuestionKeyword_signal_for_ten_points': 0, 'QuestionKeyword_signal_name_this': 0, 'QuestionKeyword_signal_identify_this': 0, 'QuestionKeyword_signal_what_is': 0, 'QuestionKeyword_signal_who_is': 0, 'QuestionKeyword_signal_this_author': 0, 'QuestionKeyword_signal_this_work': 0, 'QuestionKeyword_signal_this_character': 0, 'QuestionKeyword_signal_this_person': 0, 'QuestionKeyword_signal_this_country': 0, 'QuestionKeyword_signal_this_battle': 0, 'QuestionKeyword_signal_this_composer': 0, 'QuestionKeyword_signal_this_painting': 0, 'GuessQuality_proper_noun': 1, 'GuessQuality_single_word': 1, 'GuessQuality_has_title_case': 1, 'AnswerType_expects_person': 0, 'AnswerType_expects_work': 0, 'AnswerType_expects_place': 0, 'final': np.False_}"
False,6,0,22,Grihastha Ashrama,0.00,"{'Gpr_confidence': -0.23220983709285714, 'Length_char': 141, 'Length_word': 22, 'Length_guess': 17, 'Length_ten_points': 0, 'Frequency_guess': 0.0, 'GuessFormat_has_parentheses': 0, 'GuessFormat_has_quotes': 0, 'GuessFormat_word_count': 2, 'GuessFormat_has_numbers': 0, 'RunPosition_position_ratio': 0.31333333333333335, 'RunPosition_early_question': 0, 'RunPosition_late_question': 0, 'QuestionKeyword_signal_for_ten_points': 0, 'QuestionKeyword_signal_name_this': 0, 'QuestionKeyword_signal_identify_this': 0, 'QuestionKeyword_signal_what_is': 0, 'QuestionKeyword_signal_who_is': 0, 'QuestionKeyword_signal_this_author': 0, 'QuestionKeyword_signal_this_work': 0, 'QuestionKeyword_signal_this_character': 0, 'QuestionKeyword_signal_this_person': 0, 'QuestionKeyword_signal_this_country': 0, 'QuestionKeyword_signal_this_battle': 0, 'QuestionKeyword_signal_this_composer': 0, 'QuestionKeyword_signal_this_painting': 0, 'GuessQuality_proper_noun': 1, 'GuessQuality_single_word': 0, 'GuessQuality_has_title_case': 1, 'AnswerType_expects_person': 0, 'AnswerType_expects_work': 0, 'AnswerType_expects_place': 0, 'final': np.False_}"
False,6,0,25,Vanaprastha,0.00,"{'Gpr_confidence': -0.04445383960535, 'Length_char': 166, 'Length_word': 25, 'Length_guess': 11, 'Length_ten_points': 0, 'Frequency_guess': 0.0, 'GuessFormat_has_parentheses': 0, 'GuessFormat_has_quotes': 0, 'GuessFormat_word_count': 1, 'GuessFormat_has_numbers': 0, 'RunPosition_position_ratio': 0.3688888888888889, 'RunPosition_early_question': 0, 'RunPosition_late_question': 0, 'QuestionKeyword_signal_for_ten_points': 0, 'QuestionKeyword_signal_name_this': 0, 'QuestionKeyword_signal_identify_this': 0, 'QuestionKeyword_signal_what_is': 0, 'QuestionKeyword_signal_who_is': 0, 'QuestionKeyword_signal_this_author': 0, 'QuestionKeyword_signal_this_work': 0, 'QuestionKeyword_signal_this_character': 0, 'QuestionKeyword_signal_this_person': 0, 'QuestionKeyword_signal_this_country': 0, 'QuestionKeyword_signal_this_battle': 0, 'QuestionKeyword_signal_this_composer': 0, 'QuestionKeyword_signal_this_painting': 0, 'GuessQuality_proper_noun': 1, 'GuessQuality_single_word': 1, 'GuessQuality_has_title_case': 1, 'AnswerType_expects_person': 0, 'AnswerType_expects_work': 0, 'AnswerType_expects_place': 0, 'final': np.False_}"
False,6,1,7,Vanaprastha,0.00,"{'Gpr_confidence': -0.0798856823625, 'Length_char': 205, 'Length_word': 32, 'Length_guess': 11, 'Length_ten_points': 0, 'Frequency_guess': 0.0, 'GuessFormat_has_parentheses': 0, 'GuessFormat_has_quotes': 0, 'GuessFormat_word_count': 1, 'GuessFormat_has_numbers': 0, 'RunPosition_position_ratio': 0.45555555555555555, 'RunPosition_early_question': 0, 'RunPosition_late_question': 0, 'QuestionKeyword_signal_for_ten_points': 0, 'QuestionKeyword_signal_name_this': 0, 'QuestionKeyword_signal_identify_this': 0, 'QuestionKeyword_signal_what_is': 0, 'QuestionKeyword_signal_who_is': 0, 'QuestionKeyword_signal_this_author': 0, 'QuestionKeyword_signal_this_work': 0, 'QuestionKeyword_signal_this_character': 0, 'QuestionKeyword_signal_this_person': 0, 'QuestionKeyword_signal_this_country': 0, 'QuestionKeyword_signal_this_battle': 0, 'QuestionKeyword_signal_this_composer': 0, 'QuestionKeyword_signal_this_painting': 0, 'GuessQuality_proper_noun': 1, 'GuessQuality_single_word': 1, 'GuessQuality_has_title_case': 1, 'AnswerType_expects_person': 0, 'AnswerType_expects_work': 0, 'AnswerType_expects_place': 0, 'final': np.False_}"
False,6,1,11,Vanaprastha,0.00,"{'Gpr_confidence': -0.0818580296925, 'Length_char': 239, 'Length_word': 36, 'Length_guess': 11, 'Length_ten_points': 0, 'Frequency_guess': 0.0, 'GuessFormat_has_parentheses': 0, 'GuessFormat_has_quotes': 0, 'GuessFormat_word_count': 1, 'GuessFormat_has_numbers': 0, 'RunPosition_position_ratio': 0.5311111111111111, 'RunPosition_early_question': 0, 'RunPosition_late_question': 0, 'QuestionKeyword_signal_for_ten_points': 0, 'QuestionKeyword_signal_name_this': 0, 'QuestionKeyword_signal_identify_this': 0, 'QuestionKeyword_signal_what_is': 0, 'QuestionKeyword_signal_who_is': 0, 'QuestionKeyword_signal_this_author': 0, 'QuestionKeyword_signal_this_work': 0, 'QuestionKeyword_signal_this_character': 0, 'QuestionKeyword_signal_this_person': 0, 'QuestionKeyword_signal_this_country': 0, 'QuestionKeyword_signal_this_battle': 0, 'QuestionKeyword_signal_this_composer': 0, 'QuestionKeyword_signal_this_painting': 0, 'GuessQuality_proper_noun': 1, 'GuessQuality_single_word': 1, 'GuessQuality_has_title_case': 1, 'AnswerType_expects_person': 0, 'AnswerType_expects_work': 0, 'AnswerType_expects_place': 0, 'final': np.False_}"
False,6,1,19,Grihastha,0.00,"{'Gpr_confidence': -0.017345903069999998, 'Length_char': 279, 'Length_word': 44, 'Length_guess': 9, 'Length_ten_points': 0, 'Frequency_guess': 0.0, 'GuessFormat_has_parentheses': 0, 'GuessFormat_has_quotes': 0, 'GuessFormat_word_count': 1, 'GuessFormat_has_numbers': 0, 'RunPosition_position_ratio': 0.62, 'RunPosition_early_question': 0, 'RunPosition_late_question': 0, 'QuestionKeyword_signal_for_ten_points': 0, 'QuestionKeyword_signal_name_this': 0, 'QuestionKeyword_signal_identify_this': 0, 'QuestionKeyword_signal_what_is': 0, 'QuestionKeyword_signal_who_is': 0, 'QuestionKeyword_signal_this_author': 0, 'QuestionKeyword_signal_this_work': 0, 'QuestionKeyword_signal_this_character': 0, 'QuestionKeyword_signal_this_person': 0, 'QuestionKeyword_signal_this_country': 0, 'QuestionKeyword_signal_this_battle': 0, 'QuestionKeyword_signal_this_composer': 0, 'QuestionKeyword_signal_this_painting': 0, 'GuessQuality_proper_noun': 1, 'GuessQuality_single_word': 1, 'GuessQuality_has_title_case': 1, 'AnswerType_expects_person': 0, 'AnswerType_expects_work': 0, 'AnswerType_expects_place': 0, 'final': np.False_}"
False,6,2,6,Griha Pravesh,0.00,"{'Gpr_confidence': -0.07954813474338333, 'Length_char': 319, 'Length_word': 50, 'Length_guess': 13, 'Length_ten_points': 0, 'Frequency_guess': 0.0, 'GuessFormat_has_parentheses': 0, 'GuessFormat_has_quotes': 0, 'GuessFormat_word_count': 2, 'GuessFormat_has_numbers': 0, 'RunPosition_position_ratio': 0.7088888888888889, 'RunPosition_early_question': 0, 'RunPosition_late_question': 0, 'QuestionKeyword_signal_for_ten_points': 0, 'QuestionKeyword_signal_name_this': 0, 'QuestionKeyword_signal_identify_this': 0, 'QuestionKeyword_signal_what_is': 0, 'QuestionKeyword_signal_who_is': 0, 'QuestionKeyword_signal_this_author': 0, 'QuestionKeyword_signal_this_work': 0, 'QuestionKeyword_signal_this_character': 0, 'QuestionKeyword_signal_this_person': 0, 'QuestionKeyword_signal_this_country': 0, 'QuestionKeyword_signal_this_battle': 0, 'QuestionKeyword_signal_this_composer': 0, 'QuestionKeyword_signal_this_painting': 0, 'GuessQuality_proper_noun': 1, 'GuessQuality_single_word': 0, 'GuessQuality_has_title_case': 1, 'AnswerType_expects_person': 0, 'AnswerType_expects_work': 0, 'AnswerType_expects_place': 0, 'final': np.False_}"
False,6,2,11,Griha Pravesh,0.00,"{'Gpr_confidence': -0.08941987334280001, 'Length_char': 354, 'Length_word': 55, 'Length_guess': 13, 'Length_ten_points': 0, 'Frequency_guess': 0.0, 'GuessFormat_has_parentheses': 0, 'GuessFormat_has_quotes': 0, 'GuessFormat_word_count': 2, 'GuessFormat_has_numbers': 0, 'RunPosition_position_ratio': 0.7866666666666666, 'RunPosition_early_question': 0, 'RunPosition_late_question': 1, 'QuestionKeyword_signal_for_ten_points': 0, 'QuestionKeyword_signal_name_this': 0, 'QuestionKeyword_signal_identify_this': 0, 'QuestionKeyword_signal_what_is': 0, 'QuestionKeyword_signal_who_is': 0, 'QuestionKeyword_signal_this_author': 0, 'QuestionKeyword_signal_this_work': 0, 'QuestionKeyword_signal_this_character': 0, 'QuestionKeyword_signal_this_person': 0, 'QuestionKeyword_signal_this_country': 0, 'QuestionKeyword_signal_this_battle': 0, 'QuestionKeyword_signal_this_composer': 0, 'QuestionKeyword_signal_this_painting': 0, 'GuessQuality_proper_noun': 1, 'GuessQuality_single_word': 0, 'GuessQuality_has_title_case': 1, 'AnswerType_expects_person': 0, 'AnswerType_expects_work': 0, 'AnswerType_expects_place': 0, 'final': np.False_}"
False,6,2,18,Griha Pravesh,0.00,"{'Gpr_confidence': -0.14390982930275, 'Length_char': 388, 'Length_word': 62, 'Length_guess': 13, 'Length_ten_points': 0, 'Frequency_guess': 0.0, 'GuessFormat_has_parentheses': 0, 'GuessFormat_has_quotes': 0, 'GuessFormat_word_count': 2, 'GuessFormat_has_numbers': 0, 'RunPosition_position_ratio': 0.8622222222222222, 'RunPosition_early_question': 0, 'RunPosition_late_question': 1, 'QuestionKeyword_signal_for_ten_points': 0, 'QuestionKeyword_signal_name_this': 0, 'QuestionKeyword_signal_identify_this': 0, 'QuestionKeyword_signal_what_is': 0, 'QuestionKeyword_signal_who_is': 0, 'QuestionKeyword_signal_this_author': 0, 'QuestionKeyword_signal_this_work': 0, 'QuestionKeyword_signal_this_character': 0, 'QuestionKeyword_signal_this_person': 0, 'QuestionKeyword_signal_this_country': 0, 'QuestionKeyword_signal_this_battle': 0, 'QuestionKeyword_signal_this_composer': 0, 'QuestionKeyword_signal_this_painting': 0, 'GuessQuality_proper_noun': 1, 'GuessQuality_single_word': 0, 'GuessQuality_has_title_case': 1, 'AnswerType_expects_person': 0, 'AnswerType_expects_work': 0, 'AnswerType_expects_place': 0, 'final': np.False_}"
False,6,2,19,Griha Pravesh,0.00,"{'Gpr_confidence': -0.10481351415266667, 'Length_char': 394, 'Length_word': 63, 'Length_guess': 13, 'Length_ten_points': 0, 'Frequency_guess': 0.0, 'GuessFormat_has_parentheses': 0, 'GuessFormat_has_quotes': 0, 'GuessFormat_word_count': 2, 'GuessFormat_has_numbers': 0, 'RunPosition_position_ratio': 0.8755555555555555, 'RunPosition_early_question': 0, 'RunPosition_late_question': 1, 'QuestionKeyword_signal_for_ten_points': 0, 'QuestionKeyword_signal_name_this': 0, 'QuestionKeyword_signal_identify_this': 0, 'QuestionKeyword_signal_what_is': 0, 'QuestionKeyword_signal_who_is': 0, 'QuestionKeyword_signal_this_author': 0, 'QuestionKeyword_signal_this_work': 0, 'QuestionKeyword_signal_this_character': 0, 'QuestionKeyword_signal_this_person': 0, 'QuestionKeyword_signal_this_country': 0, 'QuestionKeyword_signal_this_battle': 0, 'QuestionKeyword_signal_this_composer': 0, 'QuestionKeyword_signal_this_painting': 0, 'GuessQuality_proper_noun': 1, 'GuessQuality_single_word': 0, 'GuessQuality_has_title_case': 1, 'AnswerType_expects_person': 0, 'AnswerType_expects_work': 0, 'AnswerType_expects_place': 0, 'final': np.False_}"
False,6,3,6,Ashrama,0.00,"{'Gpr_confidence': -0.884403555, 'Length_char': 437, 'Length_word': 69, 'Length_guess': 7, 'Length_ten_points': 0, 'Frequency_guess': 0.0, 'GuessFormat_has_parentheses': 0, 'GuessFormat_has_quotes': 0, 'GuessFormat_word_count': 1, 'GuessFormat_has_numbers': 0, 'RunPosition_position_ratio': 0.9711111111111111, 'RunPosition_early_question': 0, 'RunPosition_late_question': 1, 'QuestionKeyword_signal_for_ten_points': 0, 'QuestionKeyword_signal_name_this': 0, 'QuestionKeyword_signal_identify_this': 0, 'QuestionKeyword_signal_what_is': 0, 'QuestionKeyword_signal_who_is': 0, 'QuestionKeyword_signal_this_author': 0, 'QuestionKeyword_signal_this_work': 0, 'QuestionKeyword_signal_this_character': 0, 'QuestionKeyword_signal_this_person': 0, 'QuestionKeyword_signal_this_country': 0, 'QuestionKeyword_signal_this_battle': 0, 'QuestionKeyword_signal_this_composer': 0, 'QuestionKeyword_signal_this_painting': 0, 'GuessQuality_proper_noun': 1, 'GuessQuality_single_word': 1, 'GuessQuality_has_title_case': 1, 'AnswerType_expects_person': 0, 'AnswerType_expects_work': 0, 'AnswerType_expects_place': 0, 'final': np.False_}"
False,6,3,12,Vihara,0.00,"{'Gpr_confidence': -0.4096560056666667, 'Length_char': 466, 'Length_word': 75, 'Length_guess': 6, 'Length_ten_points': 0, 'Frequency_guess': 0.0, 'GuessFormat_has_parentheses': 0, 'GuessFormat_has_quotes': 0, 'GuessFormat_word_count': 1, 'GuessFormat_has_numbers': 0, 'RunPosition_position_ratio': 1.0355555555555556, 'RunPosition_early_question': 0, 'RunPosition_late_question': 1, 'QuestionKeyword_signal_for_ten_points': 0, 'QuestionKeyword_signal_name_this': 0, 'QuestionKeyword_signal_identify_this': 0, 'QuestionKeyword_signal_what_is': 0, 'QuestionKeyword_signal_who_is': 0, 'QuestionKeyword_signal_this_author': 0, 'QuestionKeyword_signal_this_work': 0, 'QuestionKeyword_signal_this_character': 0, 'QuestionKeyword_signal_this_person': 0, 'QuestionKeyword_signal_this_country': 0, 'QuestionKeyword_signal_this_battle': 0, 'QuestionKeyword_signal_this_composer': 0, 'QuestionKeyword_signal_this_painting': 0, 'GuessQuality_proper_noun': 1, 'GuessQuality_single_word': 1, 'GuessQuality_has_title_case': 1, 'AnswerType_expects_person': 0, 'AnswerType_expects_work': 0, 'AnswerType_expects_place': 0, 'final': np.False_}"
False,6,3,18,Grihastha,0.00,"{'Gpr_confidence': -0.2409514623568, 'Length_char': 502, 'Length_word': 81, 'Length_guess': 9, 'Length_ten_points': 0, 'Frequency_guess': 0.0, 'GuessFormat_has_parentheses': 0, 'GuessFormat_has_quotes': 0, 'GuessFormat_word_count': 1, 'GuessFormat_has_numbers': 0, 'RunPosition_position_ratio': 1.1155555555555556, 'RunPosition_early_question': 0, 'RunPosition_late_question': 1, 'QuestionKeyword_signal_for_ten_points': 0, 'QuestionKeyword_signal_name_this': 0, 'QuestionKeyword_signal_identify_this': 0, 'QuestionKeyword_signal_what_is': 0, 'QuestionKeyword_signal_who_is': 0, 'QuestionKeyword_signal_this_author': 0, 'QuestionKeyword_signal_this_work': 0, 'QuestionKeyword_signal_this_character': 0, 'QuestionKeyword_signal_this_person': 0, 'QuestionKeyword_signal_this_country': 0, 'QuestionKeyword_signal_this_battle': 0, 'QuestionKeyword_signal_this_composer': 0, 'QuestionKeyword_signal_this_painting': 0, 'GuessQuality_proper_noun': 1, 'GuessQuality_single_word': 1, 'GuessQuality_has_title_case': 1, 'AnswerType_expects_person': 0, 'AnswerType_expects_work': 0, 'AnswerType_expects_place': 0, 'final': np.False_}"
False,6,3,21,Householder,0.00,"{'Gpr_confidence': -0.30750661577, 'Length_char': 532, 'Length_word': 84, 'Length_guess': 11, 'Length_ten_points': 0, 'Frequency_guess': 0.0, 'GuessFormat_has_parentheses': 0, 'GuessFormat_has_quotes': 0, 'GuessFormat_word_count': 1, 'GuessFormat_has_numbers': 0, 'RunPosition_position_ratio': 1.1822222222222223, 'RunPosition_early_question': 0, 'RunPosition_late_question': 1, 'QuestionKeyword_signal_for_ten_points': 0, 'QuestionKeyword_signal_name_this': 0, 'QuestionKeyword_signal_identify_this': 0, 'QuestionKeyword_signal_what_is': 0, 'QuestionKeyword_signal_who_is': 0, 'QuestionKeyword_signal_this_author': 0, 'QuestionKeyword_signal_this_work': 0, 'QuestionKeyword_signal_this_character': 0, 'QuestionKeyword_signal_this_person': 0, 'QuestionKeyword_signal_this_country': 0, 'QuestionKeyword_signal_this_battle': 0, 'QuestionKeyword_signal_this_composer': 0, 'QuestionKeyword_signal_this_painting': 0, 'GuessQuality_proper_noun': 1, 'GuessQuality_single_word': 1, 'GuessQuality_has_title_case': 1, 'AnswerType_expects_person': 0, 'AnswerType_expects_work': 0, 'AnswerType_expects_place': 0, 'final': np.False_}"
False,6,4,5,Householder,0.00,"{'Gpr_confidence': -0.355186117, 'Length_char': 572, 'Length_word': 89, 'Length_guess': 11, 'Length_ten_points': 0, 'Frequency_guess': 0.0, 'GuessFormat_has_parentheses': 0, 'GuessFormat_has_quotes': 0, 'GuessFormat_word_count': 1, 'GuessFormat_has_numbers': 0, 'RunPosition_position_ratio': 1.271111111111111, 'RunPosition_early_question': 0, 'RunPosition_late_question': 1, 'QuestionKeyword_signal_for_ten_points': 0, 'QuestionKeyword_signal_name_this': 0, 'QuestionKeyword_signal_identify_this': 0, 'QuestionKeyword_signal_what_is': 0, 'QuestionKeyword_signal_who_is': 0, 'QuestionKeyword_signal_this_author': 0, 'QuestionKeyword_signal_this_work': 0, 'QuestionKeyword_signal_this_character': 0, 'QuestionKeyword_signal_this_person': 0, 'QuestionKeyword_signal_this_country': 0, 'QuestionKeyword_signal_this_battle': 0, 'QuestionKeyword_signal_this_composer': 0, 'QuestionKeyword_signal_this_painting': 0, 'GuessQuality_proper_noun': 1, 'GuessQuality_single_word': 1, 'GuessQuality_has_title_case': 1, 'AnswerType_expects_person': 0, 'AnswerType_expects_work': 0, 'AnswerType_expects_place': 0, 'final': np.False_}"
False,6,4,11,Householder,0.00,"{'Gpr_confidence': -0.243614612, 'Length_char': 611, 'Length_word': 95, 'Length_guess': 11, 'Length_ten_points': 0, 'Frequency_guess': 0.0, 'GuessFormat_has_parentheses': 0, 'GuessFormat_has_quotes': 0, 'GuessFormat_word_count': 1, 'GuessFormat_has_numbers': 0, 'RunPosition_position_ratio': 1.3577777777777778, 'RunPosition_early_question': 0, 'RunPosition_late_question': 1, 'QuestionKeyword_signal_for_ten_points': 0, 'QuestionKeyword_signal_name_this': 0, 'QuestionKeyword_signal_identify_this': 0, 'QuestionKeyword_signal_what_is': 0, 'QuestionKeyword_signal_who_is': 0, 'QuestionKeyword_signal_this_author': 0, 'QuestionKeyword_signal_this_work': 0, 'QuestionKeyword_signal_this_character': 0, 'QuestionKeyword_signal_this_person': 0, 'QuestionKeyword_signal_this_country': 0, 'QuestionKeyword_signal_this_battle': 0, 'QuestionKeyword_signal_this_composer': 0, 'QuestionKeyword_signal_this_painting': 0, 'GuessQuality_proper_noun': 1, 'GuessQuality_single_word': 1, 'GuessQuality_has_title_case': 1, 'AnswerType_expects_person': 0, 'AnswerType_expects_work': 0, 'AnswerType_expects_place': 0, 'final': np.False_}"
False,6,4,15,Householder,0.00,"{'Gpr_confidence': -0.1186052085, 'Length_char': 638, 'Length_word': 99, 'Length_guess': 11, 'Length_ten_points': 0, 'Frequency_guess': 0.0, 'GuessFormat_has_parentheses': 0, 'GuessFormat_has_quotes': 0, 'GuessFormat_word_count': 1, 'GuessFormat_has_numbers': 0, 'RunPosition_position_ratio': 1.4177777777777778, 'RunPosition_early_question': 0, 'RunPosition_late_question': 1, 'QuestionKeyword_signal_for_ten_points': 0, 'QuestionKeyword_signal_name_this': 0, 'QuestionKeyword_signal_identify_this': 0, 'QuestionKeyword_signal_what_is': 0, 'QuestionKeyword_signal_who_is': 0, 'QuestionKeyword_signal_this_author': 0, 'QuestionKeyword_signal_this_work': 0, 'QuestionKeyword_signal_this_character': 0, 'QuestionKeyword_signal_this_person': 0, 'QuestionKeyword_signal_this_country': 0, 'QuestionKeyword_signal_this_battle': 0, 'QuestionKeyword_signal_this_composer': 0, 'QuestionKeyword_signal_this_painting': 0, 'GuessQuality_proper_noun': 1, 'GuessQuality_single_word': 1, 'GuessQuality_has_title_case': 1, 'AnswerType_expects_person': 0, 'AnswerType_expects_work': 0, 'AnswerType_expects_place': 0, 'final': np.False_}"
True,6,5,6,Temple,0.00,"{'Gpr_confidence': -0.7464561332228501, 'Length_char': 675, 'Length_word': 105, 'Length_guess': 6, 'Length_ten_points': 0, 'Frequency_guess': 2.1972245773362196, 'GuessFormat_has_parentheses': 0, 'GuessFormat_has_quotes': 0, 'GuessFormat_word_count': 1, 'GuessFormat_has_numbers': 0, 'RunPosition_position_ratio': 1.5, 'RunPosition_early_question': 0, 'RunPosition_late_question': 1, 'QuestionKeyword_signal_for_ten_points': 0, 'QuestionKeyword_signal_name_this': 0, 'QuestionKeyword_signal_identify_this': 0, 'QuestionKeyword_signal_what_is': 0, 'QuestionKeyword_signal_who_is': 0, 'QuestionKeyword_signal_this_author': 0, 'QuestionKeyword_signal_this_work': 0, 'QuestionKeyword_signal_this_character': 0, 'QuestionKeyword_signal_this_person': 0, 'QuestionKeyword_signal_this_country': 0, 'QuestionKeyword_signal_this_battle': 0, 'QuestionKeyword_signal_this_composer': 0, 'QuestionKeyword_signal_this_painting': 0, 'GuessQuality_proper_noun': 1, 'GuessQuality_single_word': 1, 'GuessQuality_has_title_case': 1, 'AnswerType_expects_person': 0, 'AnswerType_expects_work': 0, 'AnswerType_expects_place': 0, 'final': np.True_}"
False,6,5,12,Mandir,0.00,"{'Gpr_confidence': -0.3069460105333333, 'Length_char': 712, 'Length_word': 111, 'Length_guess': 6, 'Length_ten_points': 0, 'Frequency_guess': 0.0, 'GuessFormat_has_parentheses': 0, 'GuessFormat_has_quotes': 0, 'GuessFormat_word_count': 1, 'GuessFormat_has_numbers': 0, 'RunPosition_position_ratio': 1.5822222222222222, 'RunPosition_early_question': 0, 'RunPosition_late_question': 1, 'QuestionKeyword_signal_for_ten_points': 0, 'QuestionKeyword_signal_name_this': 0, 'QuestionKeyword_signal_identify_this': 0, 'QuestionKeyword_signal_what_is': 0, 'QuestionKeyword_signal_who_is': 0, 'QuestionKeyword_signal_this_author': 0, 'QuestionKeyword_signal_this_work': 0, 'QuestionKeyword_signal_this_character': 0, 'QuestionKeyword_signal_this_person': 0, 'QuestionKeyword_signal_this_country': 0, 'QuestionKeyword_signal_this_battle': 0, 'QuestionKeyword_signal_this_composer': 0, 'QuestionKeyword_signal_this_painting': 0, 'GuessQuality_proper_noun': 1, 'GuessQuality_single_word': 1, 'GuessQuality_has_title_case': 1, 'AnswerType_expects_person': 0, 'AnswerType_expects_work': 0, 'AnswerType_expects_place': 0, 'final': np.False_}"
False,6,5,20,Puja Room,0.00,"{'Gpr_confidence': -0.2876654386238, 'Length_char': 753, 'Length_word': 119, 'Length_guess': 9, 'Length_ten_points': 0, 'Frequency_guess': 0.0, 'GuessFormat_has_parentheses': 0, 'GuessFormat_has_quotes': 0, 'GuessFormat_word_count': 2, 'GuessFormat_has_numbers': 0, 'RunPosition_position_ratio': 1.6733333333333333, 'RunPosition_early_question': 0, 'RunPosition_late_question': 1, 'QuestionKeyword_signal_for_ten_points': 0, 'QuestionKeyword_signal_name_this': 0, 'QuestionKeyword_signal_identify_this': 0, 'QuestionKeyword_signal_what_is': 0, 'QuestionKeyword_signal_who_is': 0, 'QuestionKeyword_signal_this_author': 0, 'QuestionKeyword_signal_this_work': 0, 'QuestionKeyword_signal_this_character': 0, 'QuestionKeyword_signal_this_person': 0, 'QuestionKeyword_signal_this_country': 0, 'QuestionKeyword_signal_this_battle': 0, 'QuestionKeyword_signal_this_composer': 0, 'QuestionKeyword_signal_this_painting': 0, 'GuessQuality_proper_noun': 1, 'GuessQuality_single_word': 0, 'GuessQuality_has_title_case': 1, 'AnswerType_expects_person': 0, 'AnswerType_expects_work': 0, 'AnswerType_expects_place': 0, 'final': np.False_}"
False,6,5,20,Puja Room,0.00,"{'Gpr_confidence': -0.2876654386238, 'Length_char': 753, 'Length_word': 119, 'Length_guess': 9, 'Length_ten_points': 0, 'Frequency_guess': 0.0, 'GuessFormat_has_parentheses': 0, 'GuessFormat_has_quotes': 0, 'GuessFormat_word_count': 2, 'GuessFormat_has_numbers': 0, 'RunPosition_position_ratio': 1.6733333333333333, 'RunPosition_early_question': 0, 'RunPosition_late_question': 1, 'QuestionKeyword_signal_for_ten_points': 0, 'QuestionKeyword_signal_name_this': 0, 'QuestionKeyword_signal_identify_this': 0, 'QuestionKeyword_signal_what_is': 0, 'QuestionKeyword_signal_who_is': 0, 'QuestionKeyword_signal_this_author': 0, 'QuestionKeyword_signal_this_work': 0, 'QuestionKeyword_signal_this_character': 0, 'QuestionKeyword_signal_this_person': 0, 'QuestionKeyword_signal_this_country': 0, 'QuestionKeyword_signal_this_battle': 0, 'QuestionKeyword_signal_this_composer': 0, 'QuestionKeyword_signal_this_painting': 0, 'GuessQuality_proper_noun': 1, 'GuessQuality_single_word': 0, 'GuessQuality_has_title_case': 1, 'AnswerType_expects_person': 0, 'AnswerType_expects_work': 0, 'AnswerType_expects_place': 0, 'final': np.False_}"
True,7,0,7,Mass,0.00,"{'Gpr_confidence': -0.12842688, 'Length_char': 35, 'Length_word': 7, 'Length_guess': 4, 'Length_ten_points': 0, 'Frequency_guess': 3.367295829986474, 'GuessFormat_has_parentheses': 0, 'GuessFormat_has_quotes': 0, 'GuessFormat_word_count': 1, 'GuessFormat_has_numbers': 0, 'RunPosition_position_ratio': 0.07777777777777778, 'RunPosition_early_question': 1, 'RunPosition_late_question': 0, 'QuestionKeyword_signal_for_ten_points': 0, 'QuestionKeyword_signal_name_this': 0, 'QuestionKeyword_signal_identify_this': 0, 'QuestionKeyword_signal_what_is': 0, 'QuestionKeyword_signal_who_is': 0, 'QuestionKeyword_signal_this_author': 0, 'QuestionKeyword_signal_this_work': 0, 'QuestionKeyword_signal_this_character': 0, 'QuestionKeyword_signal_this_person': 0, 'QuestionKeyword_signal_this_country': 0, 'QuestionKeyword_signal_this_battle': 0, 'QuestionKeyword_signal_this_composer': 0, 'QuestionKeyword_signal_this_painting': 0, 'GuessQuality_proper_noun': 1, 'GuessQuality_single_word': 1, 'GuessQuality_has_title_case': 1, 'AnswerType_expects_person': 0, 'AnswerType_expects_work': 0, 'AnswerType_expects_place': 0, 'final': np.True_}"
False,7,0,15,Power meter,0.00,"{'Gpr_confidence': -1.1095028500000002, 'Length_char': 74, 'Length_word': 15, 'Length_guess': 11, 'Length_ten_points': 0, 'Frequency_guess': 0.0, 'GuessFormat_has_parentheses': 0, 'GuessFormat_has_quotes': 0, 'GuessFormat_word_count': 2, 'GuessFormat_has_numbers': 0, 'RunPosition_position_ratio': 0.16444444444444445, 'RunPosition_early_question': 1, 'RunPosition_late_question': 0, 'QuestionKeyword_signal_for_ten_points': 0, 'QuestionKeyword_signal_name_this': 0, 'QuestionKeyword_signal_identify_this': 0, 'QuestionKeyword_signal_what_is': 0, 'QuestionKeyword_signal_who_is': 0, 'QuestionKeyword_signal_this_author': 0, 'QuestionKeyword_signal_this_work': 0, 'QuestionKeyword_signal_this_character': 0, 'QuestionKeyword_signal_this_person': 0, 'QuestionKeyword_signal_this_country': 0, 'QuestionKeyword_signal_this_battle': 0, 'QuestionKeyword_signal_this_composer': 0, 'QuestionKeyword_signal_this_painting': 0, 'GuessQuality_proper_noun': 1, 'GuessQuality_single_word': 0, 'GuessQuality_has_title_case': 0, 'AnswerType_expects_person': 0, 'AnswerType_expects_work': 0, 'AnswerType_expects_place': 0, 'final': np.False_}"
False,7,0,22,Wattmeter,0.00,"{'Gpr_confidence': -0.29561134751333334, 'Length_char': 119, 'Length_word': 22, 'Length_guess': 9, 'Length_ten_points': 0, 'Frequency_guess': 0.0, 'GuessFormat_has_parentheses': 0, 'GuessFormat_has_quotes': 0, 'GuessFormat_word_count': 1, 'GuessFormat_has_numbers': 0, 'RunPosition_position_ratio': 0.2644444444444444, 'RunPosition_early_question': 0, 'RunPosition_late_question': 0, 'QuestionKeyword_signal_for_ten_points': 0, 'QuestionKeyword_signal_name_this': 0, 'QuestionKeyword_signal_identify_this': 0, 'QuestionKeyword_signal_what_is': 0, 'QuestionKeyword_signal_who_is': 0, 'QuestionKeyword_signal_this_author': 0, 'QuestionKeyword_signal_this_work': 0, 'QuestionKeyword_signal_this_character': 0, 'QuestionKeyword_signal_this_person': 0, 'QuestionKeyword_signal_this_country': 0, 'QuestionKeyword_signal_this_battle': 0, 'QuestionKeyword_signal_this_composer': 0, 'QuestionKeyword_signal_this_painting': 0, 'GuessQuality_proper_noun': 1, 'GuessQuality_single_word': 1, 'GuessQuality_has_title_case': 1, 'AnswerType_expects_person': 0, 'AnswerType_expects_work': 0, 'AnswerType_expects_place': 0, 'final': np.False_}"
True,7,1,7,Atomic clock,0.00,"{'Gpr_confidence': -0.053923247, 'Length_char': 160, 'Length_word': 29, 'Length_guess': 12, 'Length_ten_points': 0, 'Frequency_guess': 1.0986122886681098, 'GuessFormat_has_parentheses': 0, 'GuessFormat_has_quotes': 0, 'GuessFormat_word_count': 2, 'GuessFormat_has_numbers': 0, 'RunPosition_position_ratio': 0.35555555555555557, 'RunPosition_early_question': 0, 'RunPosition_late_question': 0, 'QuestionKeyword_signal_for_ten_points': 0, 'QuestionKeyword_signal_name_this': 0, 'QuestionKeyword_signal_identify_this': 0, 'QuestionKeyword_signal_what_is': 0, 'QuestionKeyword_signal_who_is': 0, 'QuestionKeyword_signal_this_author': 0, 'QuestionKeyword_signal_this_work': 0, 'QuestionKeyword_signal_this_character': 0, 'QuestionKeyword_signal_this_person': 0, 'QuestionKeyword_signal_this_country': 0, 'QuestionKeyword_signal_this_battle': 0, 'QuestionKeyword_signal_this_composer': 0, 'QuestionKeyword_signal_this_painting': 0, 'GuessQuality_proper_noun': 1, 'GuessQuality_single_word': 0, 'GuessQuality_has_title_case': 0, 'AnswerType_expects_person': 0, 'AnswerType_expects_work': 0, 'AnswerType_expects_place': 0, 'final': np.True_}"
False,7,1,14,Watt balance,0.00,"{'Gpr_confidence': -0.21033882333333334, 'Length_char': 201, 'Length_word': 36, 'Length_guess': 12, 'Length_ten_points': 0, 'Frequency_guess': 0.0, 'GuessFormat_has_parentheses': 0, 'GuessFormat_has_quotes': 0, 'GuessFormat_word_count': 2, 'GuessFormat_has_numbers': 0, 'RunPosition_position_ratio': 0.44666666666666666, 'RunPosition_early_question': 0, 'RunPosition_late_question': 0, 'QuestionKeyword_signal_for_ten_points': 0, 'QuestionKeyword_signal_name_this': 0, 'QuestionKeyword_signal_identify_this': 0, 'QuestionKeyword_signal_what_is': 0, 'QuestionKeyword_signal_who_is': 0, 'QuestionKeyword_signal_this_author': 0, 'QuestionKeyword_signal_this_work': 0, 'QuestionKeyword_signal_this_character': 0, 'QuestionKeyword_signal_this_person': 0, 'QuestionKeyword_signal_this_country': 0, 'QuestionKeyword_signal_this_battle': 0, 'QuestionKeyword_signal_this_composer': 0, 'QuestionKeyword_signal_this_painting': 0, 'GuessQuality_proper_noun': 1, 'GuessQuality_single_word': 0, 'GuessQuality_has_title_case': 0, 'AnswerType_expects_person': 0, 'AnswerType_expects_work': 0, 'AnswerType_expects_place': 0, 'final': np.False_}"
False,7,1,20,Watt balance,0.00,"{'Gpr_confidence': -0.18235006433333334, 'Length_char': 230, 'Length_word': 42, 'Length_guess': 12, 'Length_ten_points': 0, 'Frequency_guess': 0.0, 'GuessFormat_has_parentheses': 0, 'GuessFormat_has_quotes': 0, 'GuessFormat_word_count': 2, 'GuessFormat_has_numbers': 0, 'RunPosition_position_ratio': 0.5111111111111111, 'RunPosition_early_question': 0, 'RunPosition_late_question': 0, 'QuestionKeyword_signal_for_ten_points': 0, 'QuestionKeyword_signal_name_this': 0, 'QuestionKeyword_signal_identify_this': 0, 'QuestionKeyword_signal_what_is': 0, 'QuestionKeyword_signal_who_is': 0, 'QuestionKeyword_signal_this_author': 0, 'QuestionKeyword_signal_this_work': 0, 'QuestionKeyword_signal_this_character': 0, 'QuestionKeyword_signal_this_person': 0, 'QuestionKeyword_signal_this_country': 0, 'QuestionKeyword_signal_this_battle': 0, 'QuestionKeyword_signal_this_composer': 0, 'QuestionKeyword_signal_this_painting': 0, 'GuessQuality_proper_noun': 1, 'GuessQuality_single_word': 0, 'GuessQuality_has_title_case': 0, 'AnswerType_expects_person': 0, 'AnswerType_expects_work': 0, 'AnswerType_expects_place': 0, 'final': np.False_}"
False,7,1,25,Watt balance,0.00,"{'Gpr_confidence': -0.05690011586666666, 'Length_char': 262, 'Length_word': 47, 'Length_guess': 12, 'Length_ten_points': 0, 'Frequency_guess': 0.0, 'GuessFormat_has_parentheses': 0, 'GuessFormat_has_quotes': 0, 'GuessFormat_word_count': 2, 'GuessFormat_has_numbers': 0, 'RunPosition_position_ratio': 0.5822222222222222, 'RunPosition_early_question': 0, 'RunPosition_late_question': 0, 'QuestionKeyword_signal_for_ten_points': 0, 'QuestionKeyword_signal_name_this': 0, 'QuestionKeyword_signal_identify_this': 0, 'QuestionKeyword_signal_what_is': 0, 'QuestionKeyword_signal_who_is': 0, 'QuestionKeyword_signal_this_author': 0, 'QuestionKeyword_signal_this_work': 0, 'QuestionKeyword_signal_this_character': 0, 'QuestionKeyword_signal_this_person': 0, 'QuestionKeyword_signal_this_country': 0, 'QuestionKeyword_signal_this_battle': 0, 'QuestionKeyword_signal_this_composer': 0, 'QuestionKeyword_signal_this_painting': 0, 'GuessQuality_proper_noun': 1, 'GuessQuality_single_word': 0, 'GuessQuality_has_title_case': 0, 'AnswerType_expects_person': 0, 'AnswerType_expects_work': 0, 'AnswerType_expects_place': 0, 'final': np.False_}"
False,7,2,8,Watt balance,0.00,"{'Gpr_confidence': -0.11643534233333334, 'Length_char': 306, 'Length_word': 55, 'Length_guess': 12, 'Length_ten_points': 0, 'Frequency_guess': 0.0, 'GuessFormat_has_parentheses': 0, 'GuessFormat_has_quotes': 0, 'GuessFormat_word_count': 2, 'GuessFormat_has_numbers': 0, 'RunPosition_position_ratio': 0.68, 'RunPosition_early_question': 0, 'RunPosition_late_question': 0, 'QuestionKeyword_signal_for_ten_points': 0, 'QuestionKeyword_signal_name_this': 0, 'QuestionKeyword_signal_identify_this': 0, 'QuestionKeyword_signal_what_is': 0, 'QuestionKeyword_signal_who_is': 0, 'QuestionKeyword_signal_this_author': 0, 'QuestionKeyword_signal_this_work': 0, 'QuestionKeyword_signal_this_character': 0, 'QuestionKeyword_signal_this_person': 0, 'QuestionKeyword_signal_this_country': 0, 'QuestionKeyword_signal_this_battle': 0, 'QuestionKeyword_signal_this_composer': 0, 'QuestionKeyword_signal_this_painting': 0, 'GuessQuality_proper_noun': 1, 'GuessQuality_single_word': 0, 'GuessQuality_has_title_case': 0, 'AnswerType_expects_person': 0, 'AnswerType_expects_work': 0, 'AnswerType_expects_place': 0, 'final': np.False_}"
False,7,2,14,Electric Charge,0.00,"{'Gpr_confidence': -1.2381246, 'Length_char': 341, 'Length_word': 61, 'Length_guess': 15, 'Length_ten_points': 0, 'Frequency_guess': 3.091042453358316, 'GuessFormat_has_parentheses': 0, 'GuessFormat_has_quotes': 0, 'GuessFormat_word_count': 2, 'GuessFormat_has_numbers': 0, 'RunPosition_position_ratio': 0.7577777777777778, 'RunPosition_early_question': 0, 'RunPosition_late_question': 1, 'QuestionKeyword_signal_for_ten_points': 0, 'QuestionKeyword_signal_name_this': 0, 'QuestionKeyword_signal_identify_this': 0, 'QuestionKeyword_signal_what_is': 0, 'QuestionKeyword_signal_who_is': 0, 'QuestionKeyword_signal_this_author': 0, 'QuestionKeyword_signal_this_work': 0, 'QuestionKeyword_signal_this_character': 0, 'QuestionKeyword_signal_this_person': 0, 'QuestionKeyword_signal_this_country': 0, 'QuestionKeyword_signal_this_battle': 0, 'QuestionKeyword_signal_this_composer': 0, 'QuestionKeyword_signal_this_painting': 0, 'GuessQuality_proper_noun': 1, 'GuessQuality_single_word': 0, 'GuessQuality_has_title_case': 1, 'AnswerType_expects_person': 0, 'AnswerType_expects_work': 0, 'AnswerType_expects_place': 0, 'final': np.False_}"
True,7,2,18,Magnetic moment,0.00,"{'Gpr_confidence': -0.12953304333333335, 'Length_char': 370, 'Length_word': 65, 'Length_guess': 15, 'Length_ten_points': 0, 'Frequency_guess': 2.302585092994046, 'GuessFormat_has_parentheses': 0, 'GuessFormat_has_quotes': 0, 'GuessFormat_word_count': 2, 'GuessFormat_has_numbers': 0, 'RunPosition_position_ratio': 0.8222222222222222, 'RunPosition_early_question': 0, 'RunPosition_late_question': 1, 'QuestionKeyword_signal_for_ten_points': 0, 'QuestionKeyword_signal_name_this': 0, 'QuestionKeyword_signal_identify_this': 0, 'QuestionKeyword_signal_what_is': 0, 'QuestionKeyword_signal_who_is': 0, 'QuestionKeyword_signal_this_author': 0, 'QuestionKeyword_signal_this_work': 0, 'QuestionKeyword_signal_this_character': 0, 'QuestionKeyword_signal_this_person': 0, 'QuestionKeyword_signal_this_country': 0, 'QuestionKeyword_signal_this_battle': 0, 'QuestionKeyword_signal_this_composer': 0, 'QuestionKeyword_signal_this_painting': 0, 'GuessQuality_proper_noun': 1, 'GuessQuality_single_word': 0, 'GuessQuality_has_title_case': 0, 'AnswerType_expects_person': 0, 'AnswerType_expects_work': 0, 'AnswerType_expects_place': 0, 'final': np.True_}"
True,7,2,20,Magnetic moment,0.00,"{'Gpr_confidence': -0.20182756999999998, 'Length_char': 385, 'Length_word': 67, 'Length_guess': 15, 'Length_ten_points': 0, 'Frequency_guess': 2.302585092994046, 'GuessFormat_has_parentheses': 0, 'GuessFormat_has_quotes': 0, 'GuessFormat_word_count': 2, 'GuessFormat_has_numbers': 0, 'RunPosition_position_ratio': 0.8555555555555555, 'RunPosition_early_question': 0, 'RunPosition_late_question': 1, 'QuestionKeyword_signal_for_ten_points': 0, 'QuestionKeyword_signal_name_this': 0, 'QuestionKeyword_signal_identify_this': 0, 'QuestionKeyword_signal_what_is': 0, 'QuestionKeyword_signal_who_is': 0, 'QuestionKeyword_signal_this_author': 0, 'QuestionKeyword_signal_this_work': 0, 'QuestionKeyword_signal_this_character': 0, 'QuestionKeyword_signal_this_person': 0, 'QuestionKeyword_signal_this_country': 0, 'QuestionKeyword_signal_this_battle': 0, 'QuestionKeyword_signal_this_composer': 0, 'QuestionKeyword_signal_this_painting': 0, 'GuessQuality_proper_noun': 1, 'GuessQuality_single_word': 0, 'GuessQuality_has_title_case': 0, 'AnswerType_expects_person': 0, 'AnswerType_expects_work': 0, 'AnswerType_expects_place': 0, 'final': np.True_}"
False,7,3,7,Watt balance,0.00,"{'Gpr_confidence': -0.10303805004333333, 'Length_char': 425, 'Length_word': 74, 'Length_guess': 12, 'Length_ten_points': 0, 'Frequency_guess': 0.0, 'GuessFormat_has_parentheses': 0, 'GuessFormat_has_quotes': 0, 'GuessFormat_word_count': 2, 'GuessFormat_has_numbers': 0, 'RunPosition_position_ratio': 0.9444444444444444, 'RunPosition_early_question': 0, 'RunPosition_late_question': 1, 'QuestionKeyword_signal_for_ten_points': 0, 'QuestionKeyword_signal_name_this': 0, 'QuestionKeyword_signal_identify_this': 0, 'QuestionKeyword_signal_what_is': 0, 'QuestionKeyword_signal_who_is': 0, 'QuestionKeyword_signal_this_author': 0, 'QuestionKeyword_signal_this_work': 0, 'QuestionKeyword_signal_this_character': 0, 'QuestionKeyword_signal_this_person': 0, 'QuestionKeyword_signal_this_country': 0, 'QuestionKeyword_signal_this_battle': 0, 'QuestionKeyword_signal_this_composer': 0, 'QuestionKeyword_signal_this_painting': 0, 'GuessQuality_proper_noun': 1, 'GuessQuality_single_word': 0, 'GuessQuality_has_title_case': 0, 'AnswerType_expects_person': 0, 'AnswerType_expects_work': 0, 'AnswerType_expects_place': 0, 'final': np.False_}"
False,7,3,11,Watt balance,0.00,"{'Gpr_confidence': -0.10217975986666666, 'Length_char': 460, 'Length_word': 78, 'Length_guess': 12, 'Length_ten_points': 0, 'Frequency_guess': 0.0, 'GuessFormat_has_parentheses': 0, 'GuessFormat_has_quotes': 0, 'GuessFormat_word_count': 2, 'GuessFormat_has_numbers': 0, 'RunPosition_position_ratio': 1.0222222222222221, 'RunPosition_early_question': 0, 'RunPosition_late_question': 1, 'QuestionKeyword_signal_for_ten_points': 0, 'QuestionKeyword_signal_name_this': 0, 'QuestionKeyword_signal_identify_this': 0, 'QuestionKeyword_signal_what_is': 0, 'QuestionKeyword_signal_who_is': 0, 'QuestionKeyword_signal_this_author': 0, 'QuestionKeyword_signal_this_work': 0, 'QuestionKeyword_signal_this_character': 0, 'QuestionKeyword_signal_this_person': 0, 'QuestionKeyword_signal_this_country': 0, 'QuestionKeyword_signal_this_battle': 0, 'QuestionKeyword_signal_this_composer': 0, 'QuestionKeyword_signal_this_painting': 0, 'GuessQuality_proper_noun': 1, 'GuessQuality_single_word': 0, 'GuessQuality_has_title_case': 0, 'AnswerType_expects_person': 0, 'AnswerType_expects_work': 0, 'AnswerType_expects_place': 0, 'final': np.False_}"
False,7,4,6,Watt balance,0.00,"{'Gpr_confidence': -0.2883521431333333, 'Length_char': 499, 'Length_word': 84, 'Length_guess': 12, 'Length_ten_points': 0, 'Frequency_guess': 0.0, 'GuessFormat_has_parentheses': 0, 'GuessFormat_has_quotes': 0, 'GuessFormat_word_count': 2, 'GuessFormat_has_numbers': 0, 'RunPosition_position_ratio': 1.1088888888888888, 'RunPosition_early_question': 0, 'RunPosition_late_question': 1, 'QuestionKeyword_signal_for_ten_points': 0, 'QuestionKeyword_signal_name_this': 0, 'QuestionKeyword_signal_identify_this': 0, 'QuestionKeyword_signal_what_is': 0, 'QuestionKeyword_signal_who_is': 0, 'QuestionKeyword_signal_this_author': 0, 'QuestionKeyword_signal_this_work': 0, 'QuestionKeyword_signal_this_character': 0, 'QuestionKeyword_signal_this_person': 0, 'QuestionKeyword_signal_this_country': 0, 'QuestionKeyword_signal_this_battle': 0, 'QuestionKeyword_signal_this_composer': 0, 'QuestionKeyword_signal_this_painting': 0, 'GuessQuality_proper_noun': 1, 'GuessQuality_single_word': 0, 'GuessQuality_has_title_case': 0, 'AnswerType_expects_person': 0, 'AnswerType_expects_work': 0, 'AnswerType_expects_place': 0, 'final': np.False_}"
True,7,4,13,Electric current,0.00,"{'Gpr_confidence': -0.68881112, 'Length_char': 539, 'Length_word': 91, 'Length_guess': 16, 'Length_ten_points': 0, 'Frequency_guess': 2.833213344056216, 'GuessFormat_has_parentheses': 0, 'GuessFormat_has_quotes': 0, 'GuessFormat_word_count': 2, 'GuessFormat_has_numbers': 0, 'RunPosition_position_ratio': 1.1977777777777778, 'RunPosition_early_question': 0, 'RunPosition_late_question': 1, 'QuestionKeyword_signal_for_ten_points': 0, 'QuestionKeyword_signal_name_this': 0, 'QuestionKeyword_signal_identify_this': 0, 'QuestionKeyword_signal_what_is': 0, 'QuestionKeyword_signal_who_is': 0, 'QuestionKeyword_signal_this_author': 0, 'QuestionKeyword_signal_this_work': 0, 'QuestionKeyword_signal_this_character': 0, 'QuestionKeyword_signal_this_person': 0, 'QuestionKeyword_signal_this_country': 0, 'QuestionKeyword_signal_this_battle': 0, 'QuestionKeyword_signal_this_composer': 0, 'QuestionKeyword_signal_this_painting': 0, 'GuessQuality_proper_noun': 1, 'GuessQuality_single_word': 0, 'GuessQuality_has_title_case': 0, 'AnswerType_expects_person': 0, 'AnswerType_expects_work': 0, 'AnswerType_expects_place': 0, 'final': np.True_}"
False,7,4,18,Watt balance,0.00,"{'Gpr_confidence': -0.44196574986666665, 'Length_char': 571, 'Length_word': 96, 'Length_guess': 12, 'Length_ten_points': 0, 'Frequency_guess': 0.0, 'GuessFormat_has_parentheses': 0, 'GuessFormat_has_quotes': 0, 'GuessFormat_word_count': 2, 'GuessFormat_has_numbers': 0, 'RunPosition_position_ratio': 1.268888888888889, 'RunPosition_early_question': 0, 'RunPosition_late_question': 1, 'QuestionKeyword_signal_for_ten_points': 0, 'QuestionKeyword_signal_name_this': 0, 'QuestionKeyword_signal_identify_this': 0, 'QuestionKeyword_signal_what_is': 0, 'QuestionKeyword_signal_who_is': 0, 'QuestionKeyword_signal_this_author': 0, 'QuestionKeyword_signal_this_work': 0, 'QuestionKeyword_signal_this_character': 0, 'QuestionKeyword_signal_this_person': 0, 'QuestionKeyword_signal_this_country': 0, 'QuestionKeyword_signal_this_battle': 0, 'QuestionKeyword_signal_this_composer': 0, 'QuestionKeyword_signal_this_painting': 0, 'GuessQuality_proper_noun': 1, 'GuessQuality_single_word': 0, 'GuessQuality_has_title_case': 0, 'AnswerType_expects_person': 0, 'AnswerType_expects_work': 0, 'AnswerType_expects_place': 0, 'final': np.False_}"
False,7,4,22,Watt balance,0.00,"{'Gpr_confidence': -0.5374417916666666, 'Length_char': 603, 'Length_word': 100, 'Length_guess': 12, 'Length_ten_points': 0, 'Frequency_guess': 0.0, 'GuessFormat_has_parentheses': 0, 'GuessFormat_has_quotes': 0, 'GuessFormat_word_count': 2, 'GuessFormat_has_numbers': 0, 'RunPosition_position_ratio': 1.34, 'RunPosition_early_question': 0, 'RunPosition_late_question': 1, 'QuestionKeyword_signal_for_ten_points': 0, 'QuestionKeyword_signal_name_this': 0, 'QuestionKeyword_signal_identify_this': 0, 'QuestionKeyword_signal_what_is': 0, 'QuestionKeyword_signal_who_is': 0, 'QuestionKeyword_signal_this_author': 0, 'QuestionKeyword_signal_this_work': 0, 'QuestionKeyword_signal_this_character': 0, 'QuestionKeyword_signal_this_person': 0, 'QuestionKeyword_signal_this_country': 0, 'QuestionKeyword_signal_this_battle': 0, 'QuestionKeyword_signal_this_composer': 0, 'QuestionKeyword_signal_this_painting': 0, 'GuessQuality_proper_noun': 1, 'GuessQuality_single_word': 0, 'GuessQuality_has_title_case': 0, 'AnswerType_expects_person': 0, 'AnswerType_expects_work': 0, 'AnswerType_expects_place': 1, 'final': np.False_}"
False,7,4,23,Watt balance,0.00,"{'Gpr_confidence': -0.23009684699, 'Length_char': 611, 'Length_word': 101, 'Length_guess': 12, 'Length_ten_points': 0, 'Frequency_guess': 0.0, 'GuessFormat_has_parentheses': 0, 'GuessFormat_has_quotes': 0, 'GuessFormat_word_count': 2, 'GuessFormat_has_numbers': 0, 'RunPosition_position_ratio': 1.3577777777777778, 'RunPosition_early_question': 0, 'RunPosition_late_question': 1, 'QuestionKeyword_signal_for_ten_points': 0, 'QuestionKeyword_signal_name_this': 0, 'QuestionKeyword_signal_identify_this': 0, 'QuestionKeyword_signal_what_is': 0, 'QuestionKeyword_signal_who_is': 0, 'QuestionKeyword_signal_this_author': 0, 'QuestionKeyword_signal_this_work': 0, 'QuestionKeyword_signal_this_character': 0, 'QuestionKeyword_signal_this_person': 0, 'QuestionKeyword_signal_this_country': 0, 'QuestionKeyword_signal_this_battle': 0, 'QuestionKeyword_signal_this_composer': 0, 'QuestionKeyword_signal_this_painting': 0, 'GuessQuality_proper_noun': 1, 'GuessQuality_single_word': 0, 'GuessQuality_has_title_case': 0, 'AnswerType_expects_person': 0, 'AnswerType_expects_work': 0, 'AnswerType_expects_place': 1, 'final': np.False_}"
False,7,5,6,Watt balance,0.00,"{'Gpr_confidence': -0.518937589, 'Length_char': 648, 'Length_word': 107, 'Length_guess': 12, 'Length_ten_points': 0, 'Frequency_guess': 0.0, 'GuessFormat_has_parentheses': 0, 'GuessFormat_has_quotes': 0, 'GuessFormat_word_count': 2, 'GuessFormat_has_numbers': 0, 'RunPosition_position_ratio': 1.44, 'RunPosition_early_question': 0, 'RunPosition_late_question': 1, 'QuestionKeyword_signal_for_ten_points': 0, 'QuestionKeyword_signal_name_this': 0, 'QuestionKeyword_signal_identify_this': 0, 'QuestionKeyword_signal_what_is': 0, 'QuestionKeyword_signal_who_is': 0, 'QuestionKeyword_signal_this_author': 0, 'QuestionKeyword_signal_this_work': 0, 'QuestionKeyword_signal_this_character': 0, 'QuestionKeyword_signal_this_person': 0, 'QuestionKeyword_signal_this_country': 0, 'QuestionKeyword_signal_this_battle': 0, 'QuestionKeyword_signal_this_composer': 0, 'QuestionKeyword_signal_this_painting': 0, 'GuessQuality_proper_noun': 1, 'GuessQuality_single_word': 0, 'GuessQuality_has_title_case': 0, 'AnswerType_expects_person': 0, 'AnswerType_expects_work': 0, 'AnswerType_expects_place': 1, 'final': np.False_}"
False,7,5,10,Watt balance,0.00,"{'Gpr_confidence': -0.7151446409999999, 'Length_char': 683, 'Length_word': 111, 'Length_guess': 12, 'Length_ten_points': 0, 'Frequency_guess': 0.0, 'GuessFormat_has_parentheses': 0, 'GuessFormat_has_quotes': 0, 'GuessFormat_word_count': 2, 'GuessFormat_has_numbers': 0, 'RunPosition_position_ratio': 1.5177777777777777, 'RunPosition_early_question': 0, 'RunPosition_late_question': 1, 'QuestionKeyword_signal_for_ten_points': 0, 'QuestionKeyword_signal_name_this': 0, 'QuestionKeyword_signal_identify_this': 0, 'QuestionKeyword_signal_what_is': 0, 'QuestionKeyword_signal_who_is': 0, 'QuestionKeyword_signal_this_author': 0, 'QuestionKeyword_signal_this_work': 0, 'QuestionKeyword_signal_this_character': 0, 'QuestionKeyword_signal_this_person': 0, 'QuestionKeyword_signal_this_country': 0, 'QuestionKeyword_signal_this_battle': 0, 'QuestionKeyword_signal_this_composer': 0, 'QuestionKeyword_signal_this_painting': 0, 'GuessQuality_proper_noun': 1, 'GuessQuality_single_word': 0, 'GuessQuality_has_title_case': 0, 'AnswerType_expects_person': 0, 'AnswerType_expects_work': 0, 'AnswerType_expects_place': 1, 'final': np.False_}"
False,7,5,15,International System of Units,0.00,"{'Gpr_confidence': -0.25709828834349996, 'Length_char': 718, 'Length_word': 116, 'Length_guess': 29, 'Length_ten_points': 0, 'Frequency_guess': 0.0, 'GuessFormat_has_parentheses': 0, 'GuessFormat_has_quotes': 0, 'GuessFormat_word_count': 4, 'GuessFormat_has_numbers': 0, 'RunPosition_position_ratio': 1.5955555555555556, 'RunPosition_early_question': 0, 'RunPosition_late_question': 1, 'QuestionKeyword_signal_for_ten_points': 0, 'QuestionKeyword_signal_name_this': 0, 'QuestionKeyword_signal_identify_this': 0, 'QuestionKeyword_signal_what_is': 0, 'QuestionKeyword_signal_who_is': 0, 'QuestionKeyword_signal_this_author': 0, 'QuestionKeyword_signal_this_work': 0, 'QuestionKeyword_signal_this_character': 0, 'QuestionKeyword_signal_this_person': 0, 'QuestionKeyword_signal_this_country': 0, 'QuestionKeyword_signal_this_battle': 0, 'QuestionKeyword_signal_this_composer': 0, 'QuestionKeyword_signal_this_painting': 0, 'GuessQuality_proper_noun': 1, 'GuessQuality_single_word': 0, 'GuessQuality_has_title_case': 0, 'AnswerType_expects_person': 0, 'AnswerType_expects_work': 0, 'AnswerType_expects_place': 1, 'final': np.False_}"
False,7,5,17,International System of Units,0.00,"{'Gpr_confidence': -0.24129481883625, 'Length_char': 728, 'Length_word': 118, 'Length_guess': 29, 'Length_ten_points': 0, 'Frequency_guess': 0.0, 'GuessFormat_has_parentheses': 0, 'GuessFormat_has_quotes': 0, 'GuessFormat_word_count': 4, 'GuessFormat_has_numbers': 0, 'RunPosition_position_ratio': 1.6177777777777778, 'RunPosition_early_question': 0, 'RunPosition_late_question': 1, 'QuestionKeyword_signal_for_ten_points': 0, 'QuestionKeyword_signal_name_this': 0, 'QuestionKeyword_signal_identify_this': 0, 'QuestionKeyword_signal_what_is': 0, 'QuestionKeyword_signal_who_is': 0, 'QuestionKeyword_signal_this_author': 0, 'QuestionKeyword_signal_this_work': 0, 'QuestionKeyword_signal_this_character': 0, 'QuestionKeyword_signal_this_person': 0, 'QuestionKeyword_signal_this_country': 0, 'QuestionKeyword_signal_this_battle': 0, 'QuestionKeyword_signal_this_composer': 0, 'QuestionKeyword_signal_this_painting': 0, 'GuessQuality_proper_noun': 1, 'GuessQuality_single_word': 0, 'GuessQuality_has_title_case': 0, 'AnswerType_expects_person': 0, 'AnswerType_expects_work': 0, 'AnswerType_expects_place': 1, 'final': np.False_}"
False,7,6,7,International System of Units,0.00,"{'Gpr_confidence': -0.3084493424775, 'Length_char': 769, 'Length_word': 125, 'Length_guess': 29, 'Length_ten_points': 0, 'Frequency_guess': 0.0, 'GuessFormat_has_parentheses': 0, 'GuessFormat_has_quotes': 0, 'GuessFormat_word_count': 4, 'GuessFormat_has_numbers': 0, 'RunPosition_position_ratio': 1.708888888888889, 'RunPosition_early_question': 0, 'RunPosition_late_question': 1, 'QuestionKeyword_signal_for_ten_points': 0, 'QuestionKeyword_signal_name_this': 1, 'QuestionKeyword_signal_identify_this': 0, 'QuestionKeyword_signal_what_is': 0, 'QuestionKeyword_signal_who_is': 0, 'QuestionKeyword_signal_this_author': 0, 'QuestionKeyword_signal_this_work': 0, 'QuestionKeyword_signal_this_character': 0, 'QuestionKeyword_signal_this_person': 0, 'QuestionKeyword_signal_this_country': 0, 'QuestionKeyword_signal_this_battle': 0, 'QuestionKeyword_signal_this_composer': 0, 'QuestionKeyword_signal_this_painting': 0, 'GuessQuality_proper_noun': 1, 'GuessQuality_single_word': 0, 'GuessQuality_has_title_case': 0, 'AnswerType_expects_person': 0, 'AnswerType_expects_work': 0, 'AnswerType_expects_place': 1, 'final': np.False_}"
False,7,6,13,International System of Units,0.00,"{'Gpr_confidence': -0.29047986921499996, 'Length_char': 800, 'Length_word': 131, 'Length_guess': 29, 'Length_ten_points': 0, 'Frequency_guess': 0.0, 'GuessFormat_has_parentheses': 0, 'GuessFormat_has_quotes': 0, 'GuessFormat_word_count': 4, 'GuessFormat_has_numbers': 0, 'RunPosition_position_ratio': 1.7777777777777777, 'RunPosition_early_question': 0, 'RunPosition_late_question': 1, 'QuestionKeyword_signal_for_ten_points': 0, 'QuestionKeyword_signal_name_this': 1, 'QuestionKeyword_signal_identify_this': 0, 'QuestionKeyword_signal_what_is': 0, 'QuestionKeyword_signal_who_is': 0, 'QuestionKeyword_signal_this_author': 0, 'QuestionKeyword_signal_this_work': 0, 'QuestionKeyword_signal_this_character': 0, 'QuestionKeyword_signal_this_person': 0, 'QuestionKeyword_signal_this_country': 0, 'QuestionKeyword_signal_this_battle': 0, 'QuestionKeyword_signal_this_composer': 0, 'QuestionKeyword_signal_this_painting': 0, 'GuessQuality_proper_noun': 1, 'GuessQuality_single_word': 0, 'GuessQuality_has_title_case': 0, 'AnswerType_expects_person': 0, 'AnswerType_expects_work': 0, 'AnswerType_expects_place': 1, 'final': np.False_}"
True,7,6,14,Kilogram,0.00,"{'Gpr_confidence': -0.2572535181048, 'Length_char': 811, 'Length_word': 132, 'Length_guess': 8, 'Length_ten_points': 0, 'Frequency_guess': 0.6931471805599453, 'GuessFormat_has_parentheses': 0, 'GuessFormat_has_quotes': 0, 'GuessFormat_word_count': 1, 'GuessFormat_has_numbers': 0, 'RunPosition_position_ratio': 1.8022222222222222, 'RunPosition_early_question': 0, 'RunPosition_late_question': 1, 'QuestionKeyword_signal_for_ten_points': 0, 'QuestionKeyword_signal_name_this': 1, 'QuestionKeyword_signal_identify_this': 0, 'QuestionKeyword_signal_what_is': 0, 'QuestionKeyword_signal_who_is': 0, 'QuestionKeyword_signal_this_author': 0, 'QuestionKeyword_signal_this_work': 0, 'QuestionKeyword_signal_this_character': 0, 'QuestionKeyword_signal_this_person': 0, 'QuestionKeyword_signal_this_country': 0, 'QuestionKeyword_signal_this_battle': 0, 'QuestionKeyword_signal_this_composer': 0, 'QuestionKeyword_signal_this_painting': 0, 'GuessQuality_proper_noun': 1, 'GuessQuality_single_word': 1, 'GuessQuality_has_title_case': 1, 'AnswerType_expects_person': 0, 'AnswerType_expects_work': 0, 'AnswerType_expects_place': 1, 'final': np.True_}"
True,7,6,14,Kilogram,0.00,"{'Gpr_confidence': -0.2572535181048, 'Length_char': 811, 'Length_word': 132, 'Length_guess': 8, 'Length_ten_points': 0, 'Frequency_guess': 0.6931471805599453, 'GuessFormat_has_parentheses': 0, 'GuessFormat_has_quotes': 0, 'GuessFormat_word_count': 1, 'GuessFormat_has_numbers': 0, 'RunPosition_position_ratio': 1.8022222222222222, 'RunPosition_early_question': 0, 'RunPosition_late_question': 1, 'QuestionKeyword_signal_for_ten_points': 0, 'QuestionKeyword_signal_name_this': 1, 'QuestionKeyword_signal_identify_this': 0, 'QuestionKeyword_signal_what_is': 0, 'QuestionKeyword_signal_who_is': 0, 'QuestionKeyword_signal_this_author': 0, 'QuestionKeyword_signal_this_work': 0, 'QuestionKeyword_signal_this_character': 0, 'QuestionKeyword_signal_this_person': 0, 'QuestionKeyword_signal_this_country': 0, 'QuestionKeyword_signal_this_battle': 0, 'QuestionKeyword_signal_this_composer': 0, 'QuestionKeyword_signal_this_painting': 0, 'GuessQuality_proper_noun': 1, 'GuessQuality_single_word': 1, 'GuessQuality_has_title_case': 1, 'AnswerType_expects_person': 0, 'AnswerType_expects_work': 0, 'AnswerType_expects_place': 1, 'final': np.True_}"
False,8,0,8,Palace,0.00,"{'Gpr_confidence': -0.3006729845, 'Length_char': 39, 'Length_word': 8, 'Length_guess': 6, 'Length_ten_points': 0, 'Frequency_guess': 0.6931471805599453, 'GuessFormat_has_parentheses': 0, 'GuessFormat_has_quotes': 0, 'GuessFormat_word_count': 1, 'GuessFormat_has_numbers': 0, 'RunPosition_position_ratio': 0.08666666666666667, 'RunPosition_early_question': 1, 'RunPosition_late_question': 0, 'QuestionKeyword_signal_for_ten_points': 0, 'QuestionKeyword_signal_name_this': 0, 'QuestionKeyword_signal_identify_this': 0, 'QuestionKeyword_signal_what_is': 0, 'QuestionKeyword_signal_who_is': 0, 'QuestionKeyword_signal_this_author': 0, 'QuestionKeyword_signal_this_work': 0, 'QuestionKeyword_signal_this_character': 0, 'QuestionKeyword_signal_this_person': 0, 'QuestionKeyword_signal_this_country': 0, 'QuestionKeyword_signal_this_battle': 0, 'QuestionKeyword_signal_this_composer': 0, 'QuestionKeyword_signal_this_painting': 0, 'GuessQuality_proper_noun': 1, 'GuessQuality_single_word': 1, 'GuessQuality_has_title_case': 1, 'AnswerType_expects_person': 0, 'AnswerType_expects_work': 0, 'AnswerType_expects_place': 1, 'final': np.False_}"
False,8,0,14,Mysore Palace,0.00,"{'Gpr_confidence': -0.32500879976275, 'Length_char': 71, 'Length_word': 14, 'Length_guess': 13, 'Length_ten_points': 0, 'Frequency_guess': 0.0, 'GuessFormat_has_parentheses': 0, 'GuessFormat_has_quotes': 0, 'GuessFormat_word_count': 2, 'GuessFormat_has_numbers': 0, 'RunPosition_position_ratio': 0.15777777777777777, 'RunPosition_early_question': 1, 'RunPosition_late_question': 0, 'QuestionKeyword_signal_for_ten_points': 0, 'QuestionKeyword_signal_name_this': 0, 'QuestionKeyword_signal_identify_this': 0, 'QuestionKeyword_signal_what_is': 0, 'QuestionKeyword_signal_who_is': 0, 'QuestionKeyword_signal_this_author': 0, 'QuestionKeyword_signal_this_work': 0, 'QuestionKeyword_signal_this_character': 0, 'QuestionKeyword_signal_this_person': 0, 'QuestionKeyword_signal_this_country': 0, 'QuestionKeyword_signal_this_battle': 0, 'QuestionKeyword_signal_this_composer': 0, 'QuestionKeyword_signal_this_painting': 0, 'GuessQuality_proper_noun': 1, 'GuessQuality_single_word': 0, 'GuessQuality_has_title_case': 1, 'AnswerType_expects_person': 0, 'AnswerType_expects_work': 0, 'AnswerType_expects_place': 1, 'final': np.False_}"
False,8,0,19,Mysore Palace,0.00,"{'Gpr_confidence': -0.560422113059, 'Length_char': 107, 'Length_word': 19, 'Length_guess': 13, 'Length_ten_points': 0, 'Frequency_guess': 0.0, 'GuessFormat_has_parentheses': 0, 'GuessFormat_has_quotes': 0, 'GuessFormat_word_count': 2, 'GuessFormat_has_numbers': 0, 'RunPosition_position_ratio': 0.23777777777777778, 'RunPosition_early_question': 1, 'RunPosition_late_question': 0, 'QuestionKeyword_signal_for_ten_points': 0, 'QuestionKeyword_signal_name_this': 0, 'QuestionKeyword_signal_identify_this': 0, 'QuestionKeyword_signal_what_is': 0, 'QuestionKeyword_signal_who_is': 0, 'QuestionKeyword_signal_this_author': 0, 'QuestionKeyword_signal_this_work': 0, 'QuestionKeyword_signal_this_character': 0, 'QuestionKeyword_signal_this_person': 0, 'QuestionKeyword_signal_this_country': 0, 'QuestionKeyword_signal_this_battle': 0, 'QuestionKeyword_signal_this_composer': 0, 'QuestionKeyword_signal_this_painting': 0, 'GuessQuality_proper_noun': 1, 'GuessQuality_single_word': 0, 'GuessQuality_has_title_case': 1, 'AnswerType_expects_person': 0, 'AnswerType_expects_work': 0, 'AnswerType_expects_place': 1, 'final': np.False_}"
False,8,0,26,Isfahan,0.00,"{'Gpr_confidence': -0.5014728340333333, 'Length_char': 142, 'Length_word': 26, 'Length_guess': 7, 'Length_ten_points': 0, 'Frequency_guess': 0.6931471805599453, 'GuessFormat_has_parentheses': 0, 'GuessFormat_has_quotes': 0, 'GuessFormat_word_count': 1, 'GuessFormat_has_numbers': 0, 'RunPosition_position_ratio': 0.31555555555555553, 'RunPosition_early_question': 0, 'RunPosition_late_question': 0, 'QuestionKeyword_signal_for_ten_points': 0, 'QuestionKeyword_signal_name_this': 0, 'QuestionKeyword_signal_identify_this': 0, 'QuestionKeyword_signal_what_is': 0, 'QuestionKeyword_signal_who_is': 0, 'QuestionKeyword_signal_this_author': 0, 'QuestionKeyword_signal_this_work': 0, 'QuestionKeyword_signal_this_character': 0, 'QuestionKeyword_signal_this_person': 0, 'QuestionKeyword_signal_this_country': 0, 'QuestionKeyword_signal_this_battle': 0, 'QuestionKeyword_signal_this_composer': 0, 'QuestionKeyword_signal_this_painting': 0, 'GuessQuality_proper_noun': 1, 'GuessQuality_single_word': 1, 'GuessQuality_has_title_case': 1, 'AnswerType_expects_person': 0, 'AnswerType_expects_work': 0, 'AnswerType_expects_place': 1, 'final': np.False_}"
False,8,0,28,Isfahan,0.00,"{'Gpr_confidence': -0.4065307850066667, 'Length_char': 155, 'Length_word': 28, 'Length_guess': 7, 'Length_ten_points': 0, 'Frequency_guess': 0.6931471805599453, 'GuessFormat_has_parentheses': 0, 'GuessFormat_has_quotes': 0, 'GuessFormat_word_count': 1, 'GuessFormat_has_numbers': 0, 'RunPosition_position_ratio': 0.34444444444444444, 'RunPosition_early_question': 0, 'RunPosition_late_question': 0, 'QuestionKeyword_signal_for_ten_points': 0, 'QuestionKeyword_signal_name_this': 0, 'QuestionKeyword_signal_identify_this': 0, 'QuestionKeyword_signal_what_is': 0, 'QuestionKeyword_signal_who_is': 0, 'QuestionKeyword_signal_this_author': 0, 'QuestionKeyword_signal_this_work': 0, 'QuestionKeyword_signal_this_character': 0, 'QuestionKeyword_signal_this_person': 0, 'QuestionKeyword_signal_this_country': 0, 'QuestionKeyword_signal_this_battle': 0, 'QuestionKeyword_signal_this_composer': 0, 'QuestionKeyword_signal_this_painting': 0, 'GuessQuality_proper_noun': 1, 'GuessQuality_single_word': 1, 'GuessQuality_has_title_case': 1, 'AnswerType_expects_person': 0, 'AnswerType_expects_work': 0, 'AnswerType_expects_place': 1, 'final': np.False_}"
False,8,1,8,Isfahan,0.00,"{'Gpr_confidence': -0.25691149690666665, 'Length_char': 196, 'Length_word': 36, 'Length_guess': 7, 'Length_ten_points': 0, 'Frequency_guess': 0.6931471805599453, 'GuessFormat_has_parentheses': 0, 'GuessFormat_has_quotes': 0, 'GuessFormat_word_count': 1, 'GuessFormat_has_numbers': 0, 'RunPosition_position_ratio': 0.43555555555555553, 'RunPosition_early_question': 0, 'RunPosition_late_question': 0, 'QuestionKeyword_signal_for_ten_points': 0, 'QuestionKeyword_signal_name_this': 0, 'QuestionKeyword_signal_identify_this': 0, 'QuestionKeyword_signal_what_is': 0, 'QuestionKeyword_signal_who_is': 0, 'QuestionKeyword_signal_this_author': 0, 'QuestionKeyword_signal_this_work': 0, 'QuestionKeyword_signal_this_character': 0, 'QuestionKeyword_signal_this_person': 0, 'QuestionKeyword_signal_this_country': 0, 'QuestionKeyword_signal_this_battle': 0, 'QuestionKeyword_signal_this_composer': 0, 'QuestionKeyword_signal_this_painting': 0, 'GuessQuality_proper_noun': 1, 'GuessQuality_single_word': 1, 'GuessQuality_has_title_case': 1, 'AnswerType_expects_person': 1, 'AnswerType_expects_work': 1, 'AnswerType_expects_place': 1, 'final': np.False_}"
False,8,1,15,Samarra,0.00,"{'Gpr_confidence': -0.1273436115, 'Length_char': 228, 'Length_word': 43, 'Length_guess': 7, 'Length_ten_points': 0, 'Frequency_guess': 0.0, 'GuessFormat_has_parentheses': 0, 'GuessFormat_has_quotes': 0, 'GuessFormat_word_count': 1, 'GuessFormat_has_numbers': 0, 'RunPosition_position_ratio': 0.5066666666666667, 'RunPosition_early_question': 0, 'RunPosition_late_question': 0, 'QuestionKeyword_signal_for_ten_points': 0, 'QuestionKeyword_signal_name_this': 0, 'QuestionKeyword_signal_identify_this': 0, 'QuestionKeyword_signal_what_is': 0, 'QuestionKeyword_signal_who_is': 0, 'QuestionKeyword_signal_this_author': 0, 'QuestionKeyword_signal_this_work': 0, 'QuestionKeyword_signal_this_character': 0, 'QuestionKeyword_signal_this_person': 0, 'QuestionKeyword_signal_this_country': 0, 'QuestionKeyword_signal_this_battle': 0, 'QuestionKeyword_signal_this_composer': 0, 'QuestionKeyword_signal_this_painting': 0, 'GuessQuality_proper_noun': 1, 'GuessQuality_single_word': 1, 'GuessQuality_has_title_case': 1, 'AnswerType_expects_person': 1, 'AnswerType_expects_work': 1, 'AnswerType_expects_place': 1, 'final': np.False_}"
False,8,1,22,Isfahan,0.00,"{'Gpr_confidence': -0.42553771479999997, 'Length_char': 263, 'Length_word': 50, 'Length_guess': 7, 'Length_ten_points': 0, 'Frequency_guess': 0.6931471805599453, 'GuessFormat_has_parentheses': 0, 'GuessFormat_has_quotes': 0, 'GuessFormat_word_count': 1, 'GuessFormat_has_numbers': 0, 'RunPosition_position_ratio': 0.5844444444444444, 'RunPosition_early_question': 0, 'RunPosition_late_question': 0, 'QuestionKeyword_signal_for_ten_points': 0, 'QuestionKeyword_signal_name_this': 0, 'QuestionKeyword_signal_identify_this': 0, 'QuestionKeyword_signal_what_is': 0, 'QuestionKeyword_signal_who_is': 0, 'QuestionKeyword_signal_this_author': 0, 'QuestionKeyword_signal_this_work': 0, 'QuestionKeyword_signal_this_character': 0, 'QuestionKeyword_signal_this_person': 0, 'QuestionKeyword_signal_this_country': 0, 'QuestionKeyword_signal_this_battle': 0, 'QuestionKeyword_signal_this_composer': 0, 'QuestionKeyword_signal_this_painting': 0, 'GuessQuality_proper_noun': 1, 'GuessQuality_single_word': 1, 'GuessQuality_has_title_case': 1, 'AnswerType_expects_person': 1, 'AnswerType_expects_work': 1, 'AnswerType_expects_place': 1, 'final': np.False_}"
True,8,1,28,Baghdad,0.00,"{'Gpr_confidence': -0.0342917637158, 'Length_char': 300, 'Length_word': 56, 'Length_guess': 7, 'Length_ten_points': 0, 'Frequency_guess': 2.833213344056216, 'GuessFormat_has_parentheses': 0, 'GuessFormat_has_quotes': 0, 'GuessFormat_word_count': 1, 'GuessFormat_has_numbers': 0, 'RunPosition_position_ratio': 0.6666666666666666, 'RunPosition_early_question': 0, 'RunPosition_late_question': 0, 'QuestionKeyword_signal_for_ten_points': 0, 'QuestionKeyword_signal_name_this': 0, 'QuestionKeyword_signal_identify_this': 0, 'QuestionKeyword_signal_what_is': 0, 'QuestionKeyword_signal_who_is': 0, 'QuestionKeyword_signal_this_author': 0, 'QuestionKeyword_signal_this_work': 0, 'QuestionKeyword_signal_this_character': 0, 'QuestionKeyword_signal_this_person': 0, 'QuestionKeyword_signal_this_country': 0, 'QuestionKeyword_signal_this_battle': 0, 'QuestionKeyword_signal_this_composer': 0, 'QuestionKeyword_signal_this_painting': 0, 'GuessQuality_proper_noun': 1, 'GuessQuality_single_word': 1, 'GuessQuality_has_title_case': 1, 'AnswerType_expects_person': 1, 'AnswerType_expects_work': 2, 'AnswerType_expects_place': 1, 'final': np.True_}"
True,8,2,6,Baghdad,0.00,"{'Gpr_confidence': -0.003925981919, 'Length_char': 339, 'Length_word': 62, 'Length_guess': 7, 'Length_ten_points': 0, 'Frequency_guess': 2.833213344056216, 'GuessFormat_has_parentheses': 0, 'GuessFormat_has_quotes': 0, 'GuessFormat_word_count': 1, 'GuessFormat_has_numbers': 0, 'RunPosition_position_ratio': 0.7533333333333333, 'RunPosition_early_question': 0, 'RunPosition_late_question': 1, 'QuestionKeyword_signal_for_ten_points': 0, 'QuestionKeyword_signal_name_this': 0, 'QuestionKeyword_signal_identify_this': 0, 'QuestionKeyword_signal_what_is': 0, 'QuestionKeyword_signal_who_is': 0, 'QuestionKeyword_signal_this_author': 0, 'QuestionKeyword_signal_this_work': 0, 'QuestionKeyword_signal_this_character': 0, 'QuestionKeyword_signal_this_person': 0, 'QuestionKeyword_signal_this_country': 0, 'QuestionKeyword_signal_this_battle': 0, 'QuestionKeyword_signal_this_composer': 0, 'QuestionKeyword_signal_this_painting': 0, 'GuessQuality_proper_noun': 1, 'GuessQuality_single_word': 1, 'GuessQuality_has_title_case': 1, 'AnswerType_expects_person': 1, 'AnswerType_expects_work': 2, 'AnswerType_expects_place': 1, 'final': np.True_}"
True,8,2,11,Baghdad,0.00,"{'Gpr_confidence': -0.010143340406966668, 'Length_char': 374, 'Length_word': 67, 'Length_guess': 7, 'Length_ten_points': 0, 'Frequency_guess': 2.833213344056216, 'GuessFormat_has_parentheses': 0, 'GuessFormat_has_quotes': 0, 'GuessFormat_word_count': 1, 'GuessFormat_has_numbers': 0, 'RunPosition_position_ratio': 0.8311111111111111, 'RunPosition_early_question': 0, 'RunPosition_late_question': 1, 'QuestionKeyword_signal_for_ten_points': 0, 'QuestionKeyword_signal_name_this': 0, 'QuestionKeyword_signal_identify_this': 0, 'QuestionKeyword_signal_what_is': 0, 'QuestionKeyword_signal_who_is': 0, 'QuestionKeyword_signal_this_author': 0, 'QuestionKeyword_signal_this_work': 0, 'QuestionKeyword_signal_this_character': 0, 'QuestionKeyword_signal_this_person': 0, 'QuestionKeyword_signal_this_country': 0, 'QuestionKeyword_signal_this_battle': 0, 'QuestionKeyword_signal_this_composer': 0, 'QuestionKeyword_signal_this_painting': 0, 'GuessQuality_proper_noun': 1, 'GuessQuality_single_word': 1, 'GuessQuality_has_title_case': 1, 'AnswerType_expects_person': 1, 'AnswerType_expects_work': 2, 'AnswerType_expects_place': 1, 'final': np.True_}"
True,8,3,9,Baghdad,0.00,"{'Gpr_confidence': -0.011955864486433335, 'Length_char': 416, 'Length_word': 76, 'Length_guess': 7, 'Length_ten_points': 0, 'Frequency_guess': 2.833213344056216, 'GuessFormat_has_parentheses': 0, 'GuessFormat_has_quotes': 0, 'GuessFormat_word_count': 1, 'GuessFormat_has_numbers': 0, 'RunPosition_position_ratio': 0.9244444444444444, 'RunPosition_early_question': 0, 'RunPosition_late_question': 1, 'QuestionKeyword_signal_for_ten_points': 0, 'QuestionKeyword_signal_name_this': 0, 'QuestionKeyword_signal_identify_this': 0, 'QuestionKeyword_signal_what_is': 0, 'QuestionKeyword_signal_who_is': 0, 'QuestionKeyword_signal_this_author': 0, 'QuestionKeyword_signal_this_work': 0, 'QuestionKeyword_signal_this_character': 0, 'QuestionKeyword_signal_this_person': 0, 'QuestionKeyword_signal_this_country': 0, 'QuestionKeyword_signal_this_battle': 0, 'QuestionKeyword_signal_this_composer': 0, 'QuestionKeyword_signal_this_painting': 0, 'GuessQuality_proper_noun': 1, 'GuessQuality_single_word': 1, 'GuessQuality_has_title_case': 1, 'AnswerType_expects_person': 1, 'AnswerType_expects_work': 2, 'AnswerType_expects_place': 1, 'final': np.True_}"
True,8,3,17,Baghdad,0.00,"{'Gpr_confidence': -0.007478309702866667, 'Length_char': 451, 'Length_word': 84, 'Length_guess': 7, 'Length_ten_points': 0, 'Frequency_guess': 2.833213344056216, 'GuessFormat_has_parentheses': 0, 'GuessFormat_has_quotes': 0, 'GuessFormat_word_count': 1, 'GuessFormat_has_numbers': 0, 'RunPosition_position_ratio': 1.0022222222222221, 'RunPosition_early_question': 0, 'RunPosition_late_question': 1, 'QuestionKeyword_signal_for_ten_points': 0, 'QuestionKeyword_signal_name_this': 0, 'QuestionKeyword_signal_identify_this': 0, 'QuestionKeyword_signal_what_is': 0, 'QuestionKeyword_signal_who_is': 0, 'QuestionKeyword_signal_this_author': 0, 'QuestionKeyword_signal_this_work': 0, 'QuestionKeyword_signal_this_character': 0, 'QuestionKeyword_signal_this_person': 0, 'QuestionKeyword_signal_this_country': 0, 'QuestionKeyword_signal_this_battle': 0, 'QuestionKeyword_signal_this_composer': 0, 'QuestionKeyword_signal_this_painting': 0, 'GuessQuality_proper_noun': 1, 'GuessQuality_single_word': 1, 'GuessQuality_has_title_case': 1, 'AnswerType_expects_person': 1, 'AnswerType_expects_work': 2, 'AnswerType_expects_place': 1, 'final': np.True_}"
True,8,3,22,Baghdad,0.00,"{'Gpr_confidence': -0.00038179148896666667, 'Length_char': 477, 'Length_word': 89, 'Length_guess': 7, 'Length_ten_points': 0, 'Frequency_guess': 2.833213344056216, 'GuessFormat_has_parentheses': 0, 'GuessFormat_has_quotes': 0, 'GuessFormat_word_count': 1, 'GuessFormat_has_numbers': 0, 'RunPosition_position_ratio': 1.06, 'RunPosition_early_question': 0, 'RunPosition_late_question': 1, 'QuestionKeyword_signal_for_ten_points': 0, 'QuestionKeyword_signal_name_this': 0, 'QuestionKeyword_signal_identify_this': 0, 'QuestionKeyword_signal_what_is': 0, 'QuestionKeyword_signal_who_is': 0, 'QuestionKeyword_signal_this_author': 0, 'QuestionKeyword_signal_this_work': 0, 'QuestionKeyword_signal_this_character': 0, 'QuestionKeyword_signal_this_person': 0, 'QuestionKeyword_signal_this_country': 0, 'QuestionKeyword_signal_this_battle': 0, 'QuestionKeyword_signal_this_composer': 0, 'QuestionKeyword_signal_this_painting': 0, 'GuessQuality_proper_noun': 1, 'GuessQuality_single_word': 1, 'GuessQuality_has_title_case': 1, 'AnswerType_expects_person': 1, 'AnswerType_expects_work': 2, 'AnswerType_expects_place': 1, 'final': np.True_}"
True,8,4,9,Baghdad,0.00,"{'Gpr_confidence': -0.00020242600156666665, 'Length_char': 517, 'Length_word': 98, 'Length_guess': 7, 'Length_ten_points': 0, 'Frequency_guess': 2.833213344056216, 'GuessFormat_has_parentheses': 0, 'GuessFormat_has_quotes': 0, 'GuessFormat_word_count': 1, 'GuessFormat_has_numbers': 0, 'RunPosition_position_ratio': 1.1488888888888888, 'RunPosition_early_question': 0, 'RunPosition_late_question': 1, 'QuestionKeyword_signal_for_ten_points': 0, 'QuestionKeyword_signal_name_this': 0, 'QuestionKeyword_signal_identify_this': 0, 'QuestionKeyword_signal_what_is': 0, 'QuestionKeyword_signal_who_is': 0, 'QuestionKeyword_signal_this_author': 0, 'QuestionKeyword_signal_this_work': 0, 'QuestionKeyword_signal_this_character': 0, 'QuestionKeyword_signal_this_person': 0, 'QuestionKeyword_signal_this_country': 0, 'QuestionKeyword_signal_this_battle': 0, 'QuestionKeyword_signal_this_composer': 0, 'QuestionKeyword_signal_this_painting': 0, 'GuessQuality_proper_noun': 1, 'GuessQuality_single_word': 1, 'GuessQuality_has_title_case': 1, 'AnswerType_expects_person': 1, 'AnswerType_expects_work': 2, 'AnswerType_expects_place': 1, 'final': np.True_}"
True,8,4,15,Baghdad,0.00,"{'Gpr_confidence': -0.0007985589247666666, 'Length_char': 551, 'Length_word': 104, 'Length_guess': 7, 'Length_ten_points': 0, 'Frequency_guess': 2.833213344056216, 'GuessFormat_has_parentheses': 0, 'GuessFormat_has_quotes': 0, 'GuessFormat_word_count': 1, 'GuessFormat_has_numbers': 0, 'RunPosition_position_ratio': 1.2244444444444444, 'RunPosition_early_question': 0, 'RunPosition_late_question': 1, 'QuestionKeyword_signal_for_ten_points': 0, 'QuestionKeyword_signal_name_this': 0, 'QuestionKeyword_signal_identify_this': 0, 'QuestionKeyword_signal_what_is': 0, 'QuestionKeyword_signal_who_is': 0, 'QuestionKeyword_signal_this_author': 0, 'QuestionKeyword_signal_this_work': 0, 'QuestionKeyword_signal_this_character': 0, 'QuestionKeyword_signal_this_person': 0, 'QuestionKeyword_signal_this_country': 0, 'QuestionKeyword_signal_this_battle': 0, 'QuestionKeyword_signal_this_composer': 0, 'QuestionKeyword_signal_this_painting': 0, 'GuessQuality_proper_noun': 1, 'GuessQuality_single_word': 1, 'GuessQuality_has_title_case': 1, 'AnswerType_expects_person': 1, 'AnswerType_expects_work': 2, 'AnswerType_expects_place': 1, 'final': np.True_}"
True,8,4,20,Baghdad,0.00,"{'Gpr_confidence': -0.0007424989524, 'Length_char': 580, 'Length_word': 109, 'Length_guess': 7, 'Length_ten_points': 0, 'Frequency_guess': 2.833213344056216, 'GuessFormat_has_parentheses': 0, 'GuessFormat_has_quotes': 0, 'GuessFormat_word_count': 1, 'GuessFormat_has_numbers': 0, 'RunPosition_position_ratio': 1.288888888888889, 'RunPosition_early_question': 0, 'RunPosition_late_question': 1, 'QuestionKeyword_signal_for_ten_points': 0, 'QuestionKeyword_signal_name_this': 0, 'QuestionKeyword_signal_identify_this': 0, 'QuestionKeyword_signal_what_is': 0, 'QuestionKeyword_signal_who_is': 0, 'QuestionKeyword_signal_this_author': 0, 'QuestionKeyword_signal_this_work': 0, 'QuestionKeyword_signal_this_character': 0, 'QuestionKeyword_signal_this_person': 0, 'QuestionKeyword_signal_this_country': 0, 'QuestionKeyword_signal_this_battle': 0, 'QuestionKeyword_signal_this_composer': 0, 'QuestionKeyword_signal_this_painting': 0, 'GuessQuality_proper_noun': 1, 'GuessQuality_single_word': 1, 'GuessQuality_has_title_case': 1, 'AnswerType_expects_person': 1, 'AnswerType_expects_work': 2, 'AnswerType_expects_place': 1, 'final': np.True_}"
True,8,5,8,Baghdad,0.00,"{'Gpr_confidence': -0.002562864098866667, 'Length_char': 618, 'Length_word': 117, 'Length_guess': 7, 'Length_ten_points': 0, 'Frequency_guess': 2.833213344056216, 'GuessFormat_has_parentheses': 0, 'GuessFormat_has_quotes': 0, 'GuessFormat_word_count': 1, 'GuessFormat_has_numbers': 0, 'RunPosition_position_ratio': 1.3733333333333333, 'RunPosition_early_question': 0, 'RunPosition_late_question': 1, 'QuestionKeyword_signal_for_ten_points': 0, 'QuestionKeyword_signal_name_this': 0, 'QuestionKeyword_signal_identify_this': 0, 'QuestionKeyword_signal_what_is': 0, 'QuestionKeyword_signal_who_is': 0, 'QuestionKeyword_signal_this_author': 0, 'QuestionKeyword_signal_this_work': 0, 'QuestionKeyword_signal_this_character': 0, 'QuestionKeyword_signal_this_person': 0, 'QuestionKeyword_signal_this_country': 0, 'QuestionKeyword_signal_this_battle': 0, 'QuestionKeyword_signal_this_composer': 0, 'QuestionKeyword_signal_this_painting': 0, 'GuessQuality_proper_noun': 1, 'GuessQuality_single_word': 1, 'GuessQuality_has_title_case': 1, 'AnswerType_expects_person': 1, 'AnswerType_expects_work': 2, 'AnswerType_expects_place': 1, 'final': np.True_}"
True,8,5,13,Baghdad,0.00,"{'Gpr_confidence': -0.0010598872336666666, 'Length_char': 652, 'Length_word': 122, 'Length_guess': 7, 'Length_ten_points': 0, 'Frequency_guess': 2.833213344056216, 'GuessFormat_has_parentheses': 0, 'GuessFormat_has_quotes': 0, 'GuessFormat_word_count': 1, 'GuessFormat_has_numbers': 0, 'RunPosition_position_ratio': 1.448888888888889, 'RunPosition_early_question': 0, 'RunPosition_late_question': 1, 'QuestionKeyword_signal_for_ten_points': 0, 'QuestionKeyword_signal_name_this': 0, 'QuestionKeyword_signal_identify_this': 0, 'QuestionKeyword_signal_what_is': 0, 'QuestionKeyword_signal_who_is': 0, 'QuestionKeyword_signal_this_author': 0, 'QuestionKeyword_signal_this_work': 0, 'QuestionKeyword_signal_this_character': 0, 'QuestionKeyword_signal_this_person': 0, 'QuestionKeyword_signal_this_country': 0, 'QuestionKeyword_signal_this_battle': 0, 'QuestionKeyword_signal_this_composer': 0, 'QuestionKeyword_signal_this_painting': 0, 'GuessQuality_proper_noun': 1, 'GuessQuality_single_word': 1, 'GuessQuality_has_title_case': 1, 'AnswerType_expects_person': 1, 'AnswerType_expects_work': 2, 'AnswerType_expects_place': 2, 'final': np.True_}"
True,8,5,17,Baghdad,0.00,"{'Gpr_confidence': -0.0016677050971000001, 'Length_char': 678, 'Length_word': 126, 'Length_guess': 7, 'Length_ten_points': 0, 'Frequency_guess': 2.833213344056216, 'GuessFormat_has_parentheses': 0, 'GuessFormat_has_quotes': 0, 'GuessFormat_word_count': 1, 'GuessFormat_has_numbers': 0, 'RunPosition_position_ratio': 1.5066666666666666, 'RunPosition_early_question': 0, 'RunPosition_late_question': 1, 'QuestionKeyword_signal_for_ten_points': 0, 'QuestionKeyword_signal_name_this': 0, 'QuestionKeyword_signal_identify_this': 0, 'QuestionKeyword_signal_what_is': 0, 'QuestionKeyword_signal_who_is': 0, 'QuestionKeyword_signal_this_author': 0, 'QuestionKeyword_signal_this_work': 0, 'QuestionKeyword_signal_this_character': 0, 'QuestionKeyword_signal_this_person': 0, 'QuestionKeyword_signal_this_country': 0, 'QuestionKeyword_signal_this_battle': 0, 'QuestionKeyword_signal_this_composer': 0, 'QuestionKeyword_signal_this_painting': 0, 'GuessQuality_proper_noun': 1, 'GuessQuality_single_word': 1, 'GuessQuality_has_title_case': 1, 'AnswerType_expects_person': 1, 'AnswerType_expects_work': 2, 'AnswerType_expects_place': 2, 'final': np.True_}"
True,8,6,8,Baghdad,0.00,"{'Gpr_confidence': -0.00034889919886666663, 'Length_char': 716, 'Length_word': 134, 'Length_guess': 7, 'Length_ten_points': 0, 'Frequency_guess': 2.833213344056216, 'GuessFormat_has_parentheses': 0, 'GuessFormat_has_quotes': 0, 'GuessFormat_word_count': 1, 'GuessFormat_has_numbers': 0, 'RunPosition_position_ratio': 1.5911111111111111, 'RunPosition_early_question': 0, 'RunPosition_late_question': 1, 'QuestionKeyword_signal_for_ten_points': 0, 'QuestionKeyword_signal_name_this': 1, 'QuestionKeyword_signal_identify_this': 0, 'QuestionKeyword_signal_what_is': 0, 'QuestionKeyword_signal_who_is': 0, 'QuestionKeyword_signal_this_author': 0, 'QuestionKeyword_signal_this_work': 0, 'QuestionKeyword_signal_this_character': 0, 'QuestionKeyword_signal_this_person': 0, 'QuestionKeyword_signal_this_country': 0, 'QuestionKeyword_signal_this_battle': 0, 'QuestionKeyword_signal_this_composer': 0, 'QuestionKeyword_signal_this_painting': 0, 'GuessQuality_proper_noun': 1, 'GuessQuality_single_word': 1, 'GuessQuality_has_title_case': 1, 'AnswerType_expects_person': 1, 'AnswerType_expects_work': 2, 'AnswerType_expects_place': 2, 'final': np.True_}"
True,8,6,14,Baghdad,0.00,"{'Gpr_confidence': -0.0002046535938, 'Length_char': 751, 'Length_word': 140, 'Length_guess': 7, 'Length_ten_points': 0, 'Frequency_guess': 2.833213344056216, 'GuessFormat_has_parentheses': 0, 'GuessFormat_has_quotes': 0, 'GuessFormat_word_count': 1, 'GuessFormat_has_numbers': 0, 'RunPosition_position_ratio': 1.6688888888888889, 'RunPosition_early_question': 0, 'RunPosition_late_question': 1, 'QuestionKeyword_signal_for_ten_points': 0, 'QuestionKeyword_signal_name_this': 1, 'QuestionKeyword_signal_identify_this': 0, 'QuestionKeyword_signal_what_is': 0, 'QuestionKeyword_signal_who_is': 0, 'QuestionKeyword_signal_this_author': 0, 'QuestionKeyword_signal_this_work': 0, 'QuestionKeyword_signal_this_character': 0, 'QuestionKeyword_signal_this_person': 0, 'QuestionKeyword_signal_this_country': 0, 'QuestionKeyword_signal_this_battle': 0, 'QuestionKeyword_signal_this_composer': 0, 'QuestionKeyword_signal_this_painting': 0, 'GuessQuality_proper_noun': 1, 'GuessQuality_single_word': 1, 'GuessQuality_has_title_case': 1, 'AnswerType_expects_person': 1, 'AnswerType_expects_work': 2, 'AnswerType_expects_place': 3, 'final': np.True_}"
True,8,6,14,Baghdad,0.00,"{'Gpr_confidence': -0.0002046535938, 'Length_char': 751, 'Length_word': 140, 'Length_guess': 7, 'Length_ten_points': 0, 'Frequency_guess': 2.833213344056216, 'GuessFormat_has_parentheses': 0, 'GuessFormat_has_quotes': 0, 'GuessFormat_word_count': 1, 'GuessFormat_has_numbers': 0, 'RunPosition_position_ratio': 1.6688888888888889, 'RunPosition_early_question': 0, 'RunPosition_late_question': 1, 'QuestionKeyword_signal_for_ten_points': 0, 'QuestionKeyword_signal_name_this': 1, 'QuestionKeyword_signal_identify_this': 0, 'QuestionKeyword_signal_what_is': 0, 'QuestionKeyword_signal_who_is': 0, 'QuestionKeyword_signal_this_author': 0, 'QuestionKeyword_signal_this_work': 0, 'QuestionKeyword_signal_this_character': 0, 'QuestionKeyword_signal_this_person': 0, 'QuestionKeyword_signal_this_country': 0, 'QuestionKeyword_signal_this_battle': 0, 'QuestionKeyword_signal_this_composer': 0, 'QuestionKeyword_signal_this_painting': 0, 'GuessQuality_proper_noun': 1, 'GuessQuality_single_word': 1, 'GuessQuality_has_title_case': 1, 'AnswerType_expects_person': 1, 'AnswerType_expects_work': 2, 'AnswerType_expects_place': 3, 'final': np.True_}"
False,9,0,6,List of fictional characters who have repeated the word 'kill',0.00,"{'Gpr_confidence': -0.49914673117166664, 'Length_char': 38, 'Length_word': 6, 'Length_guess': 62, 'Length_ten_points': 0, 'Frequency_guess': 0.0, 'GuessFormat_has_parentheses': 0, 'GuessFormat_has_quotes': 1, 'GuessFormat_word_count': 10, 'GuessFormat_has_numbers': 0, 'RunPosition_position_ratio': 0.08444444444444445, 'RunPosition_early_question': 1, 'RunPosition_late_question': 0, 'QuestionKeyword_signal_for_ten_points': 0, 'QuestionKeyword_signal_name_this': 0, 'QuestionKeyword_signal_identify_this': 0, 'QuestionKeyword_signal_what_is': 0, 'QuestionKeyword_signal_who_is': 0, 'QuestionKeyword_signal_this_author': 0, 'QuestionKeyword_signal_this_work': 0, 'QuestionKeyword_signal_this_character': 1, 'QuestionKeyword_signal_this_person': 0, 'QuestionKeyword_signal_this_country': 0, 'QuestionKeyword_signal_this_battle': 0, 'QuestionKeyword_signal_this_composer': 0, 'QuestionKeyword_signal_this_painting': 0, 'GuessQuality_proper_noun': 1, 'GuessQuality_single_word': 0, 'GuessQuality_has_title_case': 0, 'AnswerType_expects_person': 0, 'AnswerType_expects_work': 0, 'AnswerType_expects_place': 0, 'final': np.False_}"
False,9,0,13,Travis Bickle,0.00,"{'Gpr_confidence': -0.30266366888, 'Length_char': 76, 'Length_word': 13, 'Length_guess': 13, 'Length_ten_points': 0, 'Frequency_guess': 0.0, 'GuessFormat_has_parentheses': 0, 'GuessFormat_has_quotes': 0, 'GuessFormat_word_count': 2, 'GuessFormat_has_numbers': 0, 'RunPosition_position_ratio': 0.1688888888888889, 'RunPosition_early_question': 1, 'RunPosition_late_question': 0, 'QuestionKeyword_signal_for_ten_points': 0, 'QuestionKeyword_signal_name_this': 0, 'QuestionKeyword_signal_identify_this': 0, 'QuestionKeyword_signal_what_is': 0, 'QuestionKeyword_signal_who_is': 0, 'QuestionKeyword_signal_this_author': 0, 'QuestionKeyword_signal_this_work': 0, 'QuestionKeyword_signal_this_character': 1, 'QuestionKeyword_signal_this_person': 0, 'QuestionKeyword_signal_this_country': 0, 'QuestionKeyword_signal_this_battle': 0, 'QuestionKeyword_signal_this_composer': 0, 'QuestionKeyword_signal_this_painting': 0, 'GuessQuality_proper_noun': 1, 'GuessQuality_single_word': 0, 'GuessQuality_has_title_case': 1, 'AnswerType_expects_person': 0, 'AnswerType_expects_work': 0, 'AnswerType_expects_place': 0, 'final': np.False_}"
True,9,0,16,Macbeth,0.00,"{'Gpr_confidence': -0.3798276245235, 'Length_char': 93, 'Length_word': 16, 'Length_guess': 7, 'Length_ten_points': 0, 'Frequency_guess': 3.1780538303479458, 'GuessFormat_has_parentheses': 0, 'GuessFormat_has_quotes': 0, 'GuessFormat_word_count': 1, 'GuessFormat_has_numbers': 0, 'RunPosition_position_ratio': 0.20666666666666667, 'RunPosition_early_question': 1, 'RunPosition_late_question': 0, 'QuestionKeyword_signal_for_ten_points': 0, 'QuestionKeyword_signal_name_this': 0, 'QuestionKeyword_signal_identify_this': 0, 'QuestionKeyword_signal_what_is': 0, 'QuestionKeyword_signal_who_is': 0, 'QuestionKeyword_signal_this_author': 0, 'QuestionKeyword_signal_this_work': 0, 'QuestionKeyword_signal_this_character': 1, 'QuestionKeyword_signal_this_person': 0, 'QuestionKeyword_signal_this_country': 0, 'QuestionKeyword_signal_this_battle': 0, 'QuestionKeyword_signal_this_composer': 0, 'QuestionKeyword_signal_this_painting': 0, 'GuessQuality_proper_noun': 1, 'GuessQuality_single_word': 1, 'GuessQuality_has_title_case': 1, 'AnswerType_expects_person': 0, 'AnswerType_expects_work': 0, 'AnswerType_expects_place': 0, 'final': np.True_}"
False,9,1,6,Edgar (King Lear),0.00,"{'Gpr_confidence': -0.2805412929891667, 'Length_char': 131, 'Length_word': 22, 'Length_guess': 17, 'Length_ten_points': 0, 'Frequency_guess': 0.0, 'GuessFormat_has_parentheses': 1, 'GuessFormat_has_quotes': 0, 'GuessFormat_word_count': 3, 'GuessFormat_has_numbers': 0, 'RunPosition_position_ratio': 0.2911111111111111, 'RunPosition_early_question': 0, 'RunPosition_late_question': 0, 'QuestionKeyword_signal_for_ten_points': 0, 'QuestionKeyword_signal_name_this': 0, 'QuestionKeyword_signal_identify_this': 0, 'QuestionKeyword_signal_what_is': 0, 'QuestionKeyword_signal_who_is': 0, 'QuestionKeyword_signal_this_author': 0, 'QuestionKeyword_signal_this_work': 0, 'QuestionKeyword_signal_this_character': 1, 'QuestionKeyword_signal_this_person': 0, 'QuestionKeyword_signal_this_country': 0, 'QuestionKeyword_signal_this_battle': 0, 'QuestionKeyword_signal_this_composer': 0, 'QuestionKeyword_signal_this_painting': 0, 'GuessQuality_proper_noun': 1, 'GuessQuality_single_word': 0, 'GuessQuality_has_title_case': 0, 'AnswerType_expects_person': 0, 'AnswerType_expects_work': 0, 'AnswerType_expects_place': 0, 'final': np.False_}"
False,9,1,12,Edgar (King Lear),0.00,"{'Gpr_confidence': -0.2505956870666, 'Length_char': 168, 'Length_word': 28, 'Length_guess': 17, 'Length_ten_points': 0, 'Frequency_guess': 0.0, 'GuessFormat_has_parentheses': 1, 'GuessFormat_has_quotes': 0, 'GuessFormat_word_count': 3, 'GuessFormat_has_numbers': 0, 'RunPosition_position_ratio': 0.37333333333333335, 'RunPosition_early_question': 0, 'RunPosition_late_question': 0, 'QuestionKeyword_signal_for_ten_points': 0, 'QuestionKeyword_signal_name_this': 0, 'QuestionKeyword_signal_identify_this': 0, 'QuestionKeyword_signal_what_is': 0, 'QuestionKeyword_signal_who_is': 0, 'QuestionKeyword_signal_this_author': 0, 'QuestionKeyword_signal_this_work': 0, 'QuestionKeyword_signal_this_character': 1, 'QuestionKeyword_signal_this_person': 0, 'QuestionKeyword_signal_this_country': 0, 'QuestionKeyword_signal_this_battle': 0, 'QuestionKeyword_signal_this_composer': 0, 'QuestionKeyword_signal_this_painting': 0, 'GuessQuality_proper_noun': 1, 'GuessQuality_single_word': 0, 'GuessQuality_has_title_case': 0, 'AnswerType_expects_person': 0, 'AnswerType_expects_work': 0, 'AnswerType_expects_place': 0, 'final': np.False_}"
False,9,1,18,Edgar (King Lear),0.00,"{'Gpr_confidence': -0.3174433310448333, 'Length_char': 200, 'Length_word': 34, 'Length_guess': 17, 'Length_ten_points': 0, 'Frequency_guess': 0.0, 'GuessFormat_has_parentheses': 1, 'GuessFormat_has_quotes': 0, 'GuessFormat_word_count': 3, 'GuessFormat_has_numbers': 0, 'RunPosition_position_ratio': 0.4444444444444444, 'RunPosition_early_question': 0, 'RunPosition_late_question': 0, 'QuestionKeyword_signal_for_ten_points': 0, 'QuestionKeyword_signal_name_this': 0, 'QuestionKeyword_signal_identify_this': 0, 'QuestionKeyword_signal_what_is': 0, 'QuestionKeyword_signal_who_is': 0, 'QuestionKeyword_signal_this_author': 0, 'QuestionKeyword_signal_this_work': 0, 'QuestionKeyword_signal_this_character': 1, 'QuestionKeyword_signal_this_person': 0, 'QuestionKeyword_signal_this_country': 0, 'QuestionKeyword_signal_this_battle': 0, 'QuestionKeyword_signal_this_composer': 0, 'QuestionKeyword_signal_this_painting': 0, 'GuessQuality_proper_noun': 1, 'GuessQuality_single_word': 0, 'GuessQuality_has_title_case': 0, 'AnswerType_expects_person': 0, 'AnswerType_expects_work': 0, 'AnswerType_expects_place': 0, 'final': np.False_}"
False,9,1,25,Edmund (King Lear),0.00,"{'Gpr_confidence': -0.17163922759666664, 'Length_char': 236, 'Length_word': 41, 'Length_guess': 18, 'Length_ten_points': 0, 'Frequency_guess': 0.6931471805599453, 'GuessFormat_has_parentheses': 1, 'GuessFormat_has_quotes': 0, 'GuessFormat_word_count': 3, 'GuessFormat_has_numbers': 0, 'RunPosition_position_ratio': 0.5244444444444445, 'RunPosition_early_question': 0, 'RunPosition_late_question': 0, 'QuestionKeyword_signal_for_ten_points': 0, 'QuestionKeyword_signal_name_this': 0, 'QuestionKeyword_signal_identify_this': 0, 'QuestionKeyword_signal_what_is': 0, 'QuestionKeyword_signal_who_is': 0, 'QuestionKeyword_signal_this_author': 0, 'QuestionKeyword_signal_this_work': 0, 'QuestionKeyword_signal_this_character': 1, 'QuestionKeyword_signal_this_person': 0, 'QuestionKeyword_signal_this_country': 0, 'QuestionKeyword_signal_this_battle': 0, 'QuestionKeyword_signal_this_composer': 0, 'QuestionKeyword_signal_this_painting': 0, 'GuessQuality_proper_noun': 1, 'GuessQuality_single_word': 0, 'GuessQuality_has_title_case': 0, 'AnswerType_expects_person': 0, 'AnswerType_expects_work': 0, 'AnswerType_expects_place': 0, 'final': np.False_}"
True,9,1,30,King Lear,0.00,"{'Gpr_confidence': -0.056215647424, 'Length_char': 262, 'Length_word': 46, 'Length_guess': 9, 'Length_ten_points': 0, 'Frequency_guess': 3.091042453358316, 'GuessFormat_has_parentheses': 0, 'GuessFormat_has_quotes': 0, 'GuessFormat_word_count': 2, 'GuessFormat_has_numbers': 0, 'RunPosition_position_ratio': 0.5822222222222222, 'RunPosition_early_question': 0, 'RunPosition_late_question': 0, 'QuestionKeyword_signal_for_ten_points': 0, 'QuestionKeyword_signal_name_this': 0, 'QuestionKeyword_signal_identify_this': 0, 'QuestionKeyword_signal_what_is': 0, 'QuestionKeyword_signal_who_is': 0, 'QuestionKeyword_signal_this_author': 0, 'QuestionKeyword_signal_this_work': 0, 'QuestionKeyword_signal_this_character': 1, 'QuestionKeyword_signal_this_person': 0, 'QuestionKeyword_signal_this_country': 0, 'QuestionKeyword_signal_this_battle': 0, 'QuestionKeyword_signal_this_composer': 0, 'QuestionKeyword_signal_this_painting': 0, 'GuessQuality_proper_noun': 1, 'GuessQuality_single_word': 0, 'GuessQuality_has_title_case': 1, 'AnswerType_expects_person': 0, 'AnswerType_expects_work': 0, 'AnswerType_expects_place': 0, 'final': np.True_}"
True,9,2,5,King Lear,0.00,"{'Gpr_confidence': -0.0095596378475, 'Length_char': 299, 'Length_word': 51, 'Length_guess': 9, 'Length_ten_points': 0, 'Frequency_guess': 3.091042453358316, 'GuessFormat_has_parentheses': 0, 'GuessFormat_has_quotes': 0, 'GuessFormat_word_count': 2, 'GuessFormat_has_numbers': 0, 'RunPosition_position_ratio': 0.6644444444444444, 'RunPosition_early_question': 0, 'RunPosition_late_question': 0, 'QuestionKeyword_signal_for_ten_points': 0, 'QuestionKeyword_signal_name_this': 0, 'QuestionKeyword_signal_identify_this': 0, 'QuestionKeyword_signal_what_is': 0, 'QuestionKeyword_signal_who_is': 0, 'QuestionKeyword_signal_this_author': 0, 'QuestionKeyword_signal_this_work': 0, 'QuestionKeyword_signal_this_character': 1, 'QuestionKeyword_signal_this_person': 0, 'QuestionKeyword_signal_this_country': 0, 'QuestionKeyword_signal_this_battle': 0, 'QuestionKeyword_signal_this_composer': 0, 'QuestionKeyword_signal_this_painting': 0, 'GuessQuality_proper_noun': 1, 'GuessQuality_single_word': 0, 'GuessQuality_has_title_case': 1, 'AnswerType_expects_person': 0, 'AnswerType_expects_work': 0, 'AnswerType_expects_place': 0, 'final': np.True_}"
True,9,2,10,King Lear,0.00,"{'Gpr_confidence': -0.010496450490649999, 'Length_char': 337, 'Length_word': 56, 'Length_guess': 9, 'Length_ten_points': 0, 'Frequency_guess': 3.091042453358316, 'GuessFormat_has_parentheses': 0, 'GuessFormat_has_quotes': 0, 'GuessFormat_word_count': 2, 'GuessFormat_has_numbers': 0, 'RunPosition_position_ratio': 0.7488888888888889, 'RunPosition_early_question': 0, 'RunPosition_late_question': 0, 'QuestionKeyword_signal_for_ten_points': 0, 'QuestionKeyword_signal_name_this': 0, 'QuestionKeyword_signal_identify_this': 0, 'QuestionKeyword_signal_what_is': 0, 'QuestionKeyword_signal_who_is': 0, 'QuestionKeyword_signal_this_author': 0, 'QuestionKeyword_signal_this_work': 0, 'QuestionKeyword_signal_this_character': 1, 'QuestionKeyword_signal_this_person': 0, 'QuestionKeyword_signal_this_country': 0, 'QuestionKeyword_signal_this_battle': 0, 'QuestionKeyword_signal_this_composer': 0, 'QuestionKeyword_signal_this_painting': 0, 'GuessQuality_proper_noun': 1, 'GuessQuality_single_word': 0, 'GuessQuality_has_title_case': 1, 'AnswerType_expects_person': 0, 'AnswerType_expects_work': 0, 'AnswerType_expects_place': 0, 'final': np.True_}"
True,9,2,18,King Lear,0.00,"{'Gpr_confidence': -0.0085361277475, 'Length_char': 372, 'Length_word': 64, 'Length_guess': 9, 'Length_ten_points': 0, 'Frequency_guess': 3.091042453358316, 'GuessFormat_has_parentheses': 0, 'GuessFormat_has_quotes': 0, 'GuessFormat_word_count': 2, 'GuessFormat_has_numbers': 0, 'RunPosition_position_ratio': 0.8266666666666667, 'RunPosition_early_question': 0, 'RunPosition_late_question': 1, 'QuestionKeyword_signal_for_ten_points': 0, 'QuestionKeyword_signal_name_this': 0, 'QuestionKeyword_signal_identify_this': 0, 'QuestionKeyword_signal_what_is': 0, 'QuestionKeyword_signal_who_is': 0, 'QuestionKeyword_signal_this_author': 0, 'QuestionKeyword_signal_this_work': 0, 'QuestionKeyword_signal_this_character': 1, 'QuestionKeyword_signal_this_person': 0, 'QuestionKeyword_signal_this_country': 0, 'QuestionKeyword_signal_this_battle': 0, 'QuestionKeyword_signal_this_composer': 0, 'QuestionKeyword_signal_this_painting': 0, 'GuessQuality_proper_noun': 1, 'GuessQuality_single_word': 0, 'GuessQuality_has_title_case': 1, 'AnswerType_expects_person': 0, 'AnswerType_expects_work': 0, 'AnswerType_expects_place': 0, 'final': np.True_}"
True,9,2,24,King Lear,0.00,"{'Gpr_confidence': -0.0029957425145, 'Length_char': 405, 'Length_word': 70, 'Length_guess': 9, 'Length_ten_points': 0, 'Frequency_guess': 3.091042453358316, 'GuessFormat_has_parentheses': 0, 'GuessFormat_has_quotes': 0, 'GuessFormat_word_count': 2, 'GuessFormat_has_numbers': 0, 'RunPosition_position_ratio': 0.9, 'RunPosition_early_question': 0, 'RunPosition_late_question': 1, 'QuestionKeyword_signal_for_ten_points': 0, 'QuestionKeyword_signal_name_this': 0, 'QuestionKeyword_signal_identify_this': 0, 'QuestionKeyword_signal_what_is': 0, 'QuestionKeyword_signal_who_is': 0, 'QuestionKeyword_signal_this_author': 0, 'QuestionKeyword_signal_this_work': 0, 'QuestionKeyword_signal_this_character': 1, 'QuestionKeyword_signal_this_person': 0, 'QuestionKeyword_signal_this_country': 0, 'QuestionKeyword_signal_this_battle': 0, 'QuestionKeyword_signal_this_composer': 0, 'QuestionKeyword_signal_this_painting': 0, 'GuessQuality_proper_noun': 1, 'GuessQuality_single_word': 0, 'GuessQuality_has_title_case': 1, 'AnswerType_expects_person': 0, 'AnswerType_expects_work': 0, 'AnswerType_expects_place': 0, 'final': np.True_}"
True,9,2,25,King Lear,0.00,"{'Gpr_confidence': -0.0029252867125, 'Length_char': 414, 'Length_word': 71, 'Length_guess': 9, 'Length_ten_points': 0, 'Frequency_guess': 3.091042453358316, 'GuessFormat_has_parentheses': 0, 'GuessFormat_has_quotes': 0, 'GuessFormat_word_count': 2, 'GuessFormat_has_numbers': 0, 'RunPosition_position_ratio': 0.92, 'RunPosition_early_question': 0, 'RunPosition_late_question': 1, 'QuestionKeyword_signal_for_ten_points': 0, 'QuestionKeyword_signal_name_this': 0, 'QuestionKeyword_signal_identify_this': 0, 'QuestionKeyword_signal_what_is': 0, 'QuestionKeyword_signal_who_is': 0, 'QuestionKeyword_signal_this_author': 0, 'QuestionKeyword_signal_this_work': 0, 'QuestionKeyword_signal_this_character': 1, 'QuestionKeyword_signal_this_person': 0, 'QuestionKeyword_signal_this_country': 0, 'QuestionKeyword_signal_this_battle': 0, 'QuestionKeyword_signal_this_composer': 0, 'QuestionKeyword_signal_this_painting': 0, 'GuessQuality_proper_noun': 1, 'GuessQuality_single_word': 0, 'GuessQuality_has_title_case': 1, 'AnswerType_expects_person': 0, 'AnswerType_expects_work': 0, 'AnswerType_expects_place': 0, 'final': np.True_}"
True,9,3,6,King Lear,0.00,"{'Gpr_confidence': -0.009277470868, 'Length_char': 457, 'Length_word': 77, 'Length_guess': 9, 'Length_ten_points': 0, 'Frequency_guess': 3.091042453358316, 'GuessFormat_has_parentheses': 0, 'GuessFormat_has_quotes': 0, 'GuessFormat_word_count': 2, 'GuessFormat_has_numbers': 0, 'RunPosition_position_ratio': 1.0155555555555555, 'RunPosition_early_question': 0, 'RunPosition_late_question': 1, 'QuestionKeyword_signal_for_ten_points': 0, 'QuestionKeyword_signal_name_this': 0, 'QuestionKeyword_signal_identify_this': 0, 'QuestionKeyword_signal_what_is': 0, 'QuestionKeyword_signal_who_is': 0, 'QuestionKeyword_signal_this_author': 0, 'QuestionKeyword_signal_this_work': 0, 'QuestionKeyword_signal_this_character': 1, 'QuestionKeyword_signal_this_person': 0, 'QuestionKeyword_signal_this_country': 0, 'QuestionKeyword_signal_this_battle': 0, 'QuestionKeyword_signal_this_composer': 0, 'QuestionKeyword_signal_this_painting': 0, 'GuessQuality_proper_noun': 1, 'GuessQuality_single_word': 0, 'GuessQuality_has_title_case': 1, 'AnswerType_expects_person': 0, 'AnswerType_expects_work': 0, 'AnswerType_expects_place': 0, 'final': np.True_}"
True,9,3,10,King Lear,0.00,"{'Gpr_confidence': -0.003523589609, 'Length_char': 486, 'Length_word': 81, 'Length_guess': 9, 'Length_ten_points': 0, 'Frequency_guess': 3.091042453358316, 'GuessFormat_has_parentheses': 0, 'GuessFormat_has_quotes': 0, 'GuessFormat_word_count': 2, 'GuessFormat_has_numbers': 0, 'RunPosition_position_ratio': 1.08, 'RunPosition_early_question': 0, 'RunPosition_late_question': 1, 'QuestionKeyword_signal_for_ten_points': 0, 'QuestionKeyword_signal_name_this': 0, 'QuestionKeyword_signal_identify_this': 0, 'QuestionKeyword_signal_what_is': 0, 'QuestionKeyword_signal_who_is': 0, 'QuestionKeyword_signal_this_author': 0, 'QuestionKeyword_signal_this_work': 0, 'QuestionKeyword_signal_this_character': 1, 'QuestionKeyword_signal_this_person': 0, 'QuestionKeyword_signal_this_country': 0, 'QuestionKeyword_signal_this_battle': 0, 'QuestionKeyword_signal_this_composer': 0, 'QuestionKeyword_signal_this_painting': 0, 'GuessQuality_proper_noun': 1, 'GuessQuality_single_word': 0, 'GuessQuality_has_title_case': 1, 'AnswerType_expects_person': 0, 'AnswerType_expects_work': 0, 'AnswerType_expects_place': 0, 'final': np.True_}"
True,9,3,17,King Lear,0.00,"{'Gpr_confidence': -0.00177988143195, 'Length_char': 522, 'Length_word': 88, 'Length_guess': 9, 'Length_ten_points': 0, 'Frequency_guess': 3.091042453358316, 'GuessFormat_has_parentheses': 0, 'GuessFormat_has_quotes': 0, 'GuessFormat_word_count': 2, 'GuessFormat_has_numbers': 0, 'RunPosition_position_ratio': 1.16, 'RunPosition_early_question': 0, 'RunPosition_late_question': 1, 'QuestionKeyword_signal_for_ten_points': 0, 'QuestionKeyword_signal_name_this': 0, 'QuestionKeyword_signal_identify_this': 0, 'QuestionKeyword_signal_what_is': 0, 'QuestionKeyword_signal_who_is': 0, 'QuestionKeyword_signal_this_author': 0, 'QuestionKeyword_signal_this_work': 0, 'QuestionKeyword_signal_this_character': 1, 'QuestionKeyword_signal_this_person': 0, 'QuestionKeyword_signal_this_country': 0, 'QuestionKeyword_signal_this_battle': 0, 'QuestionKeyword_signal_this_composer': 0, 'QuestionKeyword_signal_this_painting': 0, 'GuessQuality_proper_noun': 1, 'GuessQuality_single_word': 0, 'GuessQuality_has_title_case': 1, 'AnswerType_expects_person': 0, 'AnswerType_expects_work': 0, 'AnswerType_expects_place': 0, 'final': np.True_}"
True,9,4,7,King Lear,0.00,"{'Gpr_confidence': -0.003029757851, 'Length_char': 565, 'Length_word': 95, 'Length_guess': 9, 'Length_ten_points': 0, 'Frequency_guess': 3.091042453358316, 'GuessFormat_has_parentheses': 0, 'GuessFormat_has_quotes': 0, 'GuessFormat_word_count': 2, 'GuessFormat_has_numbers': 0, 'RunPosition_position_ratio': 1.2555555555555555, 'RunPosition_early_question': 0, 'RunPosition_late_question': 1, 'QuestionKeyword_signal_for_ten_points': 0, 'QuestionKeyword_signal_name_this': 0, 'QuestionKeyword_signal_identify_this': 0, 'QuestionKeyword_signal_what_is': 0, 'QuestionKeyword_signal_who_is': 0, 'QuestionKeyword_signal_this_author': 0, 'QuestionKeyword_signal_this_work': 0, 'QuestionKeyword_signal_this_character': 1, 'QuestionKeyword_signal_this_person': 0, 'QuestionKeyword_signal_this_country': 0, 'QuestionKeyword_signal_this_battle': 0, 'QuestionKeyword_signal_this_composer': 0, 'QuestionKeyword_signal_this_painting': 0, 'GuessQuality_proper_noun': 1, 'GuessQuality_single_word': 0, 'GuessQuality_has_title_case': 1, 'AnswerType_expects_person': 0, 'AnswerType_expects_work': 0, 'AnswerType_expects_place': 0, 'final': np.True_}"
True,9,4,12,King Lear,0.00,"{'Gpr_confidence': -0.0023331285752500003, 'Length_char': 598, 'Length_word': 100, 'Length_guess': 9, 'Length_ten_points': 0, 'Frequency_guess': 3.091042453358316, 'GuessFormat_has_parentheses': 0, 'GuessFormat_has_quotes': 0, 'GuessFormat_word_count': 2, 'GuessFormat_has_numbers': 0, 'RunPosition_position_ratio': 1.3288888888888888, 'RunPosition_early_question': 0, 'RunPosition_late_question': 1, 'QuestionKeyword_signal_for_ten_points': 0, 'QuestionKeyword_signal_name_this': 0, 'QuestionKeyword_signal_identify_this': 0, 'QuestionKeyword_signal_what_is': 0, 'QuestionKeyword_signal_who_is': 0, 'QuestionKeyword_signal_this_author': 0, 'QuestionKeyword_signal_this_work': 0, 'QuestionKeyword_signal_this_character': 1, 'QuestionKeyword_signal_this_person': 0, 'QuestionKeyword_signal_this_country': 0, 'QuestionKeyword_signal_this_battle': 0, 'QuestionKeyword_signal_this_composer': 0, 'QuestionKeyword_signal_this_painting': 0, 'GuessQuality_proper_noun': 1, 'GuessQuality_single_word': 0, 'GuessQuality_has_title_case': 1, 'AnswerType_expects_person': 0, 'AnswerType_expects_work': 0, 'AnswerType_expects_place': 0, 'final': np.True_}"
True,9,4,17,King Lear,0.00,"{'Gpr_confidence': -0.0036513331199999996, 'Length_char': 633, 'Length_word': 105, 'Length_guess': 9, 'Length_ten_points': 0, 'Frequency_guess': 3.091042453358316, 'GuessFormat_has_parentheses': 0, 'GuessFormat_has_quotes': 0, 'GuessFormat_word_count': 2, 'GuessFormat_has_numbers': 0, 'RunPosition_position_ratio': 1.4066666666666667, 'RunPosition_early_question': 0, 'RunPosition_late_question': 1, 'QuestionKeyword_signal_for_ten_points': 0, 'QuestionKeyword_signal_name_this': 0, 'QuestionKeyword_signal_identify_this': 0, 'QuestionKeyword_signal_what_is': 0, 'QuestionKeyword_signal_who_is': 0, 'QuestionKeyword_signal_this_author': 0, 'QuestionKeyword_signal_this_work': 0, 'QuestionKeyword_signal_this_character': 1, 'QuestionKeyword_signal_this_person': 0, 'QuestionKeyword_signal_this_country': 0, 'QuestionKeyword_signal_this_battle': 0, 'QuestionKeyword_signal_this_composer': 0, 'QuestionKeyword_signal_this_painting': 0, 'GuessQuality_proper_noun': 1, 'GuessQuality_single_word': 0, 'GuessQuality_has_title_case': 1, 'AnswerType_expects_person': 0, 'AnswerType_expects_work': 0, 'AnswerType_expects_place': 0, 'final': np.True_}"
True,9,5,6,King Lear,0.00,"{'Gpr_confidence': -0.0038036186845, 'Length_char': 671, 'Length_word': 111, 'Length_guess': 9, 'Length_ten_points': 0, 'Frequency_guess': 3.091042453358316, 'GuessFormat_has_parentheses': 0, 'GuessFormat_has_quotes': 0, 'GuessFormat_word_count': 2, 'GuessFormat_has_numbers': 0, 'RunPosition_position_ratio': 1.491111111111111, 'RunPosition_early_question': 0, 'RunPosition_late_question': 1, 'QuestionKeyword_signal_for_ten_points': 0, 'QuestionKeyword_signal_name_this': 0, 'QuestionKeyword_signal_identify_this': 0, 'QuestionKeyword_signal_what_is': 0, 'QuestionKeyword_signal_who_is': 0, 'QuestionKeyword_signal_this_author': 0, 'QuestionKeyword_signal_this_work': 0, 'QuestionKeyword_signal_this_character': 1, 'QuestionKeyword_signal_this_person': 0, 'QuestionKeyword_signal_this_country': 0, 'QuestionKeyword_signal_this_battle': 0, 'QuestionKeyword_signal_this_composer': 0, 'QuestionKeyword_signal_this_painting': 0, 'GuessQuality_proper_noun': 1, 'GuessQuality_single_word': 0, 'GuessQuality_has_title_case': 1, 'AnswerType_expects_person': 0, 'AnswerType_expects_work': 0, 'AnswerType_expects_place': 0, 'final': np.True_}"
True,9,5,12,King Lear (play),0.00,"{'Gpr_confidence': -0.13063355135159999, 'Length_char': 705, 'Length_word': 117, 'Length_guess': 16, 'Length_ten_points': 0, 'Frequency_guess': 3.091042453358316, 'GuessFormat_has_parentheses': 1, 'GuessFormat_has_quotes': 0, 'GuessFormat_word_count': 3, 'GuessFormat_has_numbers': 0, 'RunPosition_position_ratio': 1.5666666666666667, 'RunPosition_early_question': 0, 'RunPosition_late_question': 1, 'QuestionKeyword_signal_for_ten_points': 0, 'QuestionKeyword_signal_name_this': 0, 'QuestionKeyword_signal_identify_this': 0, 'QuestionKeyword_signal_what_is': 0, 'QuestionKeyword_signal_who_is': 0, 'QuestionKeyword_signal_this_author': 0, 'QuestionKeyword_signal_this_work': 0, 'QuestionKeyword_signal_this_character': 1, 'QuestionKeyword_signal_this_person': 0, 'QuestionKeyword_signal_this_country': 0, 'QuestionKeyword_signal_this_battle': 0, 'QuestionKeyword_signal_this_composer': 0, 'QuestionKeyword_signal_this_painting': 0, 'GuessQuality_proper_noun': 1, 'GuessQuality_single_word': 0, 'GuessQuality_has_title_case': 0, 'AnswerType_expects_person': 0, 'AnswerType_expects_work': 0, 'AnswerType_expects_place': 0, 'final': np.True_}"
True,9,5,14,King Lear,0.00,"{'Gpr_confidence': -0.01252945074925, 'Length_char': 725, 'Length_word': 119, 'Length_guess': 9, 'Length_ten_points': 0, 'Frequency_guess': 3.091042453358316, 'GuessFormat_has_parentheses': 0, 'GuessFormat_has_quotes': 0, 'GuessFormat_word_count': 2, 'GuessFormat_has_numbers': 0, 'RunPosition_position_ratio': 1.6111111111111112, 'RunPosition_early_question': 0, 'RunPosition_late_question': 1, 'QuestionKeyword_signal_for_ten_points': 0, 'QuestionKeyword_signal_name_this': 0, 'QuestionKeyword_signal_identify_this': 0, 'QuestionKeyword_signal_what_is': 0, 'QuestionKeyword_signal_who_is': 0, 'QuestionKeyword_signal_this_author': 0, 'QuestionKeyword_signal_this_work': 0, 'QuestionKeyword_signal_this_character': 1, 'QuestionKeyword_signal_this_person': 0, 'QuestionKeyword_signal_this_country': 0, 'QuestionKeyword_signal_this_battle': 0, 'QuestionKeyword_signal_this_composer': 0, 'QuestionKeyword_signal_this_painting': 0, 'GuessQuality_proper_noun': 1, 'GuessQuality_single_word': 0, 'GuessQuality_has_title_case': 1, 'AnswerType_expects_person': 1, 'AnswerType_expects_work': 0, 'AnswerType_expects_place': 0, 'final': np.True_}"
True,9,5,14,King Lear,0.00,"{'Gpr_confidence': -0.01252945074925, 'Length_char': 725, 'Length_word': 119, 'Length_guess': 9, 'Length_ten_points': 0, 'Frequency_guess': 3.091042453358316, 'GuessFormat_has_parentheses': 0, 'GuessFormat_has_quotes': 0, 'GuessFormat_word_count': 2, 'GuessFormat_has_numbers': 0, 'RunPosition_position_ratio': 1.6111111111111112, 'RunPosition_early_question': 0, 'RunPosition_late_question': 1, 'QuestionKeyword_signal_for_ten_points': 0, 'QuestionKeyword_signal_name_this': 0, 'QuestionKeyword_signal_identify_this': 0, 'QuestionKeyword_signal_what_is': 0, 'QuestionKeyword_signal_who_is': 0, 'QuestionKeyword_signal_this_author': 0, 'QuestionKeyword_signal_this_work': 0, 'QuestionKeyword_signal_this_character': 1, 'QuestionKeyword_signal_this_person': 0, 'QuestionKeyword_signal_this_country': 0, 'QuestionKeyword_signal_this_battle': 0, 'QuestionKeyword_signal_this_composer': 0, 'QuestionKeyword_signal_this_painting': 0, 'GuessQuality_proper_noun': 1, 'GuessQuality_single_word': 0, 'GuessQuality_has_title_case': 1, 'AnswerType_expects_person': 1, 'AnswerType_expects_work': 0, 'AnswerType_expects_place': 0, 'final': np.True_}"
True,10,0,7,The New York Times,0.00,"{'Gpr_confidence': -0.06614194768975, 'Length_char': 43, 'Length_word': 7, 'Length_guess': 18, 'Length_ten_points': 0, 'Frequency_guess': 2.302585092994046, 'GuessFormat_has_parentheses': 0, 'GuessFormat_has_quotes': 0, 'GuessFormat_word_count': 4, 'GuessFormat_has_numbers': 0, 'RunPosition_position_ratio': 0.09555555555555556, 'RunPosition_early_question': 1, 'RunPosition_late_question': 0, 'QuestionKeyword_signal_for_ten_points': 0, 'QuestionKeyword_signal_name_this': 0, 'QuestionKeyword_signal_identify_this': 0, 'QuestionKeyword_signal_what_is': 0, 'QuestionKeyword_signal_who_is': 0, 'QuestionKeyword_signal_this_author': 0, 'QuestionKeyword_signal_this_work': 0, 'QuestionKeyword_signal_this_character': 0, 'QuestionKeyword_signal_this_person': 0, 'QuestionKeyword_signal_this_country': 0, 'QuestionKeyword_signal_this_battle': 0, 'QuestionKeyword_signal_this_composer': 0, 'QuestionKeyword_signal_this_painting': 0, 'GuessQuality_proper_noun': 1, 'GuessQuality_single_word': 0, 'GuessQuality_has_title_case': 1, 'AnswerType_expects_person': 0, 'AnswerType_expects_work': 0, 'AnswerType_expects_place': 0, 'final': np.True_}"
False,10,0,12,General Fagen,0.00,"{'Gpr_confidence': -0.47653918, 'Length_char': 71, 'Length_word': 12, 'Length_guess': 13, 'Length_ten_points': 0, 'Frequency_guess': 0.0, 'GuessFormat_has_parentheses': 0, 'GuessFormat_has_quotes': 0, 'GuessFormat_word_count': 2, 'GuessFormat_has_numbers': 0, 'RunPosition_position_ratio': 0.15777777777777777, 'RunPosition_early_question': 1, 'RunPosition_late_question': 0, 'QuestionKeyword_signal_for_ten_points': 0, 'QuestionKeyword_signal_name_this': 0, 'QuestionKeyword_signal_identify_this': 0, 'QuestionKeyword_signal_what_is': 0, 'QuestionKeyword_signal_who_is': 0, 'QuestionKeyword_signal_this_author': 0, 'QuestionKeyword_signal_this_work': 0, 'QuestionKeyword_signal_this_character': 0, 'QuestionKeyword_signal_this_person': 0, 'QuestionKeyword_signal_this_country': 0, 'QuestionKeyword_signal_this_battle': 0, 'QuestionKeyword_signal_this_composer': 0, 'QuestionKeyword_signal_this_painting': 0, 'GuessQuality_proper_noun': 1, 'GuessQuality_single_word': 0, 'GuessQuality_has_title_case': 1, 'AnswerType_expects_person': 0, 'AnswerType_expects_work': 0, 'AnswerType_expects_place': 0, 'final': np.False_}"
False,10,0,18,List of Cold War pilot defections,0.00,"{'Gpr_confidence': -0.3931426563985715, 'Length_char': 111, 'Length_word': 18, 'Length_guess': 33, 'Length_ten_points': 0, 'Frequency_guess': 0.0, 'GuessFormat_has_parentheses': 0, 'GuessFormat_has_quotes': 0, 'GuessFormat_word_count': 6, 'GuessFormat_has_numbers': 0, 'RunPosition_position_ratio': 0.24666666666666667, 'RunPosition_early_question': 1, 'RunPosition_late_question': 0, 'QuestionKeyword_signal_for_ten_points': 0, 'QuestionKeyword_signal_name_this': 0, 'QuestionKeyword_signal_identify_this': 0, 'QuestionKeyword_signal_what_is': 0, 'QuestionKeyword_signal_who_is': 0, 'QuestionKeyword_signal_this_author': 0, 'QuestionKeyword_signal_this_work': 0, 'QuestionKeyword_signal_this_character': 0, 'QuestionKeyword_signal_this_person': 0, 'QuestionKeyword_signal_this_country': 0, 'QuestionKeyword_signal_this_battle': 0, 'QuestionKeyword_signal_this_composer': 0, 'QuestionKeyword_signal_this_painting': 0, 'GuessQuality_proper_noun': 1, 'GuessQuality_single_word': 0, 'GuessQuality_has_title_case': 0, 'AnswerType_expects_person': 0, 'AnswerType_expects_work': 0, 'AnswerType_expects_place': 0, 'final': np.False_}"
False,10,0,19,List of Cold War pilot defections,0.00,"{'Gpr_confidence': -0.49730777615714283, 'Length_char': 120, 'Length_word': 19, 'Length_guess': 33, 'Length_ten_points': 0, 'Frequency_guess': 0.0, 'GuessFormat_has_parentheses': 0, 'GuessFormat_has_quotes': 0, 'GuessFormat_word_count': 6, 'GuessFormat_has_numbers': 0, 'RunPosition_position_ratio': 0.26666666666666666, 'RunPosition_early_question': 0, 'RunPosition_late_question': 0, 'QuestionKeyword_signal_for_ten_points': 0, 'QuestionKeyword_signal_name_this': 0, 'QuestionKeyword_signal_identify_this': 0, 'QuestionKeyword_signal_what_is': 0, 'QuestionKeyword_signal_who_is': 0, 'QuestionKeyword_signal_this_author': 0, 'QuestionKeyword_signal_this_work': 0, 'QuestionKeyword_signal_this_character': 0, 'QuestionKeyword_signal_this_person': 0, 'QuestionKeyword_signal_this_country': 0, 'QuestionKeyword_signal_this_battle': 0, 'QuestionKeyword_signal_this_composer': 0, 'QuestionKeyword_signal_this_painting': 0, 'GuessQuality_proper_noun': 1, 'GuessQuality_single_word': 0, 'GuessQuality_has_title_case': 0, 'AnswerType_expects_person': 0, 'AnswerType_expects_work': 0, 'AnswerType_expects_place': 1, 'final': np.False_}"
False,10,1,6,General Fagen,0.00,"{'Gpr_confidence': -0.7278338346666665, 'Length_char': 159, 'Length_word': 25, 'Length_guess': 13, 'Length_ten_points': 0, 'Frequency_guess': 0.0, 'GuessFormat_has_parentheses': 0, 'GuessFormat_has_quotes': 0, 'GuessFormat_word_count': 2, 'GuessFormat_has_numbers': 0, 'RunPosition_position_ratio': 0.35333333333333333, 'RunPosition_early_question': 0, 'RunPosition_late_question': 0, 'QuestionKeyword_signal_for_ten_points': 0, 'QuestionKeyword_signal_name_this': 0, 'QuestionKeyword_signal_identify_this': 0, 'QuestionKeyword_signal_what_is': 0, 'QuestionKeyword_signal_who_is': 0, 'QuestionKeyword_signal_this_author': 0, 'QuestionKeyword_signal_this_work': 0, 'QuestionKeyword_signal_this_character': 0, 'QuestionKeyword_signal_this_person': 0, 'QuestionKeyword_signal_this_country': 0, 'QuestionKeyword_signal_this_battle': 0, 'QuestionKeyword_signal_this_composer': 0, 'QuestionKeyword_signal_this_painting': 0, 'GuessQuality_proper_noun': 1, 'GuessQuality_single_word': 0, 'GuessQuality_has_title_case': 1, 'AnswerType_expects_person': 0, 'AnswerType_expects_work': 1, 'AnswerType_expects_place': 1, 'final': np.False_}"
False,10,1,12,Philippines–United States relations,0.00,"{'Gpr_confidence': -0.262838046, 'Length_char': 193, 'Length_word': 31, 'Length_guess': 35, 'Length_ten_points': 0, 'Frequency_guess': 0.0, 'GuessFormat_has_parentheses': 0, 'GuessFormat_has_quotes': 0, 'GuessFormat_word_count': 3, 'GuessFormat_has_numbers': 0, 'RunPosition_position_ratio': 0.4288888888888889, 'RunPosition_early_question': 0, 'RunPosition_late_question': 0, 'QuestionKeyword_signal_for_ten_points': 0, 'QuestionKeyword_signal_name_this': 0, 'QuestionKeyword_signal_identify_this': 0, 'QuestionKeyword_signal_what_is': 0, 'QuestionKeyword_signal_who_is': 0, 'QuestionKeyword_signal_this_author': 0, 'QuestionKeyword_signal_this_work': 0, 'QuestionKeyword_signal_this_character': 0, 'QuestionKeyword_signal_this_person': 0, 'QuestionKeyword_signal_this_country': 1, 'QuestionKeyword_signal_this_battle': 0, 'QuestionKeyword_signal_this_composer': 0, 'QuestionKeyword_signal_this_painting': 0, 'GuessQuality_proper_noun': 1, 'GuessQuality_single_word': 0, 'GuessQuality_has_title_case': 0, 'AnswerType_expects_person': 0, 'AnswerType_expects_work': 1, 'AnswerType_expects_place': 1, 'final': np.False_}"
False,10,1,17,Baguio,0.00,"{'Gpr_confidence': -0.10063338448999999, 'Length_char': 229, 'Length_word': 36, 'Length_guess': 6, 'Length_ten_points': 0, 'Frequency_guess': 0.0, 'GuessFormat_has_parentheses': 0, 'GuessFormat_has_quotes': 0, 'GuessFormat_word_count': 1, 'GuessFormat_has_numbers': 0, 'RunPosition_position_ratio': 0.5088888888888888, 'RunPosition_early_question': 0, 'RunPosition_late_question': 0, 'QuestionKeyword_signal_for_ten_points': 0, 'QuestionKeyword_signal_name_this': 0, 'QuestionKeyword_signal_identify_this': 0, 'QuestionKeyword_signal_what_is': 0, 'QuestionKeyword_signal_who_is': 0, 'QuestionKeyword_signal_this_author': 0, 'QuestionKeyword_signal_this_work': 0, 'QuestionKeyword_signal_this_character': 0, 'QuestionKeyword_signal_this_person': 0, 'QuestionKeyword_signal_this_country': 1, 'QuestionKeyword_signal_this_battle': 0, 'QuestionKeyword_signal_this_composer': 0, 'QuestionKeyword_signal_this_painting': 0, 'GuessQuality_proper_noun': 1, 'GuessQuality_single_word': 1, 'GuessQuality_has_title_case': 1, 'AnswerType_expects_person': 0, 'AnswerType_expects_work': 1, 'AnswerType_expects_place': 2, 'final': np.False_}"
False,10,1,18,Baguio,0.00,"{'Gpr_confidence': -0.11314561492319998, 'Length_char': 238, 'Length_word': 37, 'Length_guess': 6, 'Length_ten_points': 0, 'Frequency_guess': 0.0, 'GuessFormat_has_parentheses': 0, 'GuessFormat_has_quotes': 0, 'GuessFormat_word_count': 1, 'GuessFormat_has_numbers': 0, 'RunPosition_position_ratio': 0.5288888888888889, 'RunPosition_early_question': 0, 'RunPosition_late_question': 0, 'QuestionKeyword_signal_for_ten_points': 0, 'QuestionKeyword_signal_name_this': 0, 'QuestionKeyword_signal_identify_this': 0, 'QuestionKeyword_signal_what_is': 0, 'QuestionKeyword_signal_who_is': 0, 'QuestionKeyword_signal_this_author': 0, 'QuestionKeyword_signal_this_work': 0, 'QuestionKeyword_signal_this_character': 0, 'QuestionKeyword_signal_this_person': 0, 'QuestionKeyword_signal_this_country': 1, 'QuestionKeyword_signal_this_battle': 0, 'QuestionKeyword_signal_this_composer': 0, 'QuestionKeyword_signal_this_painting': 0, 'GuessQuality_proper_noun': 1, 'GuessQuality_single_word': 1, 'GuessQuality_has_title_case': 1, 'AnswerType_expects_person': 0, 'AnswerType_expects_work': 1, 'AnswerType_expects_place': 2, 'final': np.False_}"
False,10,2,7,Philippines during the Philippine-American War,0.00,"{'Gpr_confidence': -0.2628769944857143, 'Length_char': 276, 'Length_word': 44, 'Length_guess': 46, 'Length_ten_points': 0, 'Frequency_guess': 0.0, 'GuessFormat_has_parentheses': 0, 'GuessFormat_has_quotes': 0, 'GuessFormat_word_count': 5, 'GuessFormat_has_numbers': 0, 'RunPosition_position_ratio': 0.6133333333333333, 'RunPosition_early_question': 0, 'RunPosition_late_question': 0, 'QuestionKeyword_signal_for_ten_points': 0, 'QuestionKeyword_signal_name_this': 0, 'QuestionKeyword_signal_identify_this': 0, 'QuestionKeyword_signal_what_is': 0, 'QuestionKeyword_signal_who_is': 0, 'QuestionKeyword_signal_this_author': 0, 'QuestionKeyword_signal_this_work': 0, 'QuestionKeyword_signal_this_character': 0, 'QuestionKeyword_signal_this_person': 0, 'QuestionKeyword_signal_this_country': 1, 'QuestionKeyword_signal_this_battle': 0, 'QuestionKeyword_signal_this_composer': 0, 'QuestionKeyword_signal_this_painting': 0, 'GuessQuality_proper_noun': 1, 'GuessQuality_single_word': 0, 'GuessQuality_has_title_case': 0, 'AnswerType_expects_person': 0, 'AnswerType_expects_work': 1, 'AnswerType_expects_place': 2, 'final': np.False_}"
True,10,2,14,Philippines,0.00,"{'Gpr_confidence': -0.452504425, 'Length_char': 314, 'Length_word': 51, 'Length_guess': 11, 'Length_ten_points': 0, 'Frequency_guess': 3.9318256327243257, 'GuessFormat_has_parentheses': 0, 'GuessFormat_has_quotes': 0, 'GuessFormat_word_count': 1, 'GuessFormat_has_numbers': 0, 'RunPosition_position_ratio': 0.6977777777777778, 'RunPosition_early_question': 0, 'RunPosition_late_question': 0, 'QuestionKeyword_signal_for_ten_points': 0, 'QuestionKeyword_signal_name_this': 0, 'QuestionKeyword_signal_identify_this': 0, 'QuestionKeyword_signal_what_is': 0, 'QuestionKeyword_signal_who_is': 0, 'QuestionKeyword_signal_this_author': 0, 'QuestionKeyword_signal_this_work': 0, 'QuestionKeyword_signal_this_character': 0, 'QuestionKeyword_signal_this_person': 0, 'QuestionKeyword_signal_this_country': 1, 'QuestionKeyword_signal_this_battle': 0, 'QuestionKeyword_signal_this_composer': 0, 'QuestionKeyword_signal_this_painting': 0, 'GuessQuality_proper_noun': 1, 'GuessQuality_single_word': 1, 'GuessQuality_has_title_case': 1, 'AnswerType_expects_person': 0, 'AnswerType_expects_work': 1, 'AnswerType_expects_place': 2, 'final': np.True_}"
False,10,2,15,Philippines during the American colonial period,0.00,"{'Gpr_confidence': -0.3870126738571429, 'Length_char': 323, 'Length_word': 52, 'Length_guess': 47, 'Length_ten_points': 0, 'Frequency_guess': 0.0, 'GuessFormat_has_parentheses': 0, 'GuessFormat_has_quotes': 0, 'GuessFormat_word_count': 6, 'GuessFormat_has_numbers': 0, 'RunPosition_position_ratio': 0.7177777777777777, 'RunPosition_early_question': 0, 'RunPosition_late_question': 0, 'QuestionKeyword_signal_for_ten_points': 0, 'QuestionKeyword_signal_name_this': 0, 'QuestionKeyword_signal_identify_this': 0, 'QuestionKeyword_signal_what_is': 0, 'QuestionKeyword_signal_who_is': 0, 'QuestionKeyword_signal_this_author': 0, 'QuestionKeyword_signal_this_work': 0, 'QuestionKeyword_signal_this_character': 0, 'QuestionKeyword_signal_this_person': 0, 'QuestionKeyword_signal_this_country': 1, 'QuestionKeyword_signal_this_battle': 0, 'QuestionKeyword_signal_this_composer': 0, 'QuestionKeyword_signal_this_painting': 0, 'GuessQuality_proper_noun': 1, 'GuessQuality_single_word': 0, 'GuessQuality_has_title_case': 0, 'AnswerType_expects_person': 0, 'AnswerType_expects_work': 1, 'AnswerType_expects_place': 2, 'final': np.False_}"
False,10,3,6,Philippines during the Philippine-American War,0.00,"{'Gpr_confidence': -0.18472479525714286, 'Length_char': 361, 'Length_word': 58, 'Length_guess': 46, 'Length_ten_points': 0, 'Frequency_guess': 0.0, 'GuessFormat_has_parentheses': 0, 'GuessFormat_has_quotes': 0, 'GuessFormat_word_count': 5, 'GuessFormat_has_numbers': 0, 'RunPosition_position_ratio': 0.8022222222222222, 'RunPosition_early_question': 0, 'RunPosition_late_question': 1, 'QuestionKeyword_signal_for_ten_points': 0, 'QuestionKeyword_signal_name_this': 0, 'QuestionKeyword_signal_identify_this': 0, 'QuestionKeyword_signal_what_is': 0, 'QuestionKeyword_signal_who_is': 0, 'QuestionKeyword_signal_this_author': 0, 'QuestionKeyword_signal_this_work': 0, 'QuestionKeyword_signal_this_character': 0, 'QuestionKeyword_signal_this_person': 0, 'QuestionKeyword_signal_this_country': 1, 'QuestionKeyword_signal_this_battle': 0, 'QuestionKeyword_signal_this_composer': 0, 'QuestionKeyword_signal_this_painting': 0, 'GuessQuality_proper_noun': 1, 'GuessQuality_single_word': 0, 'GuessQuality_has_title_case': 0, 'AnswerType_expects_person': 0, 'AnswerType_expects_work': 1, 'AnswerType_expects_place': 2, 'final': np.False_}"
False,10,3,10,Philippines during the Philippine-American War,0.00,"{'Gpr_confidence': -0.08016078273571428, 'Length_char': 385, 'Length_word': 62, 'Length_guess': 46, 'Length_ten_points': 0, 'Frequency_guess': 0.0, 'GuessFormat_has_parentheses': 0, 'GuessFormat_has_quotes': 0, 'GuessFormat_word_count': 5, 'GuessFormat_has_numbers': 0, 'RunPosition_position_ratio': 0.8555555555555555, 'RunPosition_early_question': 0, 'RunPosition_late_question': 1, 'QuestionKeyword_signal_for_ten_points': 0, 'QuestionKeyword_signal_name_this': 0, 'QuestionKeyword_signal_identify_this': 0, 'QuestionKeyword_signal_what_is': 0, 'QuestionKeyword_signal_who_is': 0, 'QuestionKeyword_signal_this_author': 0, 'QuestionKeyword_signal_this_work': 0, 'QuestionKeyword_signal_this_character': 0, 'QuestionKeyword_signal_this_person': 0, 'QuestionKeyword_signal_this_country': 1, 'QuestionKeyword_signal_this_battle': 0, 'QuestionKeyword_signal_this_composer': 0, 'QuestionKeyword_signal_this_painting': 0, 'GuessQuality_proper_noun': 1, 'GuessQuality_single_word': 0, 'GuessQuality_has_title_case': 0, 'AnswerType_expects_person': 0, 'AnswerType_expects_work': 1, 'AnswerType_expects_place': 2, 'final': np.False_}"
True,10,4,7,Philippines,0.00,"{'Gpr_confidence': -0.10615161199999999, 'Length_char': 428, 'Length_word': 69, 'Length_guess': 11, 'Length_ten_points': 0, 'Frequency_guess': 3.9318256327243257, 'GuessFormat_has_parentheses': 0, 'GuessFormat_has_quotes': 0, 'GuessFormat_word_count': 1, 'GuessFormat_has_numbers': 0, 'RunPosition_position_ratio': 0.9511111111111111, 'RunPosition_early_question': 0, 'RunPosition_late_question': 1, 'QuestionKeyword_signal_for_ten_points': 0, 'QuestionKeyword_signal_name_this': 0, 'QuestionKeyword_signal_identify_this': 0, 'QuestionKeyword_signal_what_is': 0, 'QuestionKeyword_signal_who_is': 0, 'QuestionKeyword_signal_this_author': 0, 'QuestionKeyword_signal_this_work': 0, 'QuestionKeyword_signal_this_character': 0, 'QuestionKeyword_signal_this_person': 0, 'QuestionKeyword_signal_this_country': 1, 'QuestionKeyword_signal_this_battle': 0, 'QuestionKeyword_signal_this_composer': 0, 'QuestionKeyword_signal_this_painting': 0, 'GuessQuality_proper_noun': 1, 'GuessQuality_single_word': 1, 'GuessQuality_has_title_case': 1, 'AnswerType_expects_person': 0, 'AnswerType_expects_work': 1, 'AnswerType_expects_place': 2, 'final': np.True_}"
True,10,4,12,Philippines,0.00,"{'Gpr_confidence': -0.341538346, 'Length_char': 460, 'Length_word': 74, 'Length_guess': 11, 'Length_ten_points': 0, 'Frequency_guess': 3.9318256327243257, 'GuessFormat_has_parentheses': 0, 'GuessFormat_has_quotes': 0, 'GuessFormat_word_count': 1, 'GuessFormat_has_numbers': 0, 'RunPosition_position_ratio': 1.0222222222222221, 'RunPosition_early_question': 0, 'RunPosition_late_question': 1, 'QuestionKeyword_signal_for_ten_points': 0, 'QuestionKeyword_signal_name_this': 0, 'QuestionKeyword_signal_identify_this': 0, 'QuestionKeyword_signal_what_is': 0, 'QuestionKeyword_signal_who_is': 0, 'QuestionKeyword_signal_this_author': 0, 'QuestionKeyword_signal_this_work': 0, 'QuestionKeyword_signal_this_character': 0, 'QuestionKeyword_signal_this_person': 0, 'QuestionKeyword_signal_this_country': 1, 'QuestionKeyword_signal_this_battle': 0, 'QuestionKeyword_signal_this_composer': 0, 'QuestionKeyword_signal_this_painting': 0, 'GuessQuality_proper_noun': 1, 'GuessQuality_single_word': 1, 'GuessQuality_has_title_case': 1, 'AnswerType_expects_person': 0, 'AnswerType_expects_work': 1, 'AnswerType_expects_place': 2, 'final': np.True_}"
True,10,4,14,Philippines,0.00,"{'Gpr_confidence': -0.1356449975, 'Length_char': 482, 'Length_word': 76, 'Length_guess': 11, 'Length_ten_points': 0, 'Frequency_guess': 3.9318256327243257, 'GuessFormat_has_parentheses': 0, 'GuessFormat_has_quotes': 0, 'GuessFormat_word_count': 1, 'GuessFormat_has_numbers': 0, 'RunPosition_position_ratio': 1.0711111111111111, 'RunPosition_early_question': 0, 'RunPosition_late_question': 1, 'QuestionKeyword_signal_for_ten_points': 0, 'QuestionKeyword_signal_name_this': 0, 'QuestionKeyword_signal_identify_this': 0, 'QuestionKeyword_signal_what_is': 0, 'QuestionKeyword_signal_who_is': 0, 'QuestionKeyword_signal_this_author': 0, 'QuestionKeyword_signal_this_work': 0, 'QuestionKeyword_signal_this_character': 0, 'QuestionKeyword_signal_this_person': 0, 'QuestionKeyword_signal_this_country': 1, 'QuestionKeyword_signal_this_battle': 0, 'QuestionKeyword_signal_this_composer': 0, 'QuestionKeyword_signal_this_painting': 0, 'GuessQuality_proper_noun': 1, 'GuessQuality_single_word': 1, 'GuessQuality_has_title_case': 1, 'AnswerType_expects_person': 0, 'AnswerType_expects_work': 1, 'AnswerType_expects_place': 2, 'final': np.True_}"
True,10,5,6,Philippines,0.00,"{'Gpr_confidence': -0.116665195, 'Length_char': 521, 'Length_word': 82, 'Length_guess': 11, 'Length_ten_points': 0, 'Frequency_guess': 3.9318256327243257, 'GuessFormat_has_parentheses': 0, 'GuessFormat_has_quotes': 0, 'GuessFormat_word_count': 1, 'GuessFormat_has_numbers': 0, 'RunPosition_position_ratio': 1.1577777777777778, 'RunPosition_early_question': 0, 'RunPosition_late_question': 1, 'QuestionKeyword_signal_for_ten_points': 0, 'QuestionKeyword_signal_name_this': 0, 'QuestionKeyword_signal_identify_this': 0, 'QuestionKeyword_signal_what_is': 0, 'QuestionKeyword_signal_who_is': 0, 'QuestionKeyword_signal_this_author': 0, 'QuestionKeyword_signal_this_work': 0, 'QuestionKeyword_signal_this_character': 0, 'QuestionKeyword_signal_this_person': 0, 'QuestionKeyword_signal_this_country': 1, 'QuestionKeyword_signal_this_battle': 0, 'QuestionKeyword_signal_this_composer': 0, 'QuestionKeyword_signal_this_painting': 0, 'GuessQuality_proper_noun': 1, 'GuessQuality_single_word': 1, 'GuessQuality_has_title_case': 1, 'AnswerType_expects_person': 0, 'AnswerType_expects_work': 1, 'AnswerType_expects_place': 2, 'final': np.True_}"
True,10,5,12,Philippines,0.00,"{'Gpr_confidence': -0.216666056, 'Length_char': 557, 'Length_word': 88, 'Length_guess': 11, 'Length_ten_points': 0, 'Frequency_guess': 3.9318256327243257, 'GuessFormat_has_parentheses': 0, 'GuessFormat_has_quotes': 0, 'GuessFormat_word_count': 1, 'GuessFormat_has_numbers': 0, 'RunPosition_position_ratio': 1.2377777777777779, 'RunPosition_early_question': 0, 'RunPosition_late_question': 1, 'QuestionKeyword_signal_for_ten_points': 0, 'QuestionKeyword_signal_name_this': 0, 'QuestionKeyword_signal_identify_this': 0, 'QuestionKeyword_signal_what_is': 0, 'QuestionKeyword_signal_who_is': 0, 'QuestionKeyword_signal_this_author': 0, 'QuestionKeyword_signal_this_work': 0, 'QuestionKeyword_signal_this_character': 0, 'QuestionKeyword_signal_this_person': 0, 'QuestionKeyword_signal_this_country': 1, 'QuestionKeyword_signal_this_battle': 0, 'QuestionKeyword_signal_this_composer': 0, 'QuestionKeyword_signal_this_painting': 0, 'GuessQuality_proper_noun': 1, 'GuessQuality_single_word': 1, 'GuessQuality_has_title_case': 1, 'AnswerType_expects_person': 0, 'AnswerType_expects_work': 1, 'AnswerType_expects_place': 2, 'final': np.True_}"
True,10,5,14,Philippines,0.00,"{'Gpr_confidence': -0.106912991, 'Length_char': 569, 'Length_word': 90, 'Length_guess': 11, 'Length_ten_points': 0, 'Frequency_guess': 3.9318256327243257, 'GuessFormat_has_parentheses': 0, 'GuessFormat_has_quotes': 0, 'GuessFormat_word_count': 1, 'GuessFormat_has_numbers': 0, 'RunPosition_position_ratio': 1.2644444444444445, 'RunPosition_early_question': 0, 'RunPosition_late_question': 1, 'QuestionKeyword_signal_for_ten_points': 0, 'QuestionKeyword_signal_name_this': 0, 'QuestionKeyword_signal_identify_this': 0, 'QuestionKeyword_signal_what_is': 0, 'QuestionKeyword_signal_who_is': 0, 'QuestionKeyword_signal_this_author': 0, 'QuestionKeyword_signal_this_work': 0, 'QuestionKeyword_signal_this_character': 0, 'QuestionKeyword_signal_this_person': 0, 'QuestionKeyword_signal_this_country': 1, 'QuestionKeyword_signal_this_battle': 0, 'QuestionKeyword_signal_this_composer': 0, 'QuestionKeyword_signal_this_painting': 0, 'GuessQuality_proper_noun': 1, 'GuessQuality_single_word': 1, 'GuessQuality_has_title_case': 1, 'AnswerType_expects_person': 0, 'AnswerType_expects_work': 1, 'AnswerType_expects_place': 2, 'final': np.True_}"
True,10,6,8,Philippines,0.00,"{'Gpr_confidence': -0.0390086915, 'Length_char': 607, 'Length_word': 98, 'Length_guess': 11, 'Length_ten_points': 0, 'Frequency_guess': 3.9318256327243257, 'GuessFormat_has_parentheses': 0, 'GuessFormat_has_quotes': 0, 'GuessFormat_word_count': 1, 'GuessFormat_has_numbers': 0, 'RunPosition_position_ratio': 1.3488888888888888, 'RunPosition_early_question': 0, 'RunPosition_late_question': 1, 'QuestionKeyword_signal_for_ten_points': 0, 'QuestionKeyword_signal_name_this': 0, 'QuestionKeyword_signal_identify_this': 0, 'QuestionKeyword_signal_what_is': 0, 'QuestionKeyword_signal_who_is': 0, 'QuestionKeyword_signal_this_author': 0, 'QuestionKeyword_signal_this_work': 0, 'QuestionKeyword_signal_this_character': 0, 'QuestionKeyword_signal_this_person': 0, 'QuestionKeyword_signal_this_country': 1, 'QuestionKeyword_signal_this_battle': 0, 'QuestionKeyword_signal_this_composer': 0, 'QuestionKeyword_signal_this_painting': 0, 'GuessQuality_proper_noun': 1, 'GuessQuality_single_word': 1, 'GuessQuality_has_title_case': 1, 'AnswerType_expects_person': 0, 'AnswerType_expects_work': 1, 'AnswerType_expects_place': 2, 'final': np.True_}"
True,10,6,14,Philippines,0.00,"{'Gpr_confidence': -0.0723537415, 'Length_char': 651, 'Length_word': 104, 'Length_guess': 11, 'Length_ten_points': 0, 'Frequency_guess': 3.9318256327243257, 'GuessFormat_has_parentheses': 0, 'GuessFormat_has_quotes': 0, 'GuessFormat_word_count': 1, 'GuessFormat_has_numbers': 0, 'RunPosition_position_ratio': 1.4466666666666668, 'RunPosition_early_question': 0, 'RunPosition_late_question': 1, 'QuestionKeyword_signal_for_ten_points': 0, 'QuestionKeyword_signal_name_this': 0, 'QuestionKeyword_signal_identify_this': 0, 'QuestionKeyword_signal_what_is': 0, 'QuestionKeyword_signal_who_is': 0, 'QuestionKeyword_signal_this_author': 0, 'QuestionKeyword_signal_this_work': 0, 'QuestionKeyword_signal_this_character': 0, 'QuestionKeyword_signal_this_person': 0, 'QuestionKeyword_signal_this_country': 1, 'QuestionKeyword_signal_this_battle': 0, 'QuestionKeyword_signal_this_composer': 0, 'QuestionKeyword_signal_this_painting': 0, 'GuessQuality_proper_noun': 1, 'GuessQuality_single_word': 1, 'GuessQuality_has_title_case': 1, 'AnswerType_expects_person': 0, 'AnswerType_expects_work': 1, 'AnswerType_expects_place': 2, 'final': np.True_}"
True,10,7,6,Philippines,0.00,"{'Gpr_confidence': -0.133935925, 'Length_char': 691, 'Length_word': 110, 'Length_guess': 11, 'Length_ten_points': 0, 'Frequency_guess': 3.9318256327243257, 'GuessFormat_has_parentheses': 0, 'GuessFormat_has_quotes': 0, 'GuessFormat_word_count': 1, 'GuessFormat_has_numbers': 0, 'RunPosition_position_ratio': 1.5355555555555556, 'RunPosition_early_question': 0, 'RunPosition_late_question': 1, 'QuestionKeyword_signal_for_ten_points': 0, 'QuestionKeyword_signal_name_this': 0, 'QuestionKeyword_signal_identify_this': 0, 'QuestionKeyword_signal_what_is': 0, 'QuestionKeyword_signal_who_is': 0, 'QuestionKeyword_signal_this_author': 0, 'QuestionKeyword_signal_this_work': 0, 'QuestionKeyword_signal_this_character': 0, 'QuestionKeyword_signal_this_person': 0, 'QuestionKeyword_signal_this_country': 1, 'QuestionKeyword_signal_this_battle': 0, 'QuestionKeyword_signal_this_composer': 0, 'QuestionKeyword_signal_this_painting': 0, 'GuessQuality_proper_noun': 1, 'GuessQuality_single_word': 1, 'GuessQuality_has_title_case': 1, 'AnswerType_expects_person': 0, 'AnswerType_expects_work': 1, 'AnswerType_expects_place': 2, 'final': np.True_}"
True,10,7,12,Philippines,0.00,"{'Gpr_confidence': -0.0139507225, 'Length_char': 729, 'Length_word': 116, 'Length_guess': 11, 'Length_ten_points': 0, 'Frequency_guess': 3.9318256327243257, 'GuessFormat_has_parentheses': 0, 'GuessFormat_has_quotes': 0, 'GuessFormat_word_count': 1, 'GuessFormat_has_numbers': 0, 'RunPosition_position_ratio': 1.62, 'RunPosition_early_question': 0, 'RunPosition_late_question': 1, 'QuestionKeyword_signal_for_ten_points': 0, 'QuestionKeyword_signal_name_this': 0, 'QuestionKeyword_signal_identify_this': 0, 'QuestionKeyword_signal_what_is': 0, 'QuestionKeyword_signal_who_is': 0, 'QuestionKeyword_signal_this_author': 0, 'QuestionKeyword_signal_this_work': 0, 'QuestionKeyword_signal_this_character': 0, 'QuestionKeyword_signal_this_person': 0, 'QuestionKeyword_signal_this_country': 1, 'QuestionKeyword_signal_this_battle': 0, 'QuestionKeyword_signal_this_composer': 0, 'QuestionKeyword_signal_this_painting': 0, 'GuessQuality_proper_noun': 1, 'GuessQuality_single_word': 1, 'GuessQuality_has_title_case': 1, 'AnswerType_expects_person': 0, 'AnswerType_expects_work': 1, 'AnswerType_expects_place': 2, 'final': np.True_}"
True,10,7,17,Philippines,0.00,"{'Gpr_confidence': -0.038350076, 'Length_char': 757, 'Length_word': 121, 'Length_guess': 11, 'Length_ten_points': 0, 'Frequency_guess': 3.9318256327243257, 'GuessFormat_has_parentheses': 0, 'GuessFormat_has_quotes': 0, 'GuessFormat_word_count': 1, 'GuessFormat_has_numbers': 0, 'RunPosition_position_ratio': 1.6822222222222223, 'RunPosition_early_question': 0, 'RunPosition_late_question': 1, 'QuestionKeyword_signal_for_ten_points': 0, 'QuestionKeyword_signal_name_this': 0, 'QuestionKeyword_signal_identify_this': 0, 'QuestionKeyword_signal_what_is': 0, 'QuestionKeyword_signal_who_is': 0, 'QuestionKeyword_signal_this_author': 0, 'QuestionKeyword_signal_this_work': 0, 'QuestionKeyword_signal_this_character': 0, 'QuestionKeyword_signal_this_person': 0, 'QuestionKeyword_signal_this_country': 1, 'QuestionKeyword_signal_this_battle': 0, 'QuestionKeyword_signal_this_composer': 0, 'QuestionKeyword_signal_this_painting': 0, 'GuessQuality_proper_noun': 1, 'GuessQuality_single_word': 1, 'GuessQuality_has_title_case': 1, 'AnswerType_expects_person': 0, 'AnswerType_expects_work': 1, 'AnswerType_expects_place': 2, 'final': np.True_}"
True,10,7,17,Philippines,0.00,"{'Gpr_confidence': -0.038350076, 'Length_char': 757, 'Length_word': 121, 'Length_guess': 11, 'Length_ten_points': 0, 'Frequency_guess': 3.9318256327243257, 'GuessFormat_has_parentheses': 0, 'GuessFormat_has_quotes': 0, 'GuessFormat_word_count': 1, 'GuessFormat_has_numbers': 0, 'RunPosition_position_ratio': 1.6822222222222223, 'RunPosition_early_question': 0, 'RunPosition_late_question': 1, 'QuestionKeyword_signal_for_ten_points': 0, 'QuestionKeyword_signal_name_this': 0, 'QuestionKeyword_signal_identify_this': 0, 'QuestionKeyword_signal_what_is': 0, 'QuestionKeyword_signal_who_is': 0, 'QuestionKeyword_signal_this_author': 0, 'QuestionKeyword_signal_this_work': 0, 'QuestionKeyword_signal_this_character': 0, 'QuestionKeyword_signal_this_person': 0, 'QuestionKeyword_signal_this_country': 1, 'QuestionKeyword_signal_this_battle': 0, 'QuestionKeyword_signal_this_composer': 0, 'QuestionKeyword_signal_this_painting': 0, 'GuessQuality_proper_noun': 1, 'GuessQuality_single_word': 1, 'GuessQuality_has_title_case': 1, 'AnswerType_expects_person': 0, 'AnswerType_expects_work': 1, 'AnswerType_expects_place': 2, 'final': np.True_}"
False,11,0,8,List of compositions by Wolfgang Amadeus Mozart,0.00,"{'Gpr_confidence': -0.15788078377452222, 'Length_char': 36, 'Length_word': 8, 'Length_guess': 47, 'Length_ten_points': 0, 'Frequency_guess': 0.0, 'GuessFormat_has_parentheses': 0, 'GuessFormat_has_quotes': 0, 'GuessFormat_word_count': 7, 'GuessFormat_has_numbers': 0, 'RunPosition_position_ratio': 0.08, 'RunPosition_early_question': 1, 'RunPosition_late_question': 0, 'QuestionKeyword_signal_for_ten_points': 0, 'QuestionKeyword_signal_name_this': 0, 'QuestionKeyword_signal_identify_this': 0, 'QuestionKeyword_signal_what_is': 0, 'QuestionKeyword_signal_who_is': 0, 'QuestionKeyword_signal_this_author': 0, 'QuestionKeyword_signal_this_work': 0, 'QuestionKeyword_signal_this_character': 0, 'QuestionKeyword_signal_this_person': 0, 'QuestionKeyword_signal_this_country': 0, 'QuestionKeyword_signal_this_battle': 0, 'QuestionKeyword_signal_this_composer': 1, 'QuestionKeyword_signal_this_painting': 0, 'GuessQuality_proper_noun': 1, 'GuessQuality_single_word': 0, 'GuessQuality_has_title_case': 0, 'AnswerType_expects_person': 1, 'AnswerType_expects_work': 0, 'AnswerType_expects_place': 0, 'final': np.False_}"
False,11,0,14,Ave Maria (Schubert),0.00,"{'Gpr_confidence': -0.2184244085511625, 'Length_char': 71, 'Length_word': 14, 'Length_guess': 20, 'Length_ten_points': 0, 'Frequency_guess': 0.0, 'GuessFormat_has_parentheses': 1, 'GuessFormat_has_quotes': 0, 'GuessFormat_word_count': 3, 'GuessFormat_has_numbers': 0, 'RunPosition_position_ratio': 0.15777777777777777, 'RunPosition_early_question': 1, 'RunPosition_late_question': 0, 'QuestionKeyword_signal_for_ten_points': 0, 'QuestionKeyword_signal_name_this': 0, 'QuestionKeyword_signal_identify_this': 0, 'QuestionKeyword_signal_what_is': 0, 'QuestionKeyword_signal_who_is': 0, 'QuestionKeyword_signal_this_author': 0, 'QuestionKeyword_signal_this_work': 0, 'QuestionKeyword_signal_this_character': 0, 'QuestionKeyword_signal_this_person': 0, 'QuestionKeyword_signal_this_country': 0, 'QuestionKeyword_signal_this_battle': 0, 'QuestionKeyword_signal_this_composer': 1, 'QuestionKeyword_signal_this_painting': 0, 'GuessQuality_proper_noun': 1, 'GuessQuality_single_word': 0, 'GuessQuality_has_title_case': 0, 'AnswerType_expects_person': 1, 'AnswerType_expects_work': 0, 'AnswerType_expects_place': 0, 'final': np.False_}"
False,11,0,20,Ave Maria (Schubert),0.00,"{'Gpr_confidence': -0.172669819281625, 'Length_char': 109, 'Length_word': 20, 'Length_guess': 20, 'Length_ten_points': 0, 'Frequency_guess': 0.0, 'GuessFormat_has_parentheses': 1, 'GuessFormat_has_quotes': 0, 'GuessFormat_word_count': 3, 'GuessFormat_has_numbers': 0, 'RunPosition_position_ratio': 0.24222222222222223, 'RunPosition_early_question': 1, 'RunPosition_late_question': 0, 'QuestionKeyword_signal_for_ten_points': 0, 'QuestionKeyword_signal_name_this': 0, 'QuestionKeyword_signal_identify_this': 0, 'QuestionKeyword_signal_what_is': 0, 'QuestionKeyword_signal_who_is': 0, 'QuestionKeyword_signal_this_author': 0, 'QuestionKeyword_signal_this_work': 0, 'QuestionKeyword_signal_this_character': 0, 'QuestionKeyword_signal_this_person': 0, 'QuestionKeyword_signal_this_country': 0, 'QuestionKeyword_signal_this_battle': 0, 'QuestionKeyword_signal_this_composer': 1, 'QuestionKeyword_signal_this_painting': 0, 'GuessQuality_proper_noun': 1, 'GuessQuality_single_word': 0, 'GuessQuality_has_title_case': 0, 'AnswerType_expects_person': 1, 'AnswerType_expects_work': 0, 'AnswerType_expects_place': 0, 'final': np.False_}"
True,11,0,24,Giuseppe Verdi,0.00,"{'Gpr_confidence': -0.1813690185425, 'Length_char': 141, 'Length_word': 24, 'Length_guess': 14, 'Length_ten_points': 0, 'Frequency_guess': 3.6375861597263857, 'GuessFormat_has_parentheses': 0, 'GuessFormat_has_quotes': 0, 'GuessFormat_word_count': 2, 'GuessFormat_has_numbers': 0, 'RunPosition_position_ratio': 0.31333333333333335, 'RunPosition_early_question': 0, 'RunPosition_late_question': 0, 'QuestionKeyword_signal_for_ten_points': 0, 'QuestionKeyword_signal_name_this': 0, 'QuestionKeyword_signal_identify_this': 0, 'QuestionKeyword_signal_what_is': 0, 'QuestionKeyword_signal_who_is': 0, 'QuestionKeyword_signal_this_author': 0, 'QuestionKeyword_signal_this_work': 0, 'QuestionKeyword_signal_this_character': 0, 'QuestionKeyword_signal_this_person': 0, 'QuestionKeyword_signal_this_country': 0, 'QuestionKeyword_signal_this_battle': 0, 'QuestionKeyword_signal_this_composer': 1, 'QuestionKeyword_signal_this_painting': 0, 'GuessQuality_proper_noun': 1, 'GuessQuality_single_word': 0, 'GuessQuality_has_title_case': 1, 'AnswerType_expects_person': 1, 'AnswerType_expects_work': 0, 'AnswerType_expects_place': 0, 'final': np.True_}"
True,11,0,28,Giuseppe Verdi,0.00,"{'Gpr_confidence': -0.1388125369315, 'Length_char': 165, 'Length_word': 28, 'Length_guess': 14, 'Length_ten_points': 0, 'Frequency_guess': 3.6375861597263857, 'GuessFormat_has_parentheses': 0, 'GuessFormat_has_quotes': 0, 'GuessFormat_word_count': 2, 'GuessFormat_has_numbers': 0, 'RunPosition_position_ratio': 0.36666666666666664, 'RunPosition_early_question': 0, 'RunPosition_late_question': 0, 'QuestionKeyword_signal_for_ten_points': 0, 'QuestionKeyword_signal_name_this': 0, 'QuestionKeyword_signal_identify_this': 0, 'QuestionKeyword_signal_what_is': 0, 'QuestionKeyword_signal_who_is': 0, 'QuestionKeyword_signal_this_author': 0, 'QuestionKeyword_signal_this_work': 0, 'QuestionKeyword_signal_this_character': 0, 'QuestionKeyword_signal_this_person': 0, 'QuestionKeyword_signal_this_country': 0, 'QuestionKeyword_signal_this_battle': 0, 'QuestionKeyword_signal_this_composer': 1, 'QuestionKeyword_signal_this_painting': 0, 'GuessQuality_proper_noun': 1, 'GuessQuality_single_word': 0, 'GuessQuality_has_title_case': 1, 'AnswerType_expects_person': 1, 'AnswerType_expects_work': 0, 'AnswerType_expects_place': 0, 'final': np.True_}"
True,11,1,6,Lucia di Lammermoor,0.00,"{'Gpr_confidence': -0.1118499685772857, 'Length_char': 203, 'Length_word': 34, 'Length_guess': 19, 'Length_ten_points': 0, 'Frequency_guess': 2.4849066497880004, 'GuessFormat_has_parentheses': 0, 'GuessFormat_has_quotes': 0, 'GuessFormat_word_count': 3, 'GuessFormat_has_numbers': 0, 'RunPosition_position_ratio': 0.45111111111111113, 'RunPosition_early_question': 0, 'RunPosition_late_question': 0, 'QuestionKeyword_signal_for_ten_points': 0, 'QuestionKeyword_signal_name_this': 0, 'QuestionKeyword_signal_identify_this': 0, 'QuestionKeyword_signal_what_is': 0, 'QuestionKeyword_signal_who_is': 0, 'QuestionKeyword_signal_this_author': 0, 'QuestionKeyword_signal_this_work': 0, 'QuestionKeyword_signal_this_character': 0, 'QuestionKeyword_signal_this_person': 0, 'QuestionKeyword_signal_this_country': 0, 'QuestionKeyword_signal_this_battle': 0, 'QuestionKeyword_signal_this_composer': 1, 'QuestionKeyword_signal_this_painting': 0, 'GuessQuality_proper_noun': 1, 'GuessQuality_single_word': 0, 'GuessQuality_has_title_case': 0, 'AnswerType_expects_person': 1, 'AnswerType_expects_work': 0, 'AnswerType_expects_place': 0, 'final': np.True_}"
True,11,1,12,Otello (opera),0.00,"{'Gpr_confidence': -0.17859566826200002, 'Length_char': 242, 'Length_word': 40, 'Length_guess': 14, 'Length_ten_points': 0, 'Frequency_guess': 1.6094379124341003, 'GuessFormat_has_parentheses': 1, 'GuessFormat_has_quotes': 0, 'GuessFormat_word_count': 2, 'GuessFormat_has_numbers': 0, 'RunPosition_position_ratio': 0.5377777777777778, 'RunPosition_early_question': 0, 'RunPosition_late_question': 0, 'QuestionKeyword_signal_for_ten_points': 0, 'QuestionKeyword_signal_name_this': 0, 'QuestionKeyword_signal_identify_this': 0, 'QuestionKeyword_signal_what_is': 0, 'QuestionKeyword_signal_who_is': 0, 'QuestionKeyword_signal_this_author': 0, 'QuestionKeyword_signal_this_work': 0, 'QuestionKeyword_signal_this_character': 0, 'QuestionKeyword_signal_this_person': 0, 'QuestionKeyword_signal_this_country': 0, 'QuestionKeyword_signal_this_battle': 0, 'QuestionKeyword_signal_this_composer': 1, 'QuestionKeyword_signal_this_painting': 0, 'GuessQuality_proper_noun': 1, 'GuessQuality_single_word': 0, 'GuessQuality_has_title_case': 0, 'AnswerType_expects_person': 1, 'AnswerType_expects_work': 0, 'AnswerType_expects_place': 0, 'final': np.True_}"
True,11,1,18,Otello (opera),0.00,"{'Gpr_confidence': -0.23662637550500001, 'Length_char': 272, 'Length_word': 46, 'Length_guess': 14, 'Length_ten_points': 0, 'Frequency_guess': 1.6094379124341003, 'GuessFormat_has_parentheses': 1, 'GuessFormat_has_quotes': 0, 'GuessFormat_word_count': 2, 'GuessFormat_has_numbers': 0, 'RunPosition_position_ratio': 0.6044444444444445, 'RunPosition_early_question': 0, 'RunPosition_late_question': 0, 'QuestionKeyword_signal_for_ten_points': 0, 'QuestionKeyword_signal_name_this': 0, 'QuestionKeyword_signal_identify_this': 0, 'QuestionKeyword_signal_what_is': 0, 'QuestionKeyword_signal_who_is': 0, 'QuestionKeyword_signal_this_author': 0, 'QuestionKeyword_signal_this_work': 0, 'QuestionKeyword_signal_this_character': 0, 'QuestionKeyword_signal_this_person': 0, 'QuestionKeyword_signal_this_country': 0, 'QuestionKeyword_signal_this_battle': 0, 'QuestionKeyword_signal_this_composer': 1, 'QuestionKeyword_signal_this_painting': 0, 'GuessQuality_proper_noun': 1, 'GuessQuality_single_word': 0, 'GuessQuality_has_title_case': 0, 'AnswerType_expects_person': 1, 'AnswerType_expects_work': 0, 'AnswerType_expects_place': 0, 'final': np.True_}"
True,11,1,22,Otello (opera),0.00,"{'Gpr_confidence': -0.19832942025800002, 'Length_char': 307, 'Length_word': 50, 'Length_guess': 14, 'Length_ten_points': 0, 'Frequency_guess': 1.6094379124341003, 'GuessFormat_has_parentheses': 1, 'GuessFormat_has_quotes': 0, 'GuessFormat_word_count': 2, 'GuessFormat_has_numbers': 0, 'RunPosition_position_ratio': 0.6822222222222222, 'RunPosition_early_question': 0, 'RunPosition_late_question': 0, 'QuestionKeyword_signal_for_ten_points': 0, 'QuestionKeyword_signal_name_this': 0, 'QuestionKeyword_signal_identify_this': 0, 'QuestionKeyword_signal_what_is': 0, 'QuestionKeyword_signal_who_is': 0, 'QuestionKeyword_signal_this_author': 0, 'QuestionKeyword_signal_this_work': 0, 'QuestionKeyword_signal_this_character': 0, 'QuestionKeyword_signal_this_person': 0, 'QuestionKeyword_signal_this_country': 0, 'QuestionKeyword_signal_this_battle': 0, 'QuestionKeyword_signal_this_composer': 1, 'QuestionKeyword_signal_this_painting': 0, 'GuessQuality_proper_noun': 1, 'GuessQuality_single_word': 0, 'GuessQuality_has_title_case': 0, 'AnswerType_expects_person': 1, 'AnswerType_expects_work': 0, 'AnswerType_expects_place': 0, 'final': np.True_}"
True,11,1,29,Otello (Verdi),0.00,"{'Gpr_confidence': -0.26034610502666666, 'Length_char': 347, 'Length_word': 57, 'Length_guess': 14, 'Length_ten_points': 0, 'Frequency_guess': 1.6094379124341003, 'GuessFormat_has_parentheses': 1, 'GuessFormat_has_quotes': 0, 'GuessFormat_word_count': 2, 'GuessFormat_has_numbers': 0, 'RunPosition_position_ratio': 0.7711111111111111, 'RunPosition_early_question': 0, 'RunPosition_late_question': 1, 'QuestionKeyword_signal_for_ten_points': 0, 'QuestionKeyword_signal_name_this': 0, 'QuestionKeyword_signal_identify_this': 0, 'QuestionKeyword_signal_what_is': 0, 'QuestionKeyword_signal_who_is': 0, 'QuestionKeyword_signal_this_author': 0, 'QuestionKeyword_signal_this_work': 0, 'QuestionKeyword_signal_this_character': 0, 'QuestionKeyword_signal_this_person': 0, 'QuestionKeyword_signal_this_country': 0, 'QuestionKeyword_signal_this_battle': 0, 'QuestionKeyword_signal_this_composer': 1, 'QuestionKeyword_signal_this_painting': 0, 'GuessQuality_proper_noun': 1, 'GuessQuality_single_word': 0, 'GuessQuality_has_title_case': 0, 'AnswerType_expects_person': 1, 'AnswerType_expects_work': 0, 'AnswerType_expects_place': 0, 'final': np.True_}"
True,11,1,34,Otello (Verdi),0.00,"{'Gpr_confidence': -0.19126505947516667, 'Length_char': 378, 'Length_word': 62, 'Length_guess': 14, 'Length_ten_points': 0, 'Frequency_guess': 1.6094379124341003, 'GuessFormat_has_parentheses': 1, 'GuessFormat_has_quotes': 0, 'GuessFormat_word_count': 2, 'GuessFormat_has_numbers': 0, 'RunPosition_position_ratio': 0.84, 'RunPosition_early_question': 0, 'RunPosition_late_question': 1, 'QuestionKeyword_signal_for_ten_points': 0, 'QuestionKeyword_signal_name_this': 0, 'QuestionKeyword_signal_identify_this': 0, 'QuestionKeyword_signal_what_is': 0, 'QuestionKeyword_signal_who_is': 0, 'QuestionKeyword_signal_this_author': 0, 'QuestionKeyword_signal_this_work': 0, 'QuestionKeyword_signal_this_character': 0, 'QuestionKeyword_signal_this_person': 0, 'QuestionKeyword_signal_this_country': 0, 'QuestionKeyword_signal_this_battle': 0, 'QuestionKeyword_signal_this_composer': 1, 'QuestionKeyword_signal_this_painting': 0, 'GuessQuality_proper_noun': 1, 'GuessQuality_single_word': 0, 'GuessQuality_has_title_case': 0, 'AnswerType_expects_person': 1, 'AnswerType_expects_work': 1, 'AnswerType_expects_place': 0, 'final': np.True_}"
True,11,1,39,Otello (Verdi),0.00,"{'Gpr_confidence': -0.19413837478433335, 'Length_char': 407, 'Length_word': 67, 'Length_guess': 14, 'Length_ten_points': 0, 'Frequency_guess': 1.6094379124341003, 'GuessFormat_has_parentheses': 1, 'GuessFormat_has_quotes': 0, 'GuessFormat_word_count': 2, 'GuessFormat_has_numbers': 0, 'RunPosition_position_ratio': 0.9044444444444445, 'RunPosition_early_question': 0, 'RunPosition_late_question': 1, 'QuestionKeyword_signal_for_ten_points': 0, 'QuestionKeyword_signal_name_this': 0, 'QuestionKeyword_signal_identify_this': 0, 'QuestionKeyword_signal_what_is': 0, 'QuestionKeyword_signal_who_is': 0, 'QuestionKeyword_signal_this_author': 0, 'QuestionKeyword_signal_this_work': 0, 'QuestionKeyword_signal_this_character': 0, 'QuestionKeyword_signal_this_person': 0, 'QuestionKeyword_signal_this_country': 0, 'QuestionKeyword_signal_this_battle': 0, 'QuestionKeyword_signal_this_composer': 1, 'QuestionKeyword_signal_this_painting': 0, 'GuessQuality_proper_noun': 1, 'GuessQuality_single_word': 0, 'GuessQuality_has_title_case': 0, 'AnswerType_expects_person': 1, 'AnswerType_expects_work': 1, 'AnswerType_expects_place': 0, 'final': np.True_}"
True,11,2,8,Otello (Verdi),0.00,"{'Gpr_confidence': -0.4194807569953333, 'Length_char': 448, 'Length_word': 75, 'Length_guess': 14, 'Length_ten_points': 0, 'Frequency_guess': 1.6094379124341003, 'GuessFormat_has_parentheses': 1, 'GuessFormat_has_quotes': 0, 'GuessFormat_word_count': 2, 'GuessFormat_has_numbers': 0, 'RunPosition_position_ratio': 0.9955555555555555, 'RunPosition_early_question': 0, 'RunPosition_late_question': 1, 'QuestionKeyword_signal_for_ten_points': 0, 'QuestionKeyword_signal_name_this': 0, 'QuestionKeyword_signal_identify_this': 0, 'QuestionKeyword_signal_what_is': 0, 'QuestionKeyword_signal_who_is': 0, 'QuestionKeyword_signal_this_author': 0, 'QuestionKeyword_signal_this_work': 0, 'QuestionKeyword_signal_this_character': 0, 'QuestionKeyword_signal_this_person': 0, 'QuestionKeyword_signal_this_country': 0, 'QuestionKeyword_signal_this_battle': 0, 'QuestionKeyword_signal_this_composer': 1, 'QuestionKeyword_signal_this_painting': 0, 'GuessQuality_proper_noun': 1, 'GuessQuality_single_word': 0, 'GuessQuality_has_title_case': 0, 'AnswerType_expects_person': 1, 'AnswerType_expects_work': 1, 'AnswerType_expects_place': 0, 'final': np.True_}"
True,11,2,13,Gaetano Donizetti,0.00,"{'Gpr_confidence': -0.18696789289083335, 'Length_char': 480, 'Length_word': 80, 'Length_guess': 17, 'Length_ten_points': 0, 'Frequency_guess': 2.9444389791664403, 'GuessFormat_has_parentheses': 0, 'GuessFormat_has_quotes': 0, 'GuessFormat_word_count': 2, 'GuessFormat_has_numbers': 0, 'RunPosition_position_ratio': 1.0666666666666667, 'RunPosition_early_question': 0, 'RunPosition_late_question': 1, 'QuestionKeyword_signal_for_ten_points': 0, 'QuestionKeyword_signal_name_this': 0, 'QuestionKeyword_signal_identify_this': 0, 'QuestionKeyword_signal_what_is': 0, 'QuestionKeyword_signal_who_is': 0, 'QuestionKeyword_signal_this_author': 0, 'QuestionKeyword_signal_this_work': 0, 'QuestionKeyword_signal_this_character': 0, 'QuestionKeyword_signal_this_person': 0, 'QuestionKeyword_signal_this_country': 0, 'QuestionKeyword_signal_this_battle': 0, 'QuestionKeyword_signal_this_composer': 1, 'QuestionKeyword_signal_this_painting': 0, 'GuessQuality_proper_noun': 1, 'GuessQuality_single_word': 0, 'GuessQuality_has_title_case': 1, 'AnswerType_expects_person': 1, 'AnswerType_expects_work': 1, 'AnswerType_expects_place': 0, 'final': np.True_}"
True,11,2,20,Giuseppe Verdi,0.00,"{'Gpr_confidence': -0.00072790140625, 'Length_char': 517, 'Length_word': 87, 'Length_guess': 14, 'Length_ten_points': 0, 'Frequency_guess': 3.6375861597263857, 'GuessFormat_has_parentheses': 0, 'GuessFormat_has_quotes': 0, 'GuessFormat_word_count': 2, 'GuessFormat_has_numbers': 0, 'RunPosition_position_ratio': 1.1488888888888888, 'RunPosition_early_question': 0, 'RunPosition_late_question': 1, 'QuestionKeyword_signal_for_ten_points': 0, 'QuestionKeyword_signal_name_this': 0, 'QuestionKeyword_signal_identify_this': 0, 'QuestionKeyword_signal_what_is': 0, 'QuestionKeyword_signal_who_is': 0, 'QuestionKeyword_signal_this_author': 0, 'QuestionKeyword_signal_this_work': 0, 'QuestionKeyword_signal_this_character': 0, 'QuestionKeyword_signal_this_person': 0, 'QuestionKeyword_signal_this_country': 0, 'QuestionKeyword_signal_this_battle': 0, 'QuestionKeyword_signal_this_composer': 1, 'QuestionKeyword_signal_this_painting': 0, 'GuessQuality_proper_noun': 1, 'GuessQuality_single_word': 0, 'GuessQuality_has_title_case': 1, 'AnswerType_expects_person': 1, 'AnswerType_expects_work': 1, 'AnswerType_expects_place': 0, 'final': np.True_}"
True,11,2,23,Giuseppe Verdi,0.00,"{'Gpr_confidence': -0.00064433457725, 'Length_char': 534, 'Length_word': 90, 'Length_guess': 14, 'Length_ten_points': 0, 'Frequency_guess': 3.6375861597263857, 'GuessFormat_has_parentheses': 0, 'GuessFormat_has_quotes': 0, 'GuessFormat_word_count': 2, 'GuessFormat_has_numbers': 0, 'RunPosition_position_ratio': 1.1866666666666668, 'RunPosition_early_question': 0, 'RunPosition_late_question': 1, 'QuestionKeyword_signal_for_ten_points': 0, 'QuestionKeyword_signal_name_this': 0, 'QuestionKeyword_signal_identify_this': 0, 'QuestionKeyword_signal_what_is': 0, 'QuestionKeyword_signal_who_is': 0, 'QuestionKeyword_signal_this_author': 0, 'QuestionKeyword_signal_this_work': 0, 'QuestionKeyword_signal_this_character': 0, 'QuestionKeyword_signal_this_person': 0, 'QuestionKeyword_signal_this_country': 0, 'QuestionKeyword_signal_this_battle': 0, 'QuestionKeyword_signal_this_composer': 1, 'QuestionKeyword_signal_this_painting': 0, 'GuessQuality_proper_noun': 1, 'GuessQuality_single_word': 0, 'GuessQuality_has_title_case': 1, 'AnswerType_expects_person': 1, 'AnswerType_expects_work': 1, 'AnswerType_expects_place': 0, 'final': np.True_}"
True,11,3,7,Giuseppe Verdi,0.00,"{'Gpr_confidence': -0.00187649155, 'Length_char': 575, 'Length_word': 97, 'Length_guess': 14, 'Length_ten_points': 0, 'Frequency_guess': 3.6375861597263857, 'GuessFormat_has_parentheses': 0, 'GuessFormat_has_quotes': 0, 'GuessFormat_word_count': 2, 'GuessFormat_has_numbers': 0, 'RunPosition_position_ratio': 1.2777777777777777, 'RunPosition_early_question': 0, 'RunPosition_late_question': 1, 'QuestionKeyword_signal_for_ten_points': 0, 'QuestionKeyword_signal_name_this': 0, 'QuestionKeyword_signal_identify_this': 0, 'QuestionKeyword_signal_what_is': 0, 'QuestionKeyword_signal_who_is': 0, 'QuestionKeyword_signal_this_author': 0, 'QuestionKeyword_signal_this_work': 0, 'QuestionKeyword_signal_this_character': 0, 'QuestionKeyword_signal_this_person': 0, 'QuestionKeyword_signal_this_country': 0, 'QuestionKeyword_signal_this_battle': 0, 'QuestionKeyword_signal_this_composer': 1, 'QuestionKeyword_signal_this_painting': 0, 'GuessQuality_proper_noun': 1, 'GuessQuality_single_word': 0, 'GuessQuality_has_title_case': 1, 'AnswerType_expects_person': 1, 'AnswerType_expects_work': 1, 'AnswerType_expects_place': 0, 'final': np.True_}"
True,11,3,13,Giuseppe Verdi,0.00,"{'Gpr_confidence': -0.00217640182, 'Length_char': 609, 'Length_word': 103, 'Length_guess': 14, 'Length_ten_points': 0, 'Frequency_guess': 3.6375861597263857, 'GuessFormat_has_parentheses': 0, 'GuessFormat_has_quotes': 0, 'GuessFormat_word_count': 2, 'GuessFormat_has_numbers': 0, 'RunPosition_position_ratio': 1.3533333333333333, 'RunPosition_early_question': 0, 'RunPosition_late_question': 1, 'QuestionKeyword_signal_for_ten_points': 0, 'QuestionKeyword_signal_name_this': 0, 'QuestionKeyword_signal_identify_this': 0, 'QuestionKeyword_signal_what_is': 0, 'QuestionKeyword_signal_who_is': 0, 'QuestionKeyword_signal_this_author': 0, 'QuestionKeyword_signal_this_work': 0, 'QuestionKeyword_signal_this_character': 0, 'QuestionKeyword_signal_this_person': 0, 'QuestionKeyword_signal_this_country': 0, 'QuestionKeyword_signal_this_battle': 0, 'QuestionKeyword_signal_this_composer': 1, 'QuestionKeyword_signal_this_painting': 0, 'GuessQuality_proper_noun': 1, 'GuessQuality_single_word': 0, 'GuessQuality_has_title_case': 1, 'AnswerType_expects_person': 1, 'AnswerType_expects_work': 1, 'AnswerType_expects_place': 0, 'final': np.True_}"
True,11,3,19,Giuseppe Verdi,0.00,"{'Gpr_confidence': -0.00176567291875, 'Length_char': 644, 'Length_word': 109, 'Length_guess': 14, 'Length_ten_points': 0, 'Frequency_guess': 3.6375861597263857, 'GuessFormat_has_parentheses': 0, 'GuessFormat_has_quotes': 0, 'GuessFormat_word_count': 2, 'GuessFormat_has_numbers': 0, 'RunPosition_position_ratio': 1.431111111111111, 'RunPosition_early_question': 0, 'RunPosition_late_question': 1, 'QuestionKeyword_signal_for_ten_points': 0, 'QuestionKeyword_signal_name_this': 0, 'QuestionKeyword_signal_identify_this': 0, 'QuestionKeyword_signal_what_is': 0, 'QuestionKeyword_signal_who_is': 0, 'QuestionKeyword_signal_this_author': 0, 'QuestionKeyword_signal_this_work': 0, 'QuestionKeyword_signal_this_character': 0, 'QuestionKeyword_signal_this_person': 0, 'QuestionKeyword_signal_this_country': 0, 'QuestionKeyword_signal_this_battle': 0, 'QuestionKeyword_signal_this_composer': 1, 'QuestionKeyword_signal_this_painting': 0, 'GuessQuality_proper_noun': 1, 'GuessQuality_single_word': 0, 'GuessQuality_has_title_case': 1, 'AnswerType_expects_person': 1, 'AnswerType_expects_work': 1, 'AnswerType_expects_place': 0, 'final': np.True_}"
True,11,3,22,Giuseppe Verdi,0.00,"{'Gpr_confidence': -0.001420491707, 'Length_char': 666, 'Length_word': 112, 'Length_guess': 14, 'Length_ten_points': 0, 'Frequency_guess': 3.6375861597263857, 'GuessFormat_has_parentheses': 0, 'GuessFormat_has_quotes': 0, 'GuessFormat_word_count': 2, 'GuessFormat_has_numbers': 0, 'RunPosition_position_ratio': 1.48, 'RunPosition_early_question': 0, 'RunPosition_late_question': 1, 'QuestionKeyword_signal_for_ten_points': 0, 'QuestionKeyword_signal_name_this': 0, 'QuestionKeyword_signal_identify_this': 0, 'QuestionKeyword_signal_what_is': 0, 'QuestionKeyword_signal_who_is': 0, 'QuestionKeyword_signal_this_author': 0, 'QuestionKeyword_signal_this_work': 0, 'QuestionKeyword_signal_this_character': 0, 'QuestionKeyword_signal_this_person': 0, 'QuestionKeyword_signal_this_country': 0, 'QuestionKeyword_signal_this_battle': 0, 'QuestionKeyword_signal_this_composer': 1, 'QuestionKeyword_signal_this_painting': 0, 'GuessQuality_proper_noun': 1, 'GuessQuality_single_word': 0, 'GuessQuality_has_title_case': 1, 'AnswerType_expects_person': 1, 'AnswerType_expects_work': 1, 'AnswerType_expects_place': 0, 'final': np.True_}"
True,11,4,7,Giuseppe Verdi,0.00,"{'Gpr_confidence': -0.00033064453575, 'Length_char': 709, 'Length_word': 119, 'Length_guess': 14, 'Length_ten_points': 0, 'Frequency_guess': 3.6375861597263857, 'GuessFormat_has_parentheses': 0, 'GuessFormat_has_quotes': 0, 'GuessFormat_word_count': 2, 'GuessFormat_has_numbers': 0, 'RunPosition_position_ratio': 1.5755555555555556, 'RunPosition_early_question': 0, 'RunPosition_late_question': 1, 'QuestionKeyword_signal_for_ten_points': 0, 'QuestionKeyword_signal_name_this': 1, 'QuestionKeyword_signal_identify_this': 0, 'QuestionKeyword_signal_what_is': 0, 'QuestionKeyword_signal_who_is': 0, 'QuestionKeyword_signal_this_author': 0, 'QuestionKeyword_signal_this_work': 0, 'QuestionKeyword_signal_this_character': 0, 'QuestionKeyword_signal_this_person': 0, 'QuestionKeyword_signal_this_country': 0, 'QuestionKeyword_signal_this_battle': 0, 'QuestionKeyword_signal_this_composer': 1, 'QuestionKeyword_signal_this_painting': 0, 'GuessQuality_proper_noun': 1, 'GuessQuality_single_word': 0, 'GuessQuality_has_title_case': 1, 'AnswerType_expects_person': 1, 'AnswerType_expects_work': 1, 'AnswerType_expects_place': 0, 'final': np.True_}"
True,11,4,12,Giuseppe Verdi,0.00,"{'Gpr_confidence': -0.00060491622425, 'Length_char': 736, 'Length_word': 124, 'Length_guess': 14, 'Length_ten_points': 0, 'Frequency_guess': 3.6375861597263857, 'GuessFormat_has_parentheses': 0, 'GuessFormat_has_quotes': 0, 'GuessFormat_word_count': 2, 'GuessFormat_has_numbers': 0, 'RunPosition_position_ratio': 1.6355555555555557, 'RunPosition_early_question': 0, 'RunPosition_late_question': 1, 'QuestionKeyword_signal_for_ten_points': 0, 'QuestionKeyword_signal_name_this': 1, 'QuestionKeyword_signal_identify_this': 0, 'QuestionKeyword_signal_what_is': 0, 'QuestionKeyword_signal_who_is': 0, 'QuestionKeyword_signal_this_author': 0, 'QuestionKeyword_signal_this_work': 0, 'QuestionKeyword_signal_this_character': 0, 'QuestionKeyword_signal_this_person': 0, 'QuestionKeyword_signal_this_country': 0, 'QuestionKeyword_signal_this_battle': 0, 'QuestionKeyword_signal_this_composer': 1, 'QuestionKeyword_signal_this_painting': 0, 'GuessQuality_proper_noun': 1, 'GuessQuality_single_word': 0, 'GuessQuality_has_title_case': 1, 'AnswerType_expects_person': 1, 'AnswerType_expects_work': 1, 'AnswerType_expects_place': 0, 'final': np.True_}"
True,11,4,12,Giuseppe Verdi,0.00,"{'Gpr_confidence': -0.00060491622425, 'Length_char': 736, 'Length_word': 124, 'Length_guess': 14, 'Length_ten_points': 0, 'Frequency_guess': 3.6375861597263857, 'GuessFormat_has_parentheses': 0, 'GuessFormat_has_quotes': 0, 'GuessFormat_word_count': 2, 'GuessFormat_has_numbers': 0, 'RunPosition_position_ratio': 1.6355555555555557, 'RunPosition_early_question': 0, 'RunPosition_late_question': 1, 'QuestionKeyword_signal_for_ten_points': 0, 'QuestionKeyword_signal_name_this': 1, 'QuestionKeyword_signal_identify_this': 0, 'QuestionKeyword_signal_what_is': 0, 'QuestionKeyword_signal_who_is': 0, 'QuestionKeyword_signal_this_author': 0, 'QuestionKeyword_signal_this_work': 0, 'QuestionKeyword_signal_this_character': 0, 'QuestionKeyword_signal_this_person': 0, 'QuestionKeyword_signal_this_country': 0, 'QuestionKeyword_signal_this_battle': 0, 'QuestionKeyword_signal_this_composer': 1, 'QuestionKeyword_signal_this_painting': 0, 'GuessQuality_proper_noun': 1, 'GuessQuality_single_word': 0, 'GuessQuality_has_title_case': 1, 'AnswerType_expects_person': 1, 'AnswerType_expects_work': 1, 'AnswerType_expects_place': 0, 'final': np.True_}"
True,12,0,7,Walt Whitman,0.00,"{'Gpr_confidence': -0.24484549235225, 'Length_char': 35, 'Length_word': 7, 'Length_guess': 12, 'Length_ten_points': 0, 'Frequency_guess': 3.9889840465642745, 'GuessFormat_has_parentheses': 0, 'GuessFormat_has_quotes': 0, 'GuessFormat_word_count': 2, 'GuessFormat_has_numbers': 0, 'RunPosition_position_ratio': 0.07777777777777778, 'RunPosition_early_question': 1, 'RunPosition_late_question': 0, 'QuestionKeyword_signal_for_ten_points': 0, 'QuestionKeyword_signal_name_this': 0, 'QuestionKeyword_signal_identify_this': 0, 'QuestionKeyword_signal_what_is': 0, 'QuestionKeyword_signal_who_is': 0, 'QuestionKeyword_signal_this_author': 0, 'QuestionKeyword_signal_this_work': 0, 'QuestionKeyword_signal_this_character': 0, 'QuestionKeyword_signal_this_person': 0, 'QuestionKeyword_signal_this_country': 0, 'QuestionKeyword_signal_this_battle': 0, 'QuestionKeyword_signal_this_composer': 0, 'QuestionKeyword_signal_this_painting': 0, 'GuessQuality_proper_noun': 1, 'GuessQuality_single_word': 0, 'GuessQuality_has_title_case': 1, 'AnswerType_expects_person': 1, 'AnswerType_expects_work': 0, 'AnswerType_expects_place': 0, 'final': np.True_}"
False,12,0,13,Old English poetry,0.00,"{'Gpr_confidence': -0.24704302466666664, 'Length_char': 72, 'Length_word': 13, 'Length_guess': 18, 'Length_ten_points': 0, 'Frequency_guess': 0.0, 'GuessFormat_has_parentheses': 0, 'GuessFormat_has_quotes': 0, 'GuessFormat_word_count': 3, 'GuessFormat_has_numbers': 0, 'RunPosition_position_ratio': 0.16, 'RunPosition_early_question': 1, 'RunPosition_late_question': 0, 'QuestionKeyword_signal_for_ten_points': 0, 'QuestionKeyword_signal_name_this': 0, 'QuestionKeyword_signal_identify_this': 0, 'QuestionKeyword_signal_what_is': 0, 'QuestionKeyword_signal_who_is': 0, 'QuestionKeyword_signal_this_author': 0, 'QuestionKeyword_signal_this_work': 0, 'QuestionKeyword_signal_this_character': 0, 'QuestionKeyword_signal_this_person': 0, 'QuestionKeyword_signal_this_country': 0, 'QuestionKeyword_signal_this_battle': 0, 'QuestionKeyword_signal_this_composer': 0, 'QuestionKeyword_signal_this_painting': 0, 'GuessQuality_proper_noun': 1, 'GuessQuality_single_word': 0, 'GuessQuality_has_title_case': 0, 'AnswerType_expects_person': 1, 'AnswerType_expects_work': 0, 'AnswerType_expects_place': 0, 'final': np.False_}"
False,12,0,21,Kobayashi Issa,0.00,"{'Gpr_confidence': -0.5537539276482667, 'Length_char': 111, 'Length_word': 21, 'Length_guess': 14, 'Length_ten_points': 0, 'Frequency_guess': 0.0, 'GuessFormat_has_parentheses': 0, 'GuessFormat_has_quotes': 0, 'GuessFormat_word_count': 2, 'GuessFormat_has_numbers': 0, 'RunPosition_position_ratio': 0.24666666666666667, 'RunPosition_early_question': 1, 'RunPosition_late_question': 0, 'QuestionKeyword_signal_for_ten_points': 0, 'QuestionKeyword_signal_name_this': 0, 'QuestionKeyword_signal_identify_this': 0, 'QuestionKeyword_signal_what_is': 0, 'QuestionKeyword_signal_who_is': 0, 'QuestionKeyword_signal_this_author': 0, 'QuestionKeyword_signal_this_work': 0, 'QuestionKeyword_signal_this_character': 0, 'QuestionKeyword_signal_this_person': 0, 'QuestionKeyword_signal_this_country': 0, 'QuestionKeyword_signal_this_battle': 0, 'QuestionKeyword_signal_this_composer': 0, 'QuestionKeyword_signal_this_painting': 0, 'GuessQuality_proper_noun': 1, 'GuessQuality_single_word': 0, 'GuessQuality_has_title_case': 1, 'AnswerType_expects_person': 1, 'AnswerType_expects_work': 0, 'AnswerType_expects_place': 0, 'final': np.False_}"
False,12,0,26,Pen name,0.00,"{'Gpr_confidence': -0.99760165, 'Length_char': 145, 'Length_word': 26, 'Length_guess': 8, 'Length_ten_points': 0, 'Frequency_guess': 0.0, 'GuessFormat_has_parentheses': 0, 'GuessFormat_has_quotes': 0, 'GuessFormat_word_count': 2, 'GuessFormat_has_numbers': 0, 'RunPosition_position_ratio': 0.32222222222222224, 'RunPosition_early_question': 0, 'RunPosition_late_question': 0, 'QuestionKeyword_signal_for_ten_points': 0, 'QuestionKeyword_signal_name_this': 0, 'QuestionKeyword_signal_identify_this': 0, 'QuestionKeyword_signal_what_is': 0, 'QuestionKeyword_signal_who_is': 0, 'QuestionKeyword_signal_this_author': 0, 'QuestionKeyword_signal_this_work': 0, 'QuestionKeyword_signal_this_character': 0, 'QuestionKeyword_signal_this_person': 0, 'QuestionKeyword_signal_this_country': 0, 'QuestionKeyword_signal_this_battle': 0, 'QuestionKeyword_signal_this_composer': 0, 'QuestionKeyword_signal_this_painting': 0, 'GuessQuality_proper_noun': 1, 'GuessQuality_single_word': 0, 'GuessQuality_has_title_case': 0, 'AnswerType_expects_person': 1, 'AnswerType_expects_work': 0, 'AnswerType_expects_place': 0, 'final': np.False_}"
True,12,1,6,Matsuo Bashō,0.00,"{'Gpr_confidence': -0.3397648941, 'Length_char': 183, 'Length_word': 32, 'Length_guess': 12, 'Length_ten_points': 0, 'Frequency_guess': 2.833213344056216, 'GuessFormat_has_parentheses': 0, 'GuessFormat_has_quotes': 0, 'GuessFormat_word_count': 2, 'GuessFormat_has_numbers': 0, 'RunPosition_position_ratio': 0.4066666666666667, 'RunPosition_early_question': 0, 'RunPosition_late_question': 0, 'QuestionKeyword_signal_for_ten_points': 0, 'QuestionKeyword_signal_name_this': 0, 'QuestionKeyword_signal_identify_this': 0, 'QuestionKeyword_signal_what_is': 0, 'QuestionKeyword_signal_who_is': 0, 'QuestionKeyword_signal_this_author': 0, 'QuestionKeyword_signal_this_work': 0, 'QuestionKeyword_signal_this_character': 0, 'QuestionKeyword_signal_this_person': 0, 'QuestionKeyword_signal_this_country': 0, 'QuestionKeyword_signal_this_battle': 0, 'QuestionKeyword_signal_this_composer': 0, 'QuestionKeyword_signal_this_painting': 0, 'GuessQuality_proper_noun': 1, 'GuessQuality_single_word': 0, 'GuessQuality_has_title_case': 1, 'AnswerType_expects_person': 1, 'AnswerType_expects_work': 0, 'AnswerType_expects_place': 1, 'final': np.True_}"
True,12,1,12,Rabindranath Tagore,0.00,"{'Gpr_confidence': -0.2892569616428572, 'Length_char': 218, 'Length_word': 38, 'Length_guess': 19, 'Length_ten_points': 0, 'Frequency_guess': 3.7376696182833684, 'GuessFormat_has_parentheses': 0, 'GuessFormat_has_quotes': 0, 'GuessFormat_word_count': 2, 'GuessFormat_has_numbers': 0, 'RunPosition_position_ratio': 0.48444444444444446, 'RunPosition_early_question': 0, 'RunPosition_late_question': 0, 'QuestionKeyword_signal_for_ten_points': 0, 'QuestionKeyword_signal_name_this': 0, 'QuestionKeyword_signal_identify_this': 0, 'QuestionKeyword_signal_what_is': 0, 'QuestionKeyword_signal_who_is': 0, 'QuestionKeyword_signal_this_author': 0, 'QuestionKeyword_signal_this_work': 0, 'QuestionKeyword_signal_this_character': 0, 'QuestionKeyword_signal_this_person': 0, 'QuestionKeyword_signal_this_country': 0, 'QuestionKeyword_signal_this_battle': 0, 'QuestionKeyword_signal_this_composer': 0, 'QuestionKeyword_signal_this_painting': 0, 'GuessQuality_proper_noun': 1, 'GuessQuality_single_word': 0, 'GuessQuality_has_title_case': 1, 'AnswerType_expects_person': 1, 'AnswerType_expects_work': 0, 'AnswerType_expects_place': 1, 'final': np.True_}"
False,12,1,20,Bengali poetry,0.00,"{'Gpr_confidence': -0.3880130248, 'Length_char': 253, 'Length_word': 46, 'Length_guess': 14, 'Length_ten_points': 0, 'Frequency_guess': 0.0, 'GuessFormat_has_parentheses': 0, 'GuessFormat_has_quotes': 0, 'GuessFormat_word_count': 2, 'GuessFormat_has_numbers': 0, 'RunPosition_position_ratio': 0.5622222222222222, 'RunPosition_early_question': 0, 'RunPosition_late_question': 0, 'QuestionKeyword_signal_for_ten_points': 0, 'QuestionKeyword_signal_name_this': 0, 'QuestionKeyword_signal_identify_this': 0, 'QuestionKeyword_signal_what_is': 0, 'QuestionKeyword_signal_who_is': 0, 'QuestionKeyword_signal_this_author': 0, 'QuestionKeyword_signal_this_work': 0, 'QuestionKeyword_signal_this_character': 0, 'QuestionKeyword_signal_this_person': 0, 'QuestionKeyword_signal_this_country': 0, 'QuestionKeyword_signal_this_battle': 0, 'QuestionKeyword_signal_this_composer': 0, 'QuestionKeyword_signal_this_painting': 0, 'GuessQuality_proper_noun': 1, 'GuessQuality_single_word': 0, 'GuessQuality_has_title_case': 0, 'AnswerType_expects_person': 1, 'AnswerType_expects_work': 1, 'AnswerType_expects_place': 1, 'final': np.False_}"
False,12,1,22,Japanese poetry,0.00,"{'Gpr_confidence': -0.20731833500000002, 'Length_char': 262, 'Length_word': 48, 'Length_guess': 15, 'Length_ten_points': 0, 'Frequency_guess': 0.0, 'GuessFormat_has_parentheses': 0, 'GuessFormat_has_quotes': 0, 'GuessFormat_word_count': 2, 'GuessFormat_has_numbers': 0, 'RunPosition_position_ratio': 0.5822222222222222, 'RunPosition_early_question': 0, 'RunPosition_late_question': 0, 'QuestionKeyword_signal_for_ten_points': 0, 'QuestionKeyword_signal_name_this': 0, 'QuestionKeyword_signal_identify_this': 0, 'QuestionKeyword_signal_what_is': 0, 'QuestionKeyword_signal_who_is': 0, 'QuestionKeyword_signal_this_author': 0, 'QuestionKeyword_signal_this_work': 0, 'QuestionKeyword_signal_this_character': 0, 'QuestionKeyword_signal_this_person': 0, 'QuestionKeyword_signal_this_country': 0, 'QuestionKeyword_signal_this_battle': 0, 'QuestionKeyword_signal_this_composer': 0, 'QuestionKeyword_signal_this_painting': 0, 'GuessQuality_proper_noun': 1, 'GuessQuality_single_word': 0, 'GuessQuality_has_title_case': 0, 'AnswerType_expects_person': 1, 'AnswerType_expects_work': 1, 'AnswerType_expects_place': 1, 'final': np.False_}"
False,12,2,6,Japanese poetry,0.00,"{'Gpr_confidence': -0.300252665, 'Length_char': 303, 'Length_word': 54, 'Length_guess': 15, 'Length_ten_points': 0, 'Frequency_guess': 0.0, 'GuessFormat_has_parentheses': 0, 'GuessFormat_has_quotes': 0, 'GuessFormat_word_count': 2, 'GuessFormat_has_numbers': 0, 'RunPosition_position_ratio': 0.6733333333333333, 'RunPosition_early_question': 0, 'RunPosition_late_question': 0, 'QuestionKeyword_signal_for_ten_points': 0, 'QuestionKeyword_signal_name_this': 0, 'QuestionKeyword_signal_identify_this': 0, 'QuestionKeyword_signal_what_is': 0, 'QuestionKeyword_signal_who_is': 0, 'QuestionKeyword_signal_this_author': 0, 'QuestionKeyword_signal_this_work': 0, 'QuestionKeyword_signal_this_character': 0, 'QuestionKeyword_signal_this_person': 0, 'QuestionKeyword_signal_this_country': 0, 'QuestionKeyword_signal_this_battle': 0, 'QuestionKeyword_signal_this_composer': 0, 'QuestionKeyword_signal_this_painting': 0, 'GuessQuality_proper_noun': 1, 'GuessQuality_single_word': 0, 'GuessQuality_has_title_case': 0, 'AnswerType_expects_person': 1, 'AnswerType_expects_work': 1, 'AnswerType_expects_place': 1, 'final': np.False_}"
False,12,2,12,Haiku in English,0.00,"{'Gpr_confidence': -0.22732363425, 'Length_char': 335, 'Length_word': 60, 'Length_guess': 16, 'Length_ten_points': 0, 'Frequency_guess': 0.0, 'GuessFormat_has_parentheses': 0, 'GuessFormat_has_quotes': 0, 'GuessFormat_word_count': 3, 'GuessFormat_has_numbers': 0, 'RunPosition_position_ratio': 0.7444444444444445, 'RunPosition_early_question': 0, 'RunPosition_late_question': 0, 'QuestionKeyword_signal_for_ten_points': 0, 'QuestionKeyword_signal_name_this': 0, 'QuestionKeyword_signal_identify_this': 0, 'QuestionKeyword_signal_what_is': 0, 'QuestionKeyword_signal_who_is': 0, 'QuestionKeyword_signal_this_author': 0, 'QuestionKeyword_signal_this_work': 0, 'QuestionKeyword_signal_this_character': 0, 'QuestionKeyword_signal_this_person': 0, 'QuestionKeyword_signal_this_country': 0, 'QuestionKeyword_signal_this_battle': 0, 'QuestionKeyword_signal_this_composer': 0, 'QuestionKeyword_signal_this_painting': 0, 'GuessQuality_proper_noun': 1, 'GuessQuality_single_word': 0, 'GuessQuality_has_title_case': 0, 'AnswerType_expects_person': 1, 'AnswerType_expects_work': 1, 'AnswerType_expects_place': 1, 'final': np.False_}"
False,12,2,19,Japanese poetry,0.00,"{'Gpr_confidence': -0.34218558099999996, 'Length_char': 369, 'Length_word': 67, 'Length_guess': 15, 'Length_ten_points': 0, 'Frequency_guess': 0.0, 'GuessFormat_has_parentheses': 0, 'GuessFormat_has_quotes': 0, 'GuessFormat_word_count': 2, 'GuessFormat_has_numbers': 0, 'RunPosition_position_ratio': 0.82, 'RunPosition_early_question': 0, 'RunPosition_late_question': 1, 'QuestionKeyword_signal_for_ten_points': 0, 'QuestionKeyword_signal_name_this': 0, 'QuestionKeyword_signal_identify_this': 0, 'QuestionKeyword_signal_what_is': 0, 'QuestionKeyword_signal_who_is': 0, 'QuestionKeyword_signal_this_author': 0, 'QuestionKeyword_signal_this_work': 0, 'QuestionKeyword_signal_this_character': 0, 'QuestionKeyword_signal_this_person': 0, 'QuestionKeyword_signal_this_country': 0, 'QuestionKeyword_signal_this_battle': 0, 'QuestionKeyword_signal_this_composer': 0, 'QuestionKeyword_signal_this_painting': 0, 'GuessQuality_proper_noun': 1, 'GuessQuality_single_word': 0, 'GuessQuality_has_title_case': 0, 'AnswerType_expects_person': 1, 'AnswerType_expects_work': 1, 'AnswerType_expects_place': 1, 'final': np.False_}"
False,12,2,25,Japanese poetry,0.00,"{'Gpr_confidence': -0.208919064, 'Length_char': 410, 'Length_word': 73, 'Length_guess': 15, 'Length_ten_points': 0, 'Frequency_guess': 0.0, 'GuessFormat_has_parentheses': 0, 'GuessFormat_has_quotes': 0, 'GuessFormat_word_count': 2, 'GuessFormat_has_numbers': 0, 'RunPosition_position_ratio': 0.9111111111111111, 'RunPosition_early_question': 0, 'RunPosition_late_question': 1, 'QuestionKeyword_signal_for_ten_points': 0, 'QuestionKeyword_signal_name_this': 0, 'QuestionKeyword_signal_identify_this': 0, 'QuestionKeyword_signal_what_is': 0, 'QuestionKeyword_signal_who_is': 0, 'QuestionKeyword_signal_this_author': 0, 'QuestionKeyword_signal_this_work': 0, 'QuestionKeyword_signal_this_character': 0, 'QuestionKeyword_signal_this_person': 0, 'QuestionKeyword_signal_this_country': 0, 'QuestionKeyword_signal_this_battle': 0, 'QuestionKeyword_signal_this_composer': 0, 'QuestionKeyword_signal_this_painting': 0, 'GuessQuality_proper_noun': 1, 'GuessQuality_single_word': 0, 'GuessQuality_has_title_case': 0, 'AnswerType_expects_person': 1, 'AnswerType_expects_work': 1, 'AnswerType_expects_place': 1, 'final': np.False_}"
False,12,3,7,Japanese poetry,0.00,"{'Gpr_confidence': -0.18324135949999998, 'Length_char': 451, 'Length_word': 80, 'Length_guess': 15, 'Length_ten_points': 0, 'Frequency_guess': 0.0, 'GuessFormat_has_parentheses': 0, 'GuessFormat_has_quotes': 0, 'GuessFormat_word_count': 2, 'GuessFormat_has_numbers': 0, 'RunPosition_position_ratio': 1.0022222222222221, 'RunPosition_early_question': 0, 'RunPosition_late_question': 1, 'QuestionKeyword_signal_for_ten_points': 0, 'QuestionKeyword_signal_name_this': 0, 'QuestionKeyword_signal_identify_this': 0, 'QuestionKeyword_signal_what_is': 0, 'QuestionKeyword_signal_who_is': 0, 'QuestionKeyword_signal_this_author': 0, 'QuestionKeyword_signal_this_work': 0, 'QuestionKeyword_signal_this_character': 0, 'QuestionKeyword_signal_this_person': 0, 'QuestionKeyword_signal_this_country': 0, 'QuestionKeyword_signal_this_battle': 0, 'QuestionKeyword_signal_this_composer': 0, 'QuestionKeyword_signal_this_painting': 0, 'GuessQuality_proper_noun': 1, 'GuessQuality_single_word': 0, 'GuessQuality_has_title_case': 0, 'AnswerType_expects_person': 1, 'AnswerType_expects_work': 1, 'AnswerType_expects_place': 1, 'final': np.False_}"
False,12,3,13,Japanese poetry,0.00,"{'Gpr_confidence': -0.16917215449999998, 'Length_char': 484, 'Length_word': 86, 'Length_guess': 15, 'Length_ten_points': 0, 'Frequency_guess': 0.0, 'GuessFormat_has_parentheses': 0, 'GuessFormat_has_quotes': 0, 'GuessFormat_word_count': 2, 'GuessFormat_has_numbers': 0, 'RunPosition_position_ratio': 1.0755555555555556, 'RunPosition_early_question': 0, 'RunPosition_late_question': 1, 'QuestionKeyword_signal_for_ten_points': 0, 'QuestionKeyword_signal_name_this': 0, 'QuestionKeyword_signal_identify_this': 0, 'QuestionKeyword_signal_what_is': 0, 'QuestionKeyword_signal_who_is': 0, 'QuestionKeyword_signal_this_author': 0, 'QuestionKeyword_signal_this_work': 0, 'QuestionKeyword_signal_this_character': 0, 'QuestionKeyword_signal_this_person': 0, 'QuestionKeyword_signal_this_country': 0, 'QuestionKeyword_signal_this_battle': 0, 'QuestionKeyword_signal_this_composer': 0, 'QuestionKeyword_signal_this_painting': 0, 'GuessQuality_proper_noun': 1, 'GuessQuality_single_word': 0, 'GuessQuality_has_title_case': 0, 'AnswerType_expects_person': 1, 'AnswerType_expects_work': 1, 'AnswerType_expects_place': 1, 'final': np.False_}"
False,12,3,20,Japanese poetry,0.00,"{'Gpr_confidence': -0.1027676225, 'Length_char': 521, 'Length_word': 93, 'Length_guess': 15, 'Length_ten_points': 0, 'Frequency_guess': 0.0, 'GuessFormat_has_parentheses': 0, 'GuessFormat_has_quotes': 0, 'GuessFormat_word_count': 2, 'GuessFormat_has_numbers': 0, 'RunPosition_position_ratio': 1.1577777777777778, 'RunPosition_early_question': 0, 'RunPosition_late_question': 1, 'QuestionKeyword_signal_for_ten_points': 0, 'QuestionKeyword_signal_name_this': 0, 'QuestionKeyword_signal_identify_this': 0, 'QuestionKeyword_signal_what_is': 0, 'QuestionKeyword_signal_who_is': 0, 'QuestionKeyword_signal_this_author': 0, 'QuestionKeyword_signal_this_work': 0, 'QuestionKeyword_signal_this_character': 0, 'QuestionKeyword_signal_this_person': 0, 'QuestionKeyword_signal_this_country': 0, 'QuestionKeyword_signal_this_battle': 0, 'QuestionKeyword_signal_this_composer': 0, 'QuestionKeyword_signal_this_painting': 0, 'GuessQuality_proper_noun': 1, 'GuessQuality_single_word': 0, 'GuessQuality_has_title_case': 0, 'AnswerType_expects_person': 1, 'AnswerType_expects_work': 1, 'AnswerType_expects_place': 1, 'final': np.False_}"
False,12,3,25,Japanese poetry,0.00,"{'Gpr_confidence': -0.1391327735, 'Length_char': 553, 'Length_word': 98, 'Length_guess': 15, 'Length_ten_points': 0, 'Frequency_guess': 0.0, 'GuessFormat_has_parentheses': 0, 'GuessFormat_has_quotes': 0, 'GuessFormat_word_count': 2, 'GuessFormat_has_numbers': 0, 'RunPosition_position_ratio': 1.228888888888889, 'RunPosition_early_question': 0, 'RunPosition_late_question': 1, 'QuestionKeyword_signal_for_ten_points': 0, 'QuestionKeyword_signal_name_this': 0, 'QuestionKeyword_signal_identify_this': 0, 'QuestionKeyword_signal_what_is': 0, 'QuestionKeyword_signal_who_is': 0, 'QuestionKeyword_signal_this_author': 0, 'QuestionKeyword_signal_this_work': 0, 'QuestionKeyword_signal_this_character': 0, 'QuestionKeyword_signal_this_person': 0, 'QuestionKeyword_signal_this_country': 0, 'QuestionKeyword_signal_this_battle': 0, 'QuestionKeyword_signal_this_composer': 0, 'QuestionKeyword_signal_this_painting': 0, 'GuessQuality_proper_noun': 1, 'GuessQuality_single_word': 0, 'GuessQuality_has_title_case': 0, 'AnswerType_expects_person': 1, 'AnswerType_expects_work': 1, 'AnswerType_expects_place': 1, 'final': np.False_}"
False,12,3,28,Japanese poetry,0.00,"{'Gpr_confidence': -0.10522307775, 'Length_char': 571, 'Length_word': 101, 'Length_guess': 15, 'Length_ten_points': 0, 'Frequency_guess': 0.0, 'GuessFormat_has_parentheses': 0, 'GuessFormat_has_quotes': 0, 'GuessFormat_word_count': 2, 'GuessFormat_has_numbers': 0, 'RunPosition_position_ratio': 1.268888888888889, 'RunPosition_early_question': 0, 'RunPosition_late_question': 1, 'QuestionKeyword_signal_for_ten_points': 0, 'QuestionKeyword_signal_name_this': 0, 'QuestionKeyword_signal_identify_this': 0, 'QuestionKeyword_signal_what_is': 0, 'QuestionKeyword_signal_who_is': 0, 'QuestionKeyword_signal_this_author': 0, 'QuestionKeyword_signal_this_work': 0, 'QuestionKeyword_signal_this_character': 0, 'QuestionKeyword_signal_this_person': 0, 'QuestionKeyword_signal_this_country': 0, 'QuestionKeyword_signal_this_battle': 0, 'QuestionKeyword_signal_this_composer': 0, 'QuestionKeyword_signal_this_painting': 0, 'GuessQuality_proper_noun': 1, 'GuessQuality_single_word': 0, 'GuessQuality_has_title_case': 0, 'AnswerType_expects_person': 1, 'AnswerType_expects_work': 1, 'AnswerType_expects_place': 1, 'final': np.False_}"
False,12,4,8,Japanese poetry,0.00,"{'Gpr_confidence': -0.052186805, 'Length_char': 612, 'Length_word': 109, 'Length_guess': 15, 'Length_ten_points': 0, 'Frequency_guess': 0.0, 'GuessFormat_has_parentheses': 0, 'GuessFormat_has_quotes': 0, 'GuessFormat_word_count': 2, 'GuessFormat_has_numbers': 0, 'RunPosition_position_ratio': 1.36, 'RunPosition_early_question': 0, 'RunPosition_late_question': 1, 'QuestionKeyword_signal_for_ten_points': 0, 'QuestionKeyword_signal_name_this': 0, 'QuestionKeyword_signal_identify_this': 0, 'QuestionKeyword_signal_what_is': 0, 'QuestionKeyword_signal_who_is': 0, 'QuestionKeyword_signal_this_author': 0, 'QuestionKeyword_signal_this_work': 0, 'QuestionKeyword_signal_this_character': 0, 'QuestionKeyword_signal_this_person': 0, 'QuestionKeyword_signal_this_country': 0, 'QuestionKeyword_signal_this_battle': 0, 'QuestionKeyword_signal_this_composer': 0, 'QuestionKeyword_signal_this_painting': 0, 'GuessQuality_proper_noun': 1, 'GuessQuality_single_word': 0, 'GuessQuality_has_title_case': 0, 'AnswerType_expects_person': 1, 'AnswerType_expects_work': 1, 'AnswerType_expects_place': 1, 'final': np.False_}"
False,12,4,13,Japanese poetry,0.00,"{'Gpr_confidence': -0.216179916, 'Length_char': 649, 'Length_word': 114, 'Length_guess': 15, 'Length_ten_points': 0, 'Frequency_guess': 0.0, 'GuessFormat_has_parentheses': 0, 'GuessFormat_has_quotes': 0, 'GuessFormat_word_count': 2, 'GuessFormat_has_numbers': 0, 'RunPosition_position_ratio': 1.4422222222222223, 'RunPosition_early_question': 0, 'RunPosition_late_question': 1, 'QuestionKeyword_signal_for_ten_points': 0, 'QuestionKeyword_signal_name_this': 0, 'QuestionKeyword_signal_identify_this': 0, 'QuestionKeyword_signal_what_is': 0, 'QuestionKeyword_signal_who_is': 0, 'QuestionKeyword_signal_this_author': 0, 'QuestionKeyword_signal_this_work': 0, 'QuestionKeyword_signal_this_character': 0, 'QuestionKeyword_signal_this_person': 0, 'QuestionKeyword_signal_this_country': 0, 'QuestionKeyword_signal_this_battle': 0, 'QuestionKeyword_signal_this_composer': 0, 'QuestionKeyword_signal_this_painting': 0, 'GuessQuality_proper_noun': 1, 'GuessQuality_single_word': 0, 'GuessQuality_has_title_case': 0, 'AnswerType_expects_person': 1, 'AnswerType_expects_work': 1, 'AnswerType_expects_place': 1, 'final': np.False_}"
True,12,4,20,Japanese poetry,0.00,"{'Gpr_confidence': -0.046087465, 'Length_char': 679, 'Length_word': 121, 'Length_guess': 15, 'Length_ten_points': 0, 'Frequency_guess': 0.0, 'GuessFormat_has_parentheses': 0, 'GuessFormat_has_quotes': 0, 'GuessFormat_word_count': 2, 'GuessFormat_has_numbers': 0, 'RunPosition_position_ratio': 1.508888888888889, 'RunPosition_early_question': 0, 'RunPosition_late_question': 1, 'QuestionKeyword_signal_for_ten_points': 0, 'QuestionKeyword_signal_name_this': 0, 'QuestionKeyword_signal_identify_this': 0, 'QuestionKeyword_signal_what_is': 0, 'QuestionKeyword_signal_who_is': 0, 'QuestionKeyword_signal_this_author': 0, 'QuestionKeyword_signal_this_work': 0, 'QuestionKeyword_signal_this_character': 0, 'QuestionKeyword_signal_this_person': 0, 'QuestionKeyword_signal_this_country': 0, 'QuestionKeyword_signal_this_battle': 0, 'QuestionKeyword_signal_this_composer': 0, 'QuestionKeyword_signal_this_painting': 0, 'GuessQuality_proper_noun': 1, 'GuessQuality_single_word': 0, 'GuessQuality_has_title_case': 0, 'AnswerType_expects_person': 1, 'AnswerType_expects_work': 1, 'AnswerType_expects_place': 1, 'final': np.True_}"
True,12,4,21,Japanese poetry,0.00,"{'Gpr_confidence': -0.0653008809, 'Length_char': 685, 'Length_word': 122, 'Length_guess': 15, 'Length_ten_points': 0, 'Frequency_guess': 0.0, 'GuessFormat_has_parentheses': 0, 'GuessFormat_has_quotes': 0, 'GuessFormat_word_count': 2, 'GuessFormat_has_numbers': 0, 'RunPosition_position_ratio': 1.5222222222222221, 'RunPosition_early_question': 0, 'RunPosition_late_question': 1, 'QuestionKeyword_signal_for_ten_points': 0, 'QuestionKeyword_signal_name_this': 0, 'QuestionKeyword_signal_identify_this': 0, 'QuestionKeyword_signal_what_is': 0, 'QuestionKeyword_signal_who_is': 0, 'QuestionKeyword_signal_this_author': 0, 'QuestionKeyword_signal_this_work': 0, 'QuestionKeyword_signal_this_character': 0, 'QuestionKeyword_signal_this_person': 0, 'QuestionKeyword_signal_this_country': 0, 'QuestionKeyword_signal_this_battle': 0, 'QuestionKeyword_signal_this_composer': 0, 'QuestionKeyword_signal_this_painting': 0, 'GuessQuality_proper_noun': 1, 'GuessQuality_single_word': 0, 'GuessQuality_has_title_case': 0, 'AnswerType_expects_person': 1, 'AnswerType_expects_work': 1, 'AnswerType_expects_place': 1, 'final': np.True_}"
True,12,5,7,Japanese poetry,0.00,"{'Gpr_confidence': -0.03329498475, 'Length_char': 723, 'Length_word': 129, 'Length_guess': 15, 'Length_ten_points': 0, 'Frequency_guess': 0.0, 'GuessFormat_has_parentheses': 0, 'GuessFormat_has_quotes': 0, 'GuessFormat_word_count': 2, 'GuessFormat_has_numbers': 0, 'RunPosition_position_ratio': 1.6066666666666667, 'RunPosition_early_question': 0, 'RunPosition_late_question': 1, 'QuestionKeyword_signal_for_ten_points': 0, 'QuestionKeyword_signal_name_this': 1, 'QuestionKeyword_signal_identify_this': 0, 'QuestionKeyword_signal_what_is': 0, 'QuestionKeyword_signal_who_is': 0, 'QuestionKeyword_signal_this_author': 0, 'QuestionKeyword_signal_this_work': 0, 'QuestionKeyword_signal_this_character': 0, 'QuestionKeyword_signal_this_person': 0, 'QuestionKeyword_signal_this_country': 0, 'QuestionKeyword_signal_this_battle': 0, 'QuestionKeyword_signal_this_composer': 0, 'QuestionKeyword_signal_this_painting': 0, 'GuessQuality_proper_noun': 1, 'GuessQuality_single_word': 0, 'GuessQuality_has_title_case': 0, 'AnswerType_expects_person': 1, 'AnswerType_expects_work': 1, 'AnswerType_expects_place': 1, 'final': np.True_}"
False,12,5,13,Japanese poetry,0.00,"{'Gpr_confidence': -0.2697490364, 'Length_char': 758, 'Length_word': 135, 'Length_guess': 15, 'Length_ten_points': 0, 'Frequency_guess': 0.0, 'GuessFormat_has_parentheses': 0, 'GuessFormat_has_quotes': 0, 'GuessFormat_word_count': 2, 'GuessFormat_has_numbers': 0, 'RunPosition_position_ratio': 1.6844444444444444, 'RunPosition_early_question': 0, 'RunPosition_late_question': 1, 'QuestionKeyword_signal_for_ten_points': 0, 'QuestionKeyword_signal_name_this': 1, 'QuestionKeyword_signal_identify_this': 0, 'QuestionKeyword_signal_what_is': 0, 'QuestionKeyword_signal_who_is': 0, 'QuestionKeyword_signal_this_author': 0, 'QuestionKeyword_signal_this_work': 0, 'QuestionKeyword_signal_this_character': 0, 'QuestionKeyword_signal_this_person': 0, 'QuestionKeyword_signal_this_country': 0, 'QuestionKeyword_signal_this_battle': 0, 'QuestionKeyword_signal_this_composer': 0, 'QuestionKeyword_signal_this_painting': 0, 'GuessQuality_proper_noun': 1, 'GuessQuality_single_word': 0, 'GuessQuality_has_title_case': 0, 'AnswerType_expects_person': 1, 'AnswerType_expects_work': 1, 'AnswerType_expects_place': 1, 'final': np.False_}"
False,12,5,13,Japanese poetry,0.00,"{'Gpr_confidence': -0.2697490364, 'Length_char': 758, 'Length_word': 135, 'Length_guess': 15, 'Length_ten_points': 0, 'Frequency_guess': 0.0, 'GuessFormat_has_parentheses': 0, 'GuessFormat_has_quotes': 0, 'GuessFormat_word_count': 2, 'GuessFormat_has_numbers': 0, 'RunPosition_position_ratio': 1.6844444444444444, 'RunPosition_early_question': 0, 'RunPosition_late_question': 1, 'QuestionKeyword_signal_for_ten_points': 0, 'QuestionKeyword_signal_name_this': 1, 'QuestionKeyword_signal_identify_this': 0, 'QuestionKeyword_signal_what_is': 0, 'QuestionKeyword_signal_who_is': 0, 'QuestionKeyword_signal_this_author': 0, 'QuestionKeyword_signal_this_work': 0, 'QuestionKeyword_signal_this_character': 0, 'QuestionKeyword_signal_this_person': 0, 'QuestionKeyword_signal_this_country': 0, 'QuestionKeyword_signal_this_battle': 0, 'QuestionKeyword_signal_this_composer': 0, 'QuestionKeyword_signal_this_painting': 0, 'GuessQuality_proper_noun': 1, 'GuessQuality_single_word': 0, 'GuessQuality_has_title_case': 0, 'AnswerType_expects_person': 1, 'AnswerType_expects_work': 1, 'AnswerType_expects_place': 1, 'final': np.False_}"
False,13,0,7,Edward Corsi,0.00,"{'Gpr_confidence': -0.2644526652786667, 'Length_char': 38, 'Length_word': 7, 'Length_guess': 12, 'Length_ten_points': 0, 'Frequency_guess': 0.0, 'GuessFormat_has_parentheses': 0, 'GuessFormat_has_quotes': 0, 'GuessFormat_word_count': 2, 'GuessFormat_has_numbers': 0, 'RunPosition_position_ratio': 0.08444444444444445, 'RunPosition_early_question': 1, 'RunPosition_late_question': 0, 'QuestionKeyword_signal_for_ten_points': 0, 'QuestionKeyword_signal_name_this': 0, 'QuestionKeyword_signal_identify_this': 0, 'QuestionKeyword_signal_what_is': 0, 'QuestionKeyword_signal_who_is': 0, 'QuestionKeyword_signal_this_author': 0, 'QuestionKeyword_signal_this_work': 0, 'QuestionKeyword_signal_this_character': 0, 'QuestionKeyword_signal_this_person': 0, 'QuestionKeyword_signal_this_country': 0, 'QuestionKeyword_signal_this_battle': 0, 'QuestionKeyword_signal_this_composer': 0, 'QuestionKeyword_signal_this_painting': 0, 'GuessQuality_proper_noun': 1, 'GuessQuality_single_word': 0, 'GuessQuality_has_title_case': 1, 'AnswerType_expects_person': 0, 'AnswerType_expects_work': 0, 'AnswerType_expects_place': 0, 'final': np.False_}"
False,13,0,13,Disaster Relief Act of 1953,0.00,"{'Gpr_confidence': -0.42767146087062496, 'Length_char': 70, 'Length_word': 13, 'Length_guess': 27, 'Length_ten_points': 0, 'Frequency_guess': 0.0, 'GuessFormat_has_parentheses': 0, 'GuessFormat_has_quotes': 0, 'GuessFormat_word_count': 5, 'GuessFormat_has_numbers': 1, 'RunPosition_position_ratio': 0.15555555555555556, 'RunPosition_early_question': 1, 'RunPosition_late_question': 0, 'QuestionKeyword_signal_for_ten_points': 0, 'QuestionKeyword_signal_name_this': 0, 'QuestionKeyword_signal_identify_this': 0, 'QuestionKeyword_signal_what_is': 0, 'QuestionKeyword_signal_who_is': 0, 'QuestionKeyword_signal_this_author': 0, 'QuestionKeyword_signal_this_work': 0, 'QuestionKeyword_signal_this_character': 0, 'QuestionKeyword_signal_this_person': 0, 'QuestionKeyword_signal_this_country': 0, 'QuestionKeyword_signal_this_battle': 0, 'QuestionKeyword_signal_this_composer': 0, 'QuestionKeyword_signal_this_painting': 0, 'GuessQuality_proper_noun': 1, 'GuessQuality_single_word': 0, 'GuessQuality_has_title_case': 0, 'AnswerType_expects_person': 0, 'AnswerType_expects_work': 0, 'AnswerType_expects_place': 0, 'final': np.False_}"
False,13,0,19,Subsistence Homesteads Act,0.00,"{'Gpr_confidence': -0.41827407320428567, 'Length_char': 108, 'Length_word': 19, 'Length_guess': 26, 'Length_ten_points': 0, 'Frequency_guess': 0.0, 'GuessFormat_has_parentheses': 0, 'GuessFormat_has_quotes': 0, 'GuessFormat_word_count': 3, 'GuessFormat_has_numbers': 0, 'RunPosition_position_ratio': 0.24, 'RunPosition_early_question': 1, 'RunPosition_late_question': 0, 'QuestionKeyword_signal_for_ten_points': 0, 'QuestionKeyword_signal_name_this': 0, 'QuestionKeyword_signal_identify_this': 0, 'QuestionKeyword_signal_what_is': 0, 'QuestionKeyword_signal_who_is': 0, 'QuestionKeyword_signal_this_author': 0, 'QuestionKeyword_signal_this_work': 0, 'QuestionKeyword_signal_this_character': 0, 'QuestionKeyword_signal_this_person': 0, 'QuestionKeyword_signal_this_country': 0, 'QuestionKeyword_signal_this_battle': 0, 'QuestionKeyword_signal_this_composer': 0, 'QuestionKeyword_signal_this_painting': 0, 'GuessQuality_proper_noun': 1, 'GuessQuality_single_word': 0, 'GuessQuality_has_title_case': 1, 'AnswerType_expects_person': 0, 'AnswerType_expects_work': 0, 'AnswerType_expects_place': 0, 'final': np.False_}"
False,13,0,21,Refugee Relief Act,0.00,"{'Gpr_confidence': -0.09687119779868, 'Length_char': 129, 'Length_word': 21, 'Length_guess': 18, 'Length_ten_points': 0, 'Frequency_guess': 0.0, 'GuessFormat_has_parentheses': 0, 'GuessFormat_has_quotes': 0, 'GuessFormat_word_count': 3, 'GuessFormat_has_numbers': 0, 'RunPosition_position_ratio': 0.2866666666666667, 'RunPosition_early_question': 0, 'RunPosition_late_question': 0, 'QuestionKeyword_signal_for_ten_points': 0, 'QuestionKeyword_signal_name_this': 0, 'QuestionKeyword_signal_identify_this': 0, 'QuestionKeyword_signal_what_is': 0, 'QuestionKeyword_signal_who_is': 0, 'QuestionKeyword_signal_this_author': 0, 'QuestionKeyword_signal_this_work': 0, 'QuestionKeyword_signal_this_character': 0, 'QuestionKeyword_signal_this_person': 0, 'QuestionKeyword_signal_this_country': 0, 'QuestionKeyword_signal_this_battle': 0, 'QuestionKeyword_signal_this_composer': 0, 'QuestionKeyword_signal_this_painting': 0, 'GuessQuality_proper_noun': 1, 'GuessQuality_single_word': 0, 'GuessQuality_has_title_case': 1, 'AnswerType_expects_person': 0, 'AnswerType_expects_work': 0, 'AnswerType_expects_place': 0, 'final': np.False_}"
False,13,1,6,Refugee Relief Act,0.00,"{'Gpr_confidence': -0.0262381317492, 'Length_char': 167, 'Length_word': 27, 'Length_guess': 18, 'Length_ten_points': 0, 'Frequency_guess': 0.0, 'GuessFormat_has_parentheses': 0, 'GuessFormat_has_quotes': 0, 'GuessFormat_word_count': 3, 'GuessFormat_has_numbers': 0, 'RunPosition_position_ratio': 0.3711111111111111, 'RunPosition_early_question': 0, 'RunPosition_late_question': 0, 'QuestionKeyword_signal_for_ten_points': 0, 'QuestionKeyword_signal_name_this': 0, 'QuestionKeyword_signal_identify_this': 0, 'QuestionKeyword_signal_what_is': 0, 'QuestionKeyword_signal_who_is': 0, 'QuestionKeyword_signal_this_author': 0, 'QuestionKeyword_signal_this_work': 0, 'QuestionKeyword_signal_this_character': 0, 'QuestionKeyword_signal_this_person': 0, 'QuestionKeyword_signal_this_country': 0, 'QuestionKeyword_signal_this_battle': 0, 'QuestionKeyword_signal_this_composer': 0, 'QuestionKeyword_signal_this_painting': 0, 'GuessQuality_proper_noun': 1, 'GuessQuality_single_word': 0, 'GuessQuality_has_title_case': 1, 'AnswerType_expects_person': 0, 'AnswerType_expects_work': 0, 'AnswerType_expects_place': 0, 'final': np.False_}"
False,13,1,12,Refugee Relief Act,0.00,"{'Gpr_confidence': -0.043888036038, 'Length_char': 208, 'Length_word': 33, 'Length_guess': 18, 'Length_ten_points': 0, 'Frequency_guess': 0.0, 'GuessFormat_has_parentheses': 0, 'GuessFormat_has_quotes': 0, 'GuessFormat_word_count': 3, 'GuessFormat_has_numbers': 0, 'RunPosition_position_ratio': 0.4622222222222222, 'RunPosition_early_question': 0, 'RunPosition_late_question': 0, 'QuestionKeyword_signal_for_ten_points': 0, 'QuestionKeyword_signal_name_this': 0, 'QuestionKeyword_signal_identify_this': 0, 'QuestionKeyword_signal_what_is': 0, 'QuestionKeyword_signal_who_is': 0, 'QuestionKeyword_signal_this_author': 0, 'QuestionKeyword_signal_this_work': 0, 'QuestionKeyword_signal_this_character': 0, 'QuestionKeyword_signal_this_person': 0, 'QuestionKeyword_signal_this_country': 0, 'QuestionKeyword_signal_this_battle': 0, 'QuestionKeyword_signal_this_composer': 0, 'QuestionKeyword_signal_this_painting': 0, 'GuessQuality_proper_noun': 1, 'GuessQuality_single_word': 0, 'GuessQuality_has_title_case': 1, 'AnswerType_expects_person': 0, 'AnswerType_expects_work': 0, 'AnswerType_expects_place': 0, 'final': np.False_}"
False,13,1,17,Refugee Relief Act,0.00,"{'Gpr_confidence': -0.16716675232199998, 'Length_char': 237, 'Length_word': 38, 'Length_guess': 18, 'Length_ten_points': 0, 'Frequency_guess': 0.0, 'GuessFormat_has_parentheses': 0, 'GuessFormat_has_quotes': 0, 'GuessFormat_word_count': 3, 'GuessFormat_has_numbers': 0, 'RunPosition_position_ratio': 0.5266666666666666, 'RunPosition_early_question': 0, 'RunPosition_late_question': 0, 'QuestionKeyword_signal_for_ten_points': 0, 'QuestionKeyword_signal_name_this': 0, 'QuestionKeyword_signal_identify_this': 0, 'QuestionKeyword_signal_what_is': 0, 'QuestionKeyword_signal_who_is': 0, 'QuestionKeyword_signal_this_author': 0, 'QuestionKeyword_signal_this_work': 0, 'QuestionKeyword_signal_this_character': 0, 'QuestionKeyword_signal_this_person': 0, 'QuestionKeyword_signal_this_country': 0, 'QuestionKeyword_signal_this_battle': 0, 'QuestionKeyword_signal_this_composer': 0, 'QuestionKeyword_signal_this_painting': 0, 'GuessQuality_proper_noun': 1, 'GuessQuality_single_word': 0, 'GuessQuality_has_title_case': 1, 'AnswerType_expects_person': 0, 'AnswerType_expects_work': 0, 'AnswerType_expects_place': 0, 'final': np.False_}"
False,13,1,18,Refugee Act of 1953,0.00,"{'Gpr_confidence': -0.28531687696950003, 'Length_char': 245, 'Length_word': 39, 'Length_guess': 19, 'Length_ten_points': 0, 'Frequency_guess': 0.0, 'GuessFormat_has_parentheses': 0, 'GuessFormat_has_quotes': 0, 'GuessFormat_word_count': 4, 'GuessFormat_has_numbers': 1, 'RunPosition_position_ratio': 0.5444444444444444, 'RunPosition_early_question': 0, 'RunPosition_late_question': 0, 'QuestionKeyword_signal_for_ten_points': 0, 'QuestionKeyword_signal_name_this': 0, 'QuestionKeyword_signal_identify_this': 0, 'QuestionKeyword_signal_what_is': 0, 'QuestionKeyword_signal_who_is': 0, 'QuestionKeyword_signal_this_author': 0, 'QuestionKeyword_signal_this_work': 0, 'QuestionKeyword_signal_this_character': 0, 'QuestionKeyword_signal_this_person': 0, 'QuestionKeyword_signal_this_country': 0, 'QuestionKeyword_signal_this_battle': 0, 'QuestionKeyword_signal_this_composer': 0, 'QuestionKeyword_signal_this_painting': 0, 'GuessQuality_proper_noun': 1, 'GuessQuality_single_word': 0, 'GuessQuality_has_title_case': 0, 'AnswerType_expects_person': 0, 'AnswerType_expects_work': 0, 'AnswerType_expects_place': 0, 'final': np.False_}"
False,13,2,8,Refugee,0.00,"{'Gpr_confidence': -0.45485261571999996, 'Length_char': 287, 'Length_word': 47, 'Length_guess': 7, 'Length_ten_points': 0, 'Frequency_guess': 0.0, 'GuessFormat_has_parentheses': 0, 'GuessFormat_has_quotes': 0, 'GuessFormat_word_count': 1, 'GuessFormat_has_numbers': 0, 'RunPosition_position_ratio': 0.6377777777777778, 'RunPosition_early_question': 0, 'RunPosition_late_question': 0, 'QuestionKeyword_signal_for_ten_points': 0, 'QuestionKeyword_signal_name_this': 0, 'QuestionKeyword_signal_identify_this': 0, 'QuestionKeyword_signal_what_is': 0, 'QuestionKeyword_signal_who_is': 0, 'QuestionKeyword_signal_this_author': 0, 'QuestionKeyword_signal_this_work': 0, 'QuestionKeyword_signal_this_character': 0, 'QuestionKeyword_signal_this_person': 0, 'QuestionKeyword_signal_this_country': 0, 'QuestionKeyword_signal_this_battle': 0, 'QuestionKeyword_signal_this_composer': 0, 'QuestionKeyword_signal_this_painting': 0, 'GuessQuality_proper_noun': 1, 'GuessQuality_single_word': 1, 'GuessQuality_has_title_case': 1, 'AnswerType_expects_person': 0, 'AnswerType_expects_work': 0, 'AnswerType_expects_place': 0, 'final': np.False_}"
False,13,2,12,Refugees,0.00,"{'Gpr_confidence': -0.37034239743999997, 'Length_char': 317, 'Length_word': 51, 'Length_guess': 8, 'Length_ten_points': 0, 'Frequency_guess': 0.0, 'GuessFormat_has_parentheses': 0, 'GuessFormat_has_quotes': 0, 'GuessFormat_word_count': 1, 'GuessFormat_has_numbers': 0, 'RunPosition_position_ratio': 0.7044444444444444, 'RunPosition_early_question': 0, 'RunPosition_late_question': 0, 'QuestionKeyword_signal_for_ten_points': 0, 'QuestionKeyword_signal_name_this': 0, 'QuestionKeyword_signal_identify_this': 0, 'QuestionKeyword_signal_what_is': 0, 'QuestionKeyword_signal_who_is': 0, 'QuestionKeyword_signal_this_author': 0, 'QuestionKeyword_signal_this_work': 0, 'QuestionKeyword_signal_this_character': 0, 'QuestionKeyword_signal_this_person': 0, 'QuestionKeyword_signal_this_country': 0, 'QuestionKeyword_signal_this_battle': 0, 'QuestionKeyword_signal_this_composer': 0, 'QuestionKeyword_signal_this_painting': 0, 'GuessQuality_proper_noun': 1, 'GuessQuality_single_word': 1, 'GuessQuality_has_title_case': 1, 'AnswerType_expects_person': 0, 'AnswerType_expects_work': 0, 'AnswerType_expects_place': 0, 'final': np.False_}"
False,13,2,14,Refugees,0.00,"{'Gpr_confidence': -0.2827873508823333, 'Length_char': 331, 'Length_word': 53, 'Length_guess': 8, 'Length_ten_points': 0, 'Frequency_guess': 0.0, 'GuessFormat_has_parentheses': 0, 'GuessFormat_has_quotes': 0, 'GuessFormat_word_count': 1, 'GuessFormat_has_numbers': 0, 'RunPosition_position_ratio': 0.7355555555555555, 'RunPosition_early_question': 0, 'RunPosition_late_question': 0, 'QuestionKeyword_signal_for_ten_points': 0, 'QuestionKeyword_signal_name_this': 0, 'QuestionKeyword_signal_identify_this': 0, 'QuestionKeyword_signal_what_is': 0, 'QuestionKeyword_signal_who_is': 0, 'QuestionKeyword_signal_this_author': 0, 'QuestionKeyword_signal_this_work': 0, 'QuestionKeyword_signal_this_character': 0, 'QuestionKeyword_signal_this_person': 0, 'QuestionKeyword_signal_this_country': 0, 'QuestionKeyword_signal_this_battle': 0, 'QuestionKeyword_signal_this_composer': 0, 'QuestionKeyword_signal_this_painting': 0, 'GuessQuality_proper_noun': 1, 'GuessQuality_single_word': 1, 'GuessQuality_has_title_case': 1, 'AnswerType_expects_person': 0, 'AnswerType_expects_work': 0, 'AnswerType_expects_place': 0, 'final': np.False_}"
False,13,3,7,Refugees,0.00,"{'Gpr_confidence': -0.11293105908066665, 'Length_char': 369, 'Length_word': 60, 'Length_guess': 8, 'Length_ten_points': 0, 'Frequency_guess': 0.0, 'GuessFormat_has_parentheses': 0, 'GuessFormat_has_quotes': 0, 'GuessFormat_word_count': 1, 'GuessFormat_has_numbers': 0, 'RunPosition_position_ratio': 0.82, 'RunPosition_early_question': 0, 'RunPosition_late_question': 1, 'QuestionKeyword_signal_for_ten_points': 0, 'QuestionKeyword_signal_name_this': 0, 'QuestionKeyword_signal_identify_this': 0, 'QuestionKeyword_signal_what_is': 0, 'QuestionKeyword_signal_who_is': 0, 'QuestionKeyword_signal_this_author': 0, 'QuestionKeyword_signal_this_work': 0, 'QuestionKeyword_signal_this_character': 0, 'QuestionKeyword_signal_this_person': 0, 'QuestionKeyword_signal_this_country': 0, 'QuestionKeyword_signal_this_battle': 0, 'QuestionKeyword_signal_this_composer': 0, 'QuestionKeyword_signal_this_painting': 0, 'GuessQuality_proper_noun': 1, 'GuessQuality_single_word': 1, 'GuessQuality_has_title_case': 1, 'AnswerType_expects_person': 0, 'AnswerType_expects_work': 0, 'AnswerType_expects_place': 0, 'final': np.False_}"
False,13,3,13,Refugees,0.00,"{'Gpr_confidence': -0.09636952855583332, 'Length_char': 404, 'Length_word': 66, 'Length_guess': 8, 'Length_ten_points': 0, 'Frequency_guess': 0.0, 'GuessFormat_has_parentheses': 0, 'GuessFormat_has_quotes': 0, 'GuessFormat_word_count': 1, 'GuessFormat_has_numbers': 0, 'RunPosition_position_ratio': 0.8977777777777778, 'RunPosition_early_question': 0, 'RunPosition_late_question': 1, 'QuestionKeyword_signal_for_ten_points': 0, 'QuestionKeyword_signal_name_this': 0, 'QuestionKeyword_signal_identify_this': 0, 'QuestionKeyword_signal_what_is': 0, 'QuestionKeyword_signal_who_is': 0, 'QuestionKeyword_signal_this_author': 0, 'QuestionKeyword_signal_this_work': 0, 'QuestionKeyword_signal_this_character': 0, 'QuestionKeyword_signal_this_person': 0, 'QuestionKeyword_signal_this_country': 0, 'QuestionKeyword_signal_this_battle': 0, 'QuestionKeyword_signal_this_composer': 0, 'QuestionKeyword_signal_this_painting': 0, 'GuessQuality_proper_noun': 1, 'GuessQuality_single_word': 1, 'GuessQuality_has_title_case': 1, 'AnswerType_expects_person': 0, 'AnswerType_expects_work': 0, 'AnswerType_expects_place': 0, 'final': np.False_}"
False,13,4,7,Refugees,0.00,"{'Gpr_confidence': -0.03840531077776667, 'Length_char': 443, 'Length_word': 73, 'Length_guess': 8, 'Length_ten_points': 0, 'Frequency_guess': 0.0, 'GuessFormat_has_parentheses': 0, 'GuessFormat_has_quotes': 0, 'GuessFormat_word_count': 1, 'GuessFormat_has_numbers': 0, 'RunPosition_position_ratio': 0.9844444444444445, 'RunPosition_early_question': 0, 'RunPosition_late_question': 1, 'QuestionKeyword_signal_for_ten_points': 0, 'QuestionKeyword_signal_name_this': 0, 'QuestionKeyword_signal_identify_this': 0, 'QuestionKeyword_signal_what_is': 0, 'QuestionKeyword_signal_who_is': 0, 'QuestionKeyword_signal_this_author': 0, 'QuestionKeyword_signal_this_work': 0, 'QuestionKeyword_signal_this_character': 0, 'QuestionKeyword_signal_this_person': 0, 'QuestionKeyword_signal_this_country': 0, 'QuestionKeyword_signal_this_battle': 0, 'QuestionKeyword_signal_this_composer': 0, 'QuestionKeyword_signal_this_painting': 0, 'GuessQuality_proper_noun': 1, 'GuessQuality_single_word': 1, 'GuessQuality_has_title_case': 1, 'AnswerType_expects_person': 0, 'AnswerType_expects_work': 0, 'AnswerType_expects_place': 0, 'final': np.False_}"
False,13,4,14,Refugees,0.00,"{'Gpr_confidence': -0.07799436648796666, 'Length_char': 480, 'Length_word': 80, 'Length_guess': 8, 'Length_ten_points': 0, 'Frequency_guess': 0.0, 'GuessFormat_has_parentheses': 0, 'GuessFormat_has_quotes': 0, 'GuessFormat_word_count': 1, 'GuessFormat_has_numbers': 0, 'RunPosition_position_ratio': 1.0666666666666667, 'RunPosition_early_question': 0, 'RunPosition_late_question': 1, 'QuestionKeyword_signal_for_ten_points': 0, 'QuestionKeyword_signal_name_this': 0, 'QuestionKeyword_signal_identify_this': 0, 'QuestionKeyword_signal_what_is': 0, 'QuestionKeyword_signal_who_is': 0, 'QuestionKeyword_signal_this_author': 0, 'QuestionKeyword_signal_this_work': 0, 'QuestionKeyword_signal_this_character': 0, 'QuestionKeyword_signal_this_person': 0, 'QuestionKeyword_signal_this_country': 0, 'QuestionKeyword_signal_this_battle': 0, 'QuestionKeyword_signal_this_composer': 0, 'QuestionKeyword_signal_this_painting': 0, 'GuessQuality_proper_noun': 1, 'GuessQuality_single_word': 1, 'GuessQuality_has_title_case': 1, 'AnswerType_expects_person': 0, 'AnswerType_expects_work': 0, 'AnswerType_expects_place': 0, 'final': np.False_}"
False,13,4,19,Refugees,0.00,"{'Gpr_confidence': -0.024701219644880004, 'Length_char': 512, 'Length_word': 85, 'Length_guess': 8, 'Length_ten_points': 0, 'Frequency_guess': 0.0, 'GuessFormat_has_parentheses': 0, 'GuessFormat_has_quotes': 0, 'GuessFormat_word_count': 1, 'GuessFormat_has_numbers': 0, 'RunPosition_position_ratio': 1.1377777777777778, 'RunPosition_early_question': 0, 'RunPosition_late_question': 1, 'QuestionKeyword_signal_for_ten_points': 0, 'QuestionKeyword_signal_name_this': 0, 'QuestionKeyword_signal_identify_this': 0, 'QuestionKeyword_signal_what_is': 0, 'QuestionKeyword_signal_who_is': 0, 'QuestionKeyword_signal_this_author': 0, 'QuestionKeyword_signal_this_work': 0, 'QuestionKeyword_signal_this_character': 0, 'QuestionKeyword_signal_this_person': 0, 'QuestionKeyword_signal_this_country': 0, 'QuestionKeyword_signal_this_battle': 0, 'QuestionKeyword_signal_this_composer': 0, 'QuestionKeyword_signal_this_painting': 0, 'GuessQuality_proper_noun': 1, 'GuessQuality_single_word': 1, 'GuessQuality_has_title_case': 1, 'AnswerType_expects_person': 0, 'AnswerType_expects_work': 0, 'AnswerType_expects_place': 0, 'final': np.False_}"
False,13,4,23,Refugees,0.00,"{'Gpr_confidence': -0.04877590683676667, 'Length_char': 541, 'Length_word': 89, 'Length_guess': 8, 'Length_ten_points': 0, 'Frequency_guess': 0.0, 'GuessFormat_has_parentheses': 0, 'GuessFormat_has_quotes': 0, 'GuessFormat_word_count': 1, 'GuessFormat_has_numbers': 0, 'RunPosition_position_ratio': 1.2022222222222223, 'RunPosition_early_question': 0, 'RunPosition_late_question': 1, 'QuestionKeyword_signal_for_ten_points': 0, 'QuestionKeyword_signal_name_this': 0, 'QuestionKeyword_signal_identify_this': 0, 'QuestionKeyword_signal_what_is': 0, 'QuestionKeyword_signal_who_is': 0, 'QuestionKeyword_signal_this_author': 0, 'QuestionKeyword_signal_this_work': 0, 'QuestionKeyword_signal_this_character': 0, 'QuestionKeyword_signal_this_person': 0, 'QuestionKeyword_signal_this_country': 0, 'QuestionKeyword_signal_this_battle': 0, 'QuestionKeyword_signal_this_composer': 0, 'QuestionKeyword_signal_this_painting': 0, 'GuessQuality_proper_noun': 1, 'GuessQuality_single_word': 1, 'GuessQuality_has_title_case': 1, 'AnswerType_expects_person': 0, 'AnswerType_expects_work': 0, 'AnswerType_expects_place': 0, 'final': np.False_}"
True,13,5,6,Refugees,0.00,"{'Gpr_confidence': -0.027196049647333336, 'Length_char': 580, 'Length_word': 95, 'Length_guess': 8, 'Length_ten_points': 0, 'Frequency_guess': 0.0, 'GuessFormat_has_parentheses': 0, 'GuessFormat_has_quotes': 0, 'GuessFormat_word_count': 1, 'GuessFormat_has_numbers': 0, 'RunPosition_position_ratio': 1.288888888888889, 'RunPosition_early_question': 0, 'RunPosition_late_question': 1, 'QuestionKeyword_signal_for_ten_points': 0, 'QuestionKeyword_signal_name_this': 0, 'QuestionKeyword_signal_identify_this': 0, 'QuestionKeyword_signal_what_is': 0, 'QuestionKeyword_signal_who_is': 0, 'QuestionKeyword_signal_this_author': 0, 'QuestionKeyword_signal_this_work': 0, 'QuestionKeyword_signal_this_character': 0, 'QuestionKeyword_signal_this_person': 0, 'QuestionKeyword_signal_this_country': 0, 'QuestionKeyword_signal_this_battle': 0, 'QuestionKeyword_signal_this_composer': 0, 'QuestionKeyword_signal_this_painting': 0, 'GuessQuality_proper_noun': 1, 'GuessQuality_single_word': 1, 'GuessQuality_has_title_case': 1, 'AnswerType_expects_person': 0, 'AnswerType_expects_work': 0, 'AnswerType_expects_place': 0, 'final': np.True_}"
False,13,5,13,Refugees,0.00,"{'Gpr_confidence': -0.206163550777, 'Length_char': 621, 'Length_word': 102, 'Length_guess': 8, 'Length_ten_points': 0, 'Frequency_guess': 0.0, 'GuessFormat_has_parentheses': 0, 'GuessFormat_has_quotes': 0, 'GuessFormat_word_count': 1, 'GuessFormat_has_numbers': 0, 'RunPosition_position_ratio': 1.38, 'RunPosition_early_question': 0, 'RunPosition_late_question': 1, 'QuestionKeyword_signal_for_ten_points': 0, 'QuestionKeyword_signal_name_this': 0, 'QuestionKeyword_signal_identify_this': 0, 'QuestionKeyword_signal_what_is': 0, 'QuestionKeyword_signal_who_is': 0, 'QuestionKeyword_signal_this_author': 0, 'QuestionKeyword_signal_this_work': 0, 'QuestionKeyword_signal_this_character': 0, 'QuestionKeyword_signal_this_person': 0, 'QuestionKeyword_signal_this_country': 0, 'QuestionKeyword_signal_this_battle': 0, 'QuestionKeyword_signal_this_composer': 0, 'QuestionKeyword_signal_this_painting': 0, 'GuessQuality_proper_noun': 1, 'GuessQuality_single_word': 1, 'GuessQuality_has_title_case': 1, 'AnswerType_expects_person': 0, 'AnswerType_expects_work': 0, 'AnswerType_expects_place': 0, 'final': np.False_}"
True,13,5,18,Refugees,0.00,"{'Gpr_confidence': -0.107794172977, 'Length_char': 650, 'Length_word': 107, 'Length_guess': 8, 'Length_ten_points': 0, 'Frequency_guess': 0.0, 'GuessFormat_has_parentheses': 0, 'GuessFormat_has_quotes': 0, 'GuessFormat_word_count': 1, 'GuessFormat_has_numbers': 0, 'RunPosition_position_ratio': 1.4444444444444444, 'RunPosition_early_question': 0, 'RunPosition_late_question': 1, 'QuestionKeyword_signal_for_ten_points': 0, 'QuestionKeyword_signal_name_this': 0, 'QuestionKeyword_signal_identify_this': 0, 'QuestionKeyword_signal_what_is': 0, 'QuestionKeyword_signal_who_is': 0, 'QuestionKeyword_signal_this_author': 0, 'QuestionKeyword_signal_this_work': 0, 'QuestionKeyword_signal_this_character': 0, 'QuestionKeyword_signal_this_person': 0, 'QuestionKeyword_signal_this_country': 0, 'QuestionKeyword_signal_this_battle': 0, 'QuestionKeyword_signal_this_composer': 0, 'QuestionKeyword_signal_this_painting': 0, 'GuessQuality_proper_noun': 1, 'GuessQuality_single_word': 1, 'GuessQuality_has_title_case': 1, 'AnswerType_expects_person': 0, 'AnswerType_expects_work': 0, 'AnswerType_expects_place': 0, 'final': np.True_}"
True,13,5,23,Refugees,0.00,"{'Gpr_confidence': -0.11696391527210999, 'Length_char': 680, 'Length_word': 112, 'Length_guess': 8, 'Length_ten_points': 0, 'Frequency_guess': 0.0, 'GuessFormat_has_parentheses': 0, 'GuessFormat_has_quotes': 0, 'GuessFormat_word_count': 1, 'GuessFormat_has_numbers': 0, 'RunPosition_position_ratio': 1.511111111111111, 'RunPosition_early_question': 0, 'RunPosition_late_question': 1, 'QuestionKeyword_signal_for_ten_points': 0, 'QuestionKeyword_signal_name_this': 0, 'QuestionKeyword_signal_identify_this': 0, 'QuestionKeyword_signal_what_is': 0, 'QuestionKeyword_signal_who_is': 0, 'QuestionKeyword_signal_this_author': 0, 'QuestionKeyword_signal_this_work': 0, 'QuestionKeyword_signal_this_character': 0, 'QuestionKeyword_signal_this_person': 0, 'QuestionKeyword_signal_this_country': 0, 'QuestionKeyword_signal_this_battle': 0, 'QuestionKeyword_signal_this_composer': 0, 'QuestionKeyword_signal_this_painting': 0, 'GuessQuality_proper_noun': 1, 'GuessQuality_single_word': 1, 'GuessQuality_has_title_case': 1, 'AnswerType_expects_person': 0, 'AnswerType_expects_work': 0, 'AnswerType_expects_place': 0, 'final': np.True_}"
True,13,6,7,Refugees,0.00,"{'Gpr_confidence': -0.058706392018866675, 'Length_char': 721, 'Length_word': 119, 'Length_guess': 8, 'Length_ten_points': 0, 'Frequency_guess': 0.0, 'GuessFormat_has_parentheses': 0, 'GuessFormat_has_quotes': 0, 'GuessFormat_word_count': 1, 'GuessFormat_has_numbers': 0, 'RunPosition_position_ratio': 1.6022222222222222, 'RunPosition_early_question': 0, 'RunPosition_late_question': 1, 'QuestionKeyword_signal_for_ten_points': 0, 'QuestionKeyword_signal_name_this': 0, 'QuestionKeyword_signal_identify_this': 0, 'QuestionKeyword_signal_what_is': 0, 'QuestionKeyword_signal_who_is': 0, 'QuestionKeyword_signal_this_author': 0, 'QuestionKeyword_signal_this_work': 0, 'QuestionKeyword_signal_this_character': 0, 'QuestionKeyword_signal_this_person': 0, 'QuestionKeyword_signal_this_country': 0, 'QuestionKeyword_signal_this_battle': 0, 'QuestionKeyword_signal_this_composer': 0, 'QuestionKeyword_signal_this_painting': 0, 'GuessQuality_proper_noun': 1, 'GuessQuality_single_word': 1, 'GuessQuality_has_title_case': 1, 'AnswerType_expects_person': 0, 'AnswerType_expects_work': 0, 'AnswerType_expects_place': 0, 'final': np.True_}"
True,13,6,11,Refugees,0.00,"{'Gpr_confidence': -0.03934003574733333, 'Length_char': 748, 'Length_word': 123, 'Length_guess': 8, 'Length_ten_points': 0, 'Frequency_guess': 0.0, 'GuessFormat_has_parentheses': 0, 'GuessFormat_has_quotes': 0, 'GuessFormat_word_count': 1, 'GuessFormat_has_numbers': 0, 'RunPosition_position_ratio': 1.6622222222222223, 'RunPosition_early_question': 0, 'RunPosition_late_question': 1, 'QuestionKeyword_signal_for_ten_points': 0, 'QuestionKeyword_signal_name_this': 0, 'QuestionKeyword_signal_identify_this': 0, 'QuestionKeyword_signal_what_is': 0, 'QuestionKeyword_signal_who_is': 0, 'QuestionKeyword_signal_this_author': 0, 'QuestionKeyword_signal_this_work': 0, 'QuestionKeyword_signal_this_character': 0, 'QuestionKeyword_signal_this_person': 0, 'QuestionKeyword_signal_this_country': 0, 'QuestionKeyword_signal_this_battle': 0, 'QuestionKeyword_signal_this_composer': 0, 'QuestionKeyword_signal_this_painting': 0, 'GuessQuality_proper_noun': 1, 'GuessQuality_single_word': 1, 'GuessQuality_has_title_case': 1, 'AnswerType_expects_person': 0, 'AnswerType_expects_work': 0, 'AnswerType_expects_place': 1, 'final': np.True_}"
True,13,6,11,Refugees,0.00,"{'Gpr_confidence': -0.03934003574733333, 'Length_char': 748, 'Length_word': 123, 'Length_guess': 8, 'Length_ten_points': 0, 'Frequency_guess': 0.0, 'GuessFormat_has_parentheses': 0, 'GuessFormat_has_quotes': 0, 'GuessFormat_word_count': 1, 'GuessFormat_has_numbers': 0, 'RunPosition_position_ratio': 1.6622222222222223, 'RunPosition_early_question': 0, 'RunPosition_late_question': 1, 'QuestionKeyword_signal_for_ten_points': 0, 'QuestionKeyword_signal_name_this': 0, 'QuestionKeyword_signal_identify_this': 0, 'QuestionKeyword_signal_what_is': 0, 'QuestionKeyword_signal_who_is': 0, 'QuestionKeyword_signal_this_author': 0, 'QuestionKeyword_signal_this_work': 0, 'QuestionKeyword_signal_this_character': 0, 'QuestionKeyword_signal_this_person': 0, 'QuestionKeyword_signal_this_country': 0, 'QuestionKeyword_signal_this_battle': 0, 'QuestionKeyword_signal_this_composer': 0, 'QuestionKeyword_signal_this_painting': 0, 'GuessQuality_proper_noun': 1, 'GuessQuality_single_word': 1, 'GuessQuality_has_title_case': 1, 'AnswerType_expects_person': 0, 'AnswerType_expects_work': 0, 'AnswerType_expects_place': 1, 'final': np.True_}"
False,14,0,5,Steel industry,0.00,"{'Gpr_confidence': -0.27474787300000003, 'Length_char': 38, 'Length_word': 5, 'Length_guess': 14, 'Length_ten_points': 0, 'Frequency_guess': 0.0, 'GuessFormat_has_parentheses': 0, 'GuessFormat_has_quotes': 0, 'GuessFormat_word_count': 2, 'GuessFormat_has_numbers': 0, 'RunPosition_position_ratio': 0.08444444444444445, 'RunPosition_early_question': 1, 'RunPosition_late_question': 0, 'QuestionKeyword_signal_for_ten_points': 0, 'QuestionKeyword_signal_name_this': 0, 'QuestionKeyword_signal_identify_this': 0, 'QuestionKeyword_signal_what_is': 0, 'QuestionKeyword_signal_who_is': 0, 'QuestionKeyword_signal_this_author': 0, 'QuestionKeyword_signal_this_work': 0, 'QuestionKeyword_signal_this_character': 0, 'QuestionKeyword_signal_this_person': 0, 'QuestionKeyword_signal_this_country': 0, 'QuestionKeyword_signal_this_battle': 0, 'QuestionKeyword_signal_this_composer': 0, 'QuestionKeyword_signal_this_painting': 0, 'GuessQuality_proper_noun': 1, 'GuessQuality_single_word': 0, 'GuessQuality_has_title_case': 0, 'AnswerType_expects_person': 0, 'AnswerType_expects_work': 0, 'AnswerType_expects_place': 0, 'final': np.False_}"
False,14,0,12,Iron and steel industry,0.00,"{'Gpr_confidence': -0.22764266225, 'Length_char': 73, 'Length_word': 12, 'Length_guess': 23, 'Length_ten_points': 0, 'Frequency_guess': 0.0, 'GuessFormat_has_parentheses': 0, 'GuessFormat_has_quotes': 0, 'GuessFormat_word_count': 4, 'GuessFormat_has_numbers': 0, 'RunPosition_position_ratio': 0.1622222222222222, 'RunPosition_early_question': 1, 'RunPosition_late_question': 0, 'QuestionKeyword_signal_for_ten_points': 0, 'QuestionKeyword_signal_name_this': 0, 'QuestionKeyword_signal_identify_this': 0, 'QuestionKeyword_signal_what_is': 0, 'QuestionKeyword_signal_who_is': 0, 'QuestionKeyword_signal_this_author': 0, 'QuestionKeyword_signal_this_work': 0, 'QuestionKeyword_signal_this_character': 0, 'QuestionKeyword_signal_this_person': 0, 'QuestionKeyword_signal_this_country': 0, 'QuestionKeyword_signal_this_battle': 0, 'QuestionKeyword_signal_this_composer': 0, 'QuestionKeyword_signal_this_painting': 0, 'GuessQuality_proper_noun': 1, 'GuessQuality_single_word': 0, 'GuessQuality_has_title_case': 0, 'AnswerType_expects_person': 0, 'AnswerType_expects_work': 0, 'AnswerType_expects_place': 0, 'final': np.False_}"
False,14,0,15,Tetrafluoromethane,0.00,"{'Gpr_confidence': -0.044463106334475, 'Length_char': 108, 'Length_word': 15, 'Length_guess': 18, 'Length_ten_points': 0, 'Frequency_guess': 0.0, 'GuessFormat_has_parentheses': 0, 'GuessFormat_has_quotes': 0, 'GuessFormat_word_count': 1, 'GuessFormat_has_numbers': 0, 'RunPosition_position_ratio': 0.24, 'RunPosition_early_question': 1, 'RunPosition_late_question': 0, 'QuestionKeyword_signal_for_ten_points': 0, 'QuestionKeyword_signal_name_this': 0, 'QuestionKeyword_signal_identify_this': 0, 'QuestionKeyword_signal_what_is': 0, 'QuestionKeyword_signal_who_is': 0, 'QuestionKeyword_signal_this_author': 0, 'QuestionKeyword_signal_this_work': 0, 'QuestionKeyword_signal_this_character': 0, 'QuestionKeyword_signal_this_person': 0, 'QuestionKeyword_signal_this_country': 0, 'QuestionKeyword_signal_this_battle': 0, 'QuestionKeyword_signal_this_composer': 0, 'QuestionKeyword_signal_this_painting': 0, 'GuessQuality_proper_noun': 1, 'GuessQuality_single_word': 1, 'GuessQuality_has_title_case': 1, 'AnswerType_expects_person': 0, 'AnswerType_expects_work': 0, 'AnswerType_expects_place': 0, 'final': np.False_}"
False,14,1,6,Aluminium smelting,0.00,"{'Gpr_confidence': -0.20304027025428, 'Length_char': 149, 'Length_word': 21, 'Length_guess': 18, 'Length_ten_points': 0, 'Frequency_guess': 0.0, 'GuessFormat_has_parentheses': 0, 'GuessFormat_has_quotes': 0, 'GuessFormat_word_count': 2, 'GuessFormat_has_numbers': 0, 'RunPosition_position_ratio': 0.33111111111111113, 'RunPosition_early_question': 0, 'RunPosition_late_question': 0, 'QuestionKeyword_signal_for_ten_points': 0, 'QuestionKeyword_signal_name_this': 0, 'QuestionKeyword_signal_identify_this': 0, 'QuestionKeyword_signal_what_is': 0, 'QuestionKeyword_signal_who_is': 0, 'QuestionKeyword_signal_this_author': 0, 'QuestionKeyword_signal_this_work': 0, 'QuestionKeyword_signal_this_character': 0, 'QuestionKeyword_signal_this_person': 0, 'QuestionKeyword_signal_this_country': 0, 'QuestionKeyword_signal_this_battle': 0, 'QuestionKeyword_signal_this_composer': 0, 'QuestionKeyword_signal_this_painting': 0, 'GuessQuality_proper_noun': 1, 'GuessQuality_single_word': 0, 'GuessQuality_has_title_case': 0, 'AnswerType_expects_person': 0, 'AnswerType_expects_work': 0, 'AnswerType_expects_place': 0, 'final': np.False_}"
False,14,1,12,Aluminium_production,0.00,"{'Gpr_confidence': -0.45524331333333334, 'Length_char': 186, 'Length_word': 27, 'Length_guess': 20, 'Length_ten_points': 0, 'Frequency_guess': 0.0, 'GuessFormat_has_parentheses': 0, 'GuessFormat_has_quotes': 0, 'GuessFormat_word_count': 1, 'GuessFormat_has_numbers': 0, 'RunPosition_position_ratio': 0.41333333333333333, 'RunPosition_early_question': 0, 'RunPosition_late_question': 0, 'QuestionKeyword_signal_for_ten_points': 0, 'QuestionKeyword_signal_name_this': 0, 'QuestionKeyword_signal_identify_this': 0, 'QuestionKeyword_signal_what_is': 0, 'QuestionKeyword_signal_who_is': 0, 'QuestionKeyword_signal_this_author': 0, 'QuestionKeyword_signal_this_work': 0, 'QuestionKeyword_signal_this_character': 0, 'QuestionKeyword_signal_this_person': 0, 'QuestionKeyword_signal_this_country': 0, 'QuestionKeyword_signal_this_battle': 0, 'QuestionKeyword_signal_this_composer': 0, 'QuestionKeyword_signal_this_painting': 0, 'GuessQuality_proper_noun': 1, 'GuessQuality_single_word': 1, 'GuessQuality_has_title_case': 1, 'AnswerType_expects_person': 0, 'AnswerType_expects_work': 0, 'AnswerType_expects_place': 0, 'final': np.False_}"
False,14,1,18,Aluminium fluoride,0.00,"{'Gpr_confidence': -0.24961936933333337, 'Length_char': 223, 'Length_word': 33, 'Length_guess': 18, 'Length_ten_points': 0, 'Frequency_guess': 0.0, 'GuessFormat_has_parentheses': 0, 'GuessFormat_has_quotes': 0, 'GuessFormat_word_count': 2, 'GuessFormat_has_numbers': 0, 'RunPosition_position_ratio': 0.4955555555555556, 'RunPosition_early_question': 0, 'RunPosition_late_question': 0, 'QuestionKeyword_signal_for_ten_points': 0, 'QuestionKeyword_signal_name_this': 0, 'QuestionKeyword_signal_identify_this': 0, 'QuestionKeyword_signal_what_is': 0, 'QuestionKeyword_signal_who_is': 0, 'QuestionKeyword_signal_this_author': 0, 'QuestionKeyword_signal_this_work': 0, 'QuestionKeyword_signal_this_character': 0, 'QuestionKeyword_signal_this_person': 0, 'QuestionKeyword_signal_this_country': 0, 'QuestionKeyword_signal_this_battle': 0, 'QuestionKeyword_signal_this_composer': 0, 'QuestionKeyword_signal_this_painting': 0, 'GuessQuality_proper_noun': 1, 'GuessQuality_single_word': 0, 'GuessQuality_has_title_case': 0, 'AnswerType_expects_person': 0, 'AnswerType_expects_work': 0, 'AnswerType_expects_place': 0, 'final': np.False_}"
False,14,1,21,Aluminium oxide,0.00,"{'Gpr_confidence': -0.29024406666666663, 'Length_char': 239, 'Length_word': 36, 'Length_guess': 15, 'Length_ten_points': 0, 'Frequency_guess': 0.0, 'GuessFormat_has_parentheses': 0, 'GuessFormat_has_quotes': 0, 'GuessFormat_word_count': 2, 'GuessFormat_has_numbers': 0, 'RunPosition_position_ratio': 0.5311111111111111, 'RunPosition_early_question': 0, 'RunPosition_late_question': 0, 'QuestionKeyword_signal_for_ten_points': 0, 'QuestionKeyword_signal_name_this': 0, 'QuestionKeyword_signal_identify_this': 0, 'QuestionKeyword_signal_what_is': 0, 'QuestionKeyword_signal_who_is': 0, 'QuestionKeyword_signal_this_author': 0, 'QuestionKeyword_signal_this_work': 0, 'QuestionKeyword_signal_this_character': 0, 'QuestionKeyword_signal_this_person': 0, 'QuestionKeyword_signal_this_country': 0, 'QuestionKeyword_signal_this_battle': 0, 'QuestionKeyword_signal_this_composer': 0, 'QuestionKeyword_signal_this_painting': 0, 'GuessQuality_proper_noun': 1, 'GuessQuality_single_word': 0, 'GuessQuality_has_title_case': 0, 'AnswerType_expects_person': 0, 'AnswerType_expects_work': 0, 'AnswerType_expects_place': 0, 'final': np.False_}"
False,14,2,6,Aluminium oxide,0.00,"{'Gpr_confidence': -0.351482832, 'Length_char': 276, 'Length_word': 42, 'Length_guess': 15, 'Length_ten_points': 0, 'Frequency_guess': 0.0, 'GuessFormat_has_parentheses': 0, 'GuessFormat_has_quotes': 0, 'GuessFormat_word_count': 2, 'GuessFormat_has_numbers': 0, 'RunPosition_position_ratio': 0.6133333333333333, 'RunPosition_early_question': 0, 'RunPosition_late_question': 0, 'QuestionKeyword_signal_for_ten_points': 0, 'QuestionKeyword_signal_name_this': 0, 'QuestionKeyword_signal_identify_this': 0, 'QuestionKeyword_signal_what_is': 0, 'QuestionKeyword_signal_who_is': 0, 'QuestionKeyword_signal_this_author': 0, 'QuestionKeyword_signal_this_work': 0, 'QuestionKeyword_signal_this_character': 0, 'QuestionKeyword_signal_this_person': 0, 'QuestionKeyword_signal_this_country': 0, 'QuestionKeyword_signal_this_battle': 0, 'QuestionKeyword_signal_this_composer': 0, 'QuestionKeyword_signal_this_painting': 0, 'GuessQuality_proper_noun': 1, 'GuessQuality_single_word': 0, 'GuessQuality_has_title_case': 0, 'AnswerType_expects_person': 0, 'AnswerType_expects_work': 0, 'AnswerType_expects_place': 1, 'final': np.False_}"
False,14,2,12,Aluminium oxide,0.00,"{'Gpr_confidence': -0.7465885333333334, 'Length_char': 317, 'Length_word': 48, 'Length_guess': 15, 'Length_ten_points': 0, 'Frequency_guess': 0.0, 'GuessFormat_has_parentheses': 0, 'GuessFormat_has_quotes': 0, 'GuessFormat_word_count': 2, 'GuessFormat_has_numbers': 0, 'RunPosition_position_ratio': 0.7044444444444444, 'RunPosition_early_question': 0, 'RunPosition_late_question': 0, 'QuestionKeyword_signal_for_ten_points': 0, 'QuestionKeyword_signal_name_this': 0, 'QuestionKeyword_signal_identify_this': 0, 'QuestionKeyword_signal_what_is': 0, 'QuestionKeyword_signal_who_is': 0, 'QuestionKeyword_signal_this_author': 0, 'QuestionKeyword_signal_this_work': 0, 'QuestionKeyword_signal_this_character': 0, 'QuestionKeyword_signal_this_person': 0, 'QuestionKeyword_signal_this_country': 0, 'QuestionKeyword_signal_this_battle': 0, 'QuestionKeyword_signal_this_composer': 0, 'QuestionKeyword_signal_this_painting': 0, 'GuessQuality_proper_noun': 1, 'GuessQuality_single_word': 0, 'GuessQuality_has_title_case': 0, 'AnswerType_expects_person': 0, 'AnswerType_expects_work': 0, 'AnswerType_expects_place': 1, 'final': np.False_}"
True,14,2,17,Mercury (element),0.00,"{'Gpr_confidence': -0.0218723798828, 'Length_char': 353, 'Length_word': 53, 'Length_guess': 17, 'Length_ten_points': 0, 'Frequency_guess': 3.6375861597263857, 'GuessFormat_has_parentheses': 1, 'GuessFormat_has_quotes': 0, 'GuessFormat_word_count': 2, 'GuessFormat_has_numbers': 0, 'RunPosition_position_ratio': 0.7844444444444445, 'RunPosition_early_question': 0, 'RunPosition_late_question': 1, 'QuestionKeyword_signal_for_ten_points': 0, 'QuestionKeyword_signal_name_this': 0, 'QuestionKeyword_signal_identify_this': 0, 'QuestionKeyword_signal_what_is': 0, 'QuestionKeyword_signal_who_is': 0, 'QuestionKeyword_signal_this_author': 0, 'QuestionKeyword_signal_this_work': 0, 'QuestionKeyword_signal_this_character': 0, 'QuestionKeyword_signal_this_person': 0, 'QuestionKeyword_signal_this_country': 0, 'QuestionKeyword_signal_this_battle': 0, 'QuestionKeyword_signal_this_composer': 0, 'QuestionKeyword_signal_this_painting': 0, 'GuessQuality_proper_noun': 1, 'GuessQuality_single_word': 0, 'GuessQuality_has_title_case': 0, 'AnswerType_expects_person': 0, 'AnswerType_expects_work': 0, 'AnswerType_expects_place': 1, 'final': np.True_}"
True,14,2,20,Mercury (element),0.00,"{'Gpr_confidence': -0.20721183754660003, 'Length_char': 370, 'Length_word': 56, 'Length_guess': 17, 'Length_ten_points': 0, 'Frequency_guess': 3.6375861597263857, 'GuessFormat_has_parentheses': 1, 'GuessFormat_has_quotes': 0, 'GuessFormat_word_count': 2, 'GuessFormat_has_numbers': 0, 'RunPosition_position_ratio': 0.8222222222222222, 'RunPosition_early_question': 0, 'RunPosition_late_question': 1, 'QuestionKeyword_signal_for_ten_points': 0, 'QuestionKeyword_signal_name_this': 0, 'QuestionKeyword_signal_identify_this': 0, 'QuestionKeyword_signal_what_is': 0, 'QuestionKeyword_signal_who_is': 0, 'QuestionKeyword_signal_this_author': 0, 'QuestionKeyword_signal_this_work': 0, 'QuestionKeyword_signal_this_character': 0, 'QuestionKeyword_signal_this_person': 0, 'QuestionKeyword_signal_this_country': 0, 'QuestionKeyword_signal_this_battle': 0, 'QuestionKeyword_signal_this_composer': 0, 'QuestionKeyword_signal_this_painting': 0, 'GuessQuality_proper_noun': 1, 'GuessQuality_single_word': 0, 'GuessQuality_has_title_case': 0, 'AnswerType_expects_person': 0, 'AnswerType_expects_work': 0, 'AnswerType_expects_place': 1, 'final': np.True_}"
True,14,3,5,Mercury (element),0.00,"{'Gpr_confidence': -0.11147871529940001, 'Length_char': 409, 'Length_word': 61, 'Length_guess': 17, 'Length_ten_points': 0, 'Frequency_guess': 3.6375861597263857, 'GuessFormat_has_parentheses': 1, 'GuessFormat_has_quotes': 0, 'GuessFormat_word_count': 2, 'GuessFormat_has_numbers': 0, 'RunPosition_position_ratio': 0.9088888888888889, 'RunPosition_early_question': 0, 'RunPosition_late_question': 1, 'QuestionKeyword_signal_for_ten_points': 0, 'QuestionKeyword_signal_name_this': 0, 'QuestionKeyword_signal_identify_this': 0, 'QuestionKeyword_signal_what_is': 0, 'QuestionKeyword_signal_who_is': 0, 'QuestionKeyword_signal_this_author': 0, 'QuestionKeyword_signal_this_work': 0, 'QuestionKeyword_signal_this_character': 0, 'QuestionKeyword_signal_this_person': 0, 'QuestionKeyword_signal_this_country': 0, 'QuestionKeyword_signal_this_battle': 0, 'QuestionKeyword_signal_this_composer': 0, 'QuestionKeyword_signal_this_painting': 0, 'GuessQuality_proper_noun': 1, 'GuessQuality_single_word': 0, 'GuessQuality_has_title_case': 0, 'AnswerType_expects_person': 0, 'AnswerType_expects_work': 0, 'AnswerType_expects_place': 1, 'final': np.True_}"
True,14,3,13,Mercury (element),0.00,"{'Gpr_confidence': -0.030689100208600002, 'Length_char': 443, 'Length_word': 69, 'Length_guess': 17, 'Length_ten_points': 0, 'Frequency_guess': 3.6375861597263857, 'GuessFormat_has_parentheses': 1, 'GuessFormat_has_quotes': 0, 'GuessFormat_word_count': 2, 'GuessFormat_has_numbers': 0, 'RunPosition_position_ratio': 0.9844444444444445, 'RunPosition_early_question': 0, 'RunPosition_late_question': 1, 'QuestionKeyword_signal_for_ten_points': 0, 'QuestionKeyword_signal_name_this': 0, 'QuestionKeyword_signal_identify_this': 0, 'QuestionKeyword_signal_what_is': 0, 'QuestionKeyword_signal_who_is': 0, 'QuestionKeyword_signal_this_author': 0, 'QuestionKeyword_signal_this_work': 0, 'QuestionKeyword_signal_this_character': 0, 'QuestionKeyword_signal_this_person': 0, 'QuestionKeyword_signal_this_country': 0, 'QuestionKeyword_signal_this_battle': 0, 'QuestionKeyword_signal_this_composer': 0, 'QuestionKeyword_signal_this_painting': 0, 'GuessQuality_proper_noun': 1, 'GuessQuality_single_word': 0, 'GuessQuality_has_title_case': 0, 'AnswerType_expects_person': 0, 'AnswerType_expects_work': 0, 'AnswerType_expects_place': 1, 'final': np.True_}"
True,14,3,15,Mercury (element),0.00,"{'Gpr_confidence': -0.06305037563719999, 'Length_char': 455, 'Length_word': 71, 'Length_guess': 17, 'Length_ten_points': 0, 'Frequency_guess': 3.6375861597263857, 'GuessFormat_has_parentheses': 1, 'GuessFormat_has_quotes': 0, 'GuessFormat_word_count': 2, 'GuessFormat_has_numbers': 0, 'RunPosition_position_ratio': 1.011111111111111, 'RunPosition_early_question': 0, 'RunPosition_late_question': 1, 'QuestionKeyword_signal_for_ten_points': 0, 'QuestionKeyword_signal_name_this': 0, 'QuestionKeyword_signal_identify_this': 0, 'QuestionKeyword_signal_what_is': 0, 'QuestionKeyword_signal_who_is': 0, 'QuestionKeyword_signal_this_author': 0, 'QuestionKeyword_signal_this_work': 0, 'QuestionKeyword_signal_this_character': 0, 'QuestionKeyword_signal_this_person': 0, 'QuestionKeyword_signal_this_country': 0, 'QuestionKeyword_signal_this_battle': 0, 'QuestionKeyword_signal_this_composer': 0, 'QuestionKeyword_signal_this_painting': 0, 'GuessQuality_proper_noun': 1, 'GuessQuality_single_word': 0, 'GuessQuality_has_title_case': 0, 'AnswerType_expects_person': 0, 'AnswerType_expects_work': 0, 'AnswerType_expects_place': 1, 'final': np.True_}"
True,14,4,6,Aluminium,0.00,"{'Gpr_confidence': -0.032123643, 'Length_char': 496, 'Length_word': 77, 'Length_guess': 9, 'Length_ten_points': 0, 'Frequency_guess': 2.772588722239781, 'GuessFormat_has_parentheses': 0, 'GuessFormat_has_quotes': 0, 'GuessFormat_word_count': 1, 'GuessFormat_has_numbers': 0, 'RunPosition_position_ratio': 1.1022222222222222, 'RunPosition_early_question': 0, 'RunPosition_late_question': 1, 'QuestionKeyword_signal_for_ten_points': 0, 'QuestionKeyword_signal_name_this': 0, 'QuestionKeyword_signal_identify_this': 0, 'QuestionKeyword_signal_what_is': 0, 'QuestionKeyword_signal_who_is': 0, 'QuestionKeyword_signal_this_author': 0, 'QuestionKeyword_signal_this_work': 0, 'QuestionKeyword_signal_this_character': 0, 'QuestionKeyword_signal_this_person': 0, 'QuestionKeyword_signal_this_country': 0, 'QuestionKeyword_signal_this_battle': 0, 'QuestionKeyword_signal_this_composer': 0, 'QuestionKeyword_signal_this_painting': 0, 'GuessQuality_proper_noun': 1, 'GuessQuality_single_word': 1, 'GuessQuality_has_title_case': 1, 'AnswerType_expects_person': 0, 'AnswerType_expects_work': 0, 'AnswerType_expects_place': 1, 'final': np.True_}"
True,14,4,13,Aluminium,0.00,"{'Gpr_confidence': -0.236297755, 'Length_char': 529, 'Length_word': 84, 'Length_guess': 9, 'Length_ten_points': 0, 'Frequency_guess': 2.772588722239781, 'GuessFormat_has_parentheses': 0, 'GuessFormat_has_quotes': 0, 'GuessFormat_word_count': 1, 'GuessFormat_has_numbers': 0, 'RunPosition_position_ratio': 1.1755555555555555, 'RunPosition_early_question': 0, 'RunPosition_late_question': 1, 'QuestionKeyword_signal_for_ten_points': 0, 'QuestionKeyword_signal_name_this': 0, 'QuestionKeyword_signal_identify_this': 0, 'QuestionKeyword_signal_what_is': 0, 'QuestionKeyword_signal_who_is': 0, 'QuestionKeyword_signal_this_author': 0, 'QuestionKeyword_signal_this_work': 0, 'QuestionKeyword_signal_this_character': 0, 'QuestionKeyword_signal_this_person': 0, 'QuestionKeyword_signal_this_country': 0, 'QuestionKeyword_signal_this_battle': 0, 'QuestionKeyword_signal_this_composer': 0, 'QuestionKeyword_signal_this_painting': 0, 'GuessQuality_proper_noun': 1, 'GuessQuality_single_word': 1, 'GuessQuality_has_title_case': 1, 'AnswerType_expects_person': 0, 'AnswerType_expects_work': 0, 'AnswerType_expects_place': 1, 'final': np.True_}"
True,14,4,16,Aluminium,0.00,"{'Gpr_confidence': -0.05366236, 'Length_char': 559, 'Length_word': 87, 'Length_guess': 9, 'Length_ten_points': 0, 'Frequency_guess': 2.772588722239781, 'GuessFormat_has_parentheses': 0, 'GuessFormat_has_quotes': 0, 'GuessFormat_word_count': 1, 'GuessFormat_has_numbers': 0, 'RunPosition_position_ratio': 1.2422222222222221, 'RunPosition_early_question': 0, 'RunPosition_late_question': 1, 'QuestionKeyword_signal_for_ten_points': 0, 'QuestionKeyword_signal_name_this': 0, 'QuestionKeyword_signal_identify_this': 0, 'QuestionKeyword_signal_what_is': 0, 'QuestionKeyword_signal_who_is': 0, 'QuestionKeyword_signal_this_author': 0, 'QuestionKeyword_signal_this_work': 0, 'QuestionKeyword_signal_this_character': 0, 'QuestionKeyword_signal_this_person': 0, 'QuestionKeyword_signal_this_country': 0, 'QuestionKeyword_signal_this_battle': 0, 'QuestionKeyword_signal_this_composer': 0, 'QuestionKeyword_signal_this_painting': 0, 'GuessQuality_proper_noun': 1, 'GuessQuality_single_word': 1, 'GuessQuality_has_title_case': 1, 'AnswerType_expects_person': 0, 'AnswerType_expects_work': 0, 'AnswerType_expects_place': 1, 'final': np.True_}"
True,14,5,7,Aluminium,0.00,"{'Gpr_confidence': -0.044131411, 'Length_char': 601, 'Length_word': 94, 'Length_guess': 9, 'Length_ten_points': 0, 'Frequency_guess': 2.772588722239781, 'GuessFormat_has_parentheses': 0, 'GuessFormat_has_quotes': 0, 'GuessFormat_word_count': 1, 'GuessFormat_has_numbers': 0, 'RunPosition_position_ratio': 1.3355555555555556, 'RunPosition_early_question': 0, 'RunPosition_late_question': 1, 'QuestionKeyword_signal_for_ten_points': 0, 'QuestionKeyword_signal_name_this': 0, 'QuestionKeyword_signal_identify_this': 0, 'QuestionKeyword_signal_what_is': 0, 'QuestionKeyword_signal_who_is': 0, 'QuestionKeyword_signal_this_author': 0, 'QuestionKeyword_signal_this_work': 0, 'QuestionKeyword_signal_this_character': 0, 'QuestionKeyword_signal_this_person': 0, 'QuestionKeyword_signal_this_country': 0, 'QuestionKeyword_signal_this_battle': 0, 'QuestionKeyword_signal_this_composer': 0, 'QuestionKeyword_signal_this_painting': 0, 'GuessQuality_proper_noun': 1, 'GuessQuality_single_word': 1, 'GuessQuality_has_title_case': 1, 'AnswerType_expects_person': 0, 'AnswerType_expects_work': 0, 'AnswerType_expects_place': 1, 'final': np.True_}"
True,14,5,13,Aluminium,0.00,"{'Gpr_confidence': -0.028397826850000002, 'Length_char': 633, 'Length_word': 100, 'Length_guess': 9, 'Length_ten_points': 0, 'Frequency_guess': 2.772588722239781, 'GuessFormat_has_parentheses': 0, 'GuessFormat_has_quotes': 0, 'GuessFormat_word_count': 1, 'GuessFormat_has_numbers': 0, 'RunPosition_position_ratio': 1.4066666666666667, 'RunPosition_early_question': 0, 'RunPosition_late_question': 1, 'QuestionKeyword_signal_for_ten_points': 0, 'QuestionKeyword_signal_name_this': 0, 'QuestionKeyword_signal_identify_this': 0, 'QuestionKeyword_signal_what_is': 0, 'QuestionKeyword_signal_who_is': 0, 'QuestionKeyword_signal_this_author': 0, 'QuestionKeyword_signal_this_work': 0, 'QuestionKeyword_signal_this_character': 0, 'QuestionKeyword_signal_this_person': 0, 'QuestionKeyword_signal_this_country': 0, 'QuestionKeyword_signal_this_battle': 0, 'QuestionKeyword_signal_this_composer': 0, 'QuestionKeyword_signal_this_painting': 0, 'GuessQuality_proper_noun': 1, 'GuessQuality_single_word': 1, 'GuessQuality_has_title_case': 1, 'AnswerType_expects_person': 0, 'AnswerType_expects_work': 0, 'AnswerType_expects_place': 1, 'final': np.True_}"
True,14,5,19,Aluminium,0.00,"{'Gpr_confidence': -0.0408424046, 'Length_char': 666, 'Length_word': 106, 'Length_guess': 9, 'Length_ten_points': 0, 'Frequency_guess': 2.772588722239781, 'GuessFormat_has_parentheses': 0, 'GuessFormat_has_quotes': 0, 'GuessFormat_word_count': 1, 'GuessFormat_has_numbers': 0, 'RunPosition_position_ratio': 1.48, 'RunPosition_early_question': 0, 'RunPosition_late_question': 1, 'QuestionKeyword_signal_for_ten_points': 0, 'QuestionKeyword_signal_name_this': 0, 'QuestionKeyword_signal_identify_this': 0, 'QuestionKeyword_signal_what_is': 0, 'QuestionKeyword_signal_who_is': 0, 'QuestionKeyword_signal_this_author': 0, 'QuestionKeyword_signal_this_work': 0, 'QuestionKeyword_signal_this_character': 0, 'QuestionKeyword_signal_this_person': 0, 'QuestionKeyword_signal_this_country': 0, 'QuestionKeyword_signal_this_battle': 0, 'QuestionKeyword_signal_this_composer': 0, 'QuestionKeyword_signal_this_painting': 0, 'GuessQuality_proper_noun': 1, 'GuessQuality_single_word': 1, 'GuessQuality_has_title_case': 1, 'AnswerType_expects_person': 0, 'AnswerType_expects_work': 0, 'AnswerType_expects_place': 1, 'final': np.True_}"
True,14,5,23,Aluminium,0.00,"{'Gpr_confidence': -0.02537798045, 'Length_char': 696, 'Length_word': 110, 'Length_guess': 9, 'Length_ten_points': 0, 'Frequency_guess': 2.772588722239781, 'GuessFormat_has_parentheses': 0, 'GuessFormat_has_quotes': 0, 'GuessFormat_word_count': 1, 'GuessFormat_has_numbers': 0, 'RunPosition_position_ratio': 1.5466666666666666, 'RunPosition_early_question': 0, 'RunPosition_late_question': 1, 'QuestionKeyword_signal_for_ten_points': 0, 'QuestionKeyword_signal_name_this': 0, 'QuestionKeyword_signal_identify_this': 0, 'QuestionKeyword_signal_what_is': 0, 'QuestionKeyword_signal_who_is': 0, 'QuestionKeyword_signal_this_author': 0, 'QuestionKeyword_signal_this_work': 0, 'QuestionKeyword_signal_this_character': 0, 'QuestionKeyword_signal_this_person': 0, 'QuestionKeyword_signal_this_country': 0, 'QuestionKeyword_signal_this_battle': 0, 'QuestionKeyword_signal_this_composer': 0, 'QuestionKeyword_signal_this_painting': 0, 'GuessQuality_proper_noun': 1, 'GuessQuality_single_word': 1, 'GuessQuality_has_title_case': 1, 'AnswerType_expects_person': 0, 'AnswerType_expects_work': 0, 'AnswerType_expects_place': 1, 'final': np.True_}"
True,14,6,6,Aluminium,0.00,"{'Gpr_confidence': -0.0323623958, 'Length_char': 734, 'Length_word': 116, 'Length_guess': 9, 'Length_ten_points': 0, 'Frequency_guess': 2.772588722239781, 'GuessFormat_has_parentheses': 0, 'GuessFormat_has_quotes': 0, 'GuessFormat_word_count': 1, 'GuessFormat_has_numbers': 0, 'RunPosition_position_ratio': 1.6311111111111112, 'RunPosition_early_question': 0, 'RunPosition_late_question': 1, 'QuestionKeyword_signal_for_ten_points': 0, 'QuestionKeyword_signal_name_this': 1, 'QuestionKeyword_signal_identify_this': 0, 'QuestionKeyword_signal_what_is': 0, 'QuestionKeyword_signal_who_is': 0, 'QuestionKeyword_signal_this_author': 0, 'QuestionKeyword_signal_this_work': 0, 'QuestionKeyword_signal_this_character': 0, 'QuestionKeyword_signal_this_person': 0, 'QuestionKeyword_signal_this_country': 0, 'QuestionKeyword_signal_this_battle': 0, 'QuestionKeyword_signal_this_composer': 0, 'QuestionKeyword_signal_this_painting': 0, 'GuessQuality_proper_noun': 1, 'GuessQuality_single_word': 1, 'GuessQuality_has_title_case': 1, 'AnswerType_expects_person': 0, 'AnswerType_expects_work': 0, 'AnswerType_expects_place': 1, 'final': np.True_}"
True,14,6,12,Aluminium,0.00,"{'Gpr_confidence': -0.06757124285, 'Length_char': 767, 'Length_word': 122, 'Length_guess': 9, 'Length_ten_points': 0, 'Frequency_guess': 2.772588722239781, 'GuessFormat_has_parentheses': 0, 'GuessFormat_has_quotes': 0, 'GuessFormat_word_count': 1, 'GuessFormat_has_numbers': 0, 'RunPosition_position_ratio': 1.7044444444444444, 'RunPosition_early_question': 0, 'RunPosition_late_question': 1, 'QuestionKeyword_signal_for_ten_points': 0, 'QuestionKeyword_signal_name_this': 1, 'QuestionKeyword_signal_identify_this': 0, 'QuestionKeyword_signal_what_is': 0, 'QuestionKeyword_signal_who_is': 0, 'QuestionKeyword_signal_this_author': 0, 'QuestionKeyword_signal_this_work': 0, 'QuestionKeyword_signal_this_character': 0, 'QuestionKeyword_signal_this_person': 0, 'QuestionKeyword_signal_this_country': 0, 'QuestionKeyword_signal_this_battle': 0, 'QuestionKeyword_signal_this_composer': 0, 'QuestionKeyword_signal_this_painting': 0, 'GuessQuality_proper_noun': 1, 'GuessQuality_single_word': 1, 'GuessQuality_has_title_case': 1, 'AnswerType_expects_person': 0, 'AnswerType_expects_work': 0, 'AnswerType_expects_place': 1, 'final': np.True_}"
True,14,6,12,Aluminium,0.00,"{'Gpr_confidence': -0.06757124285, 'Length_char': 767, 'Length_word': 122, 'Length_guess': 9, 'Length_ten_points': 0, 'Frequency_guess': 2.772588722239781, 'GuessFormat_has_parentheses': 0, 'GuessFormat_has_quotes': 0, 'GuessFormat_word_count': 1, 'GuessFormat_has_numbers': 0, 'RunPosition_position_ratio': 1.7044444444444444, 'RunPosition_early_question': 0, 'RunPosition_late_question': 1, 'QuestionKeyword_signal_for_ten_points': 0, 'QuestionKeyword_signal_name_this': 1, 'QuestionKeyword_signal_identify_this': 0, 'QuestionKeyword_signal_what_is': 0, 'QuestionKeyword_signal_who_is': 0, 'QuestionKeyword_signal_this_author': 0, 'QuestionKeyword_signal_this_work': 0, 'QuestionKeyword_signal_this_character': 0, 'QuestionKeyword_signal_this_person': 0, 'QuestionKeyword_signal_this_country': 0, 'QuestionKeyword_signal_this_battle': 0, 'QuestionKeyword_signal_this_composer': 0, 'QuestionKeyword_signal_this_painting': 0, 'GuessQuality_proper_noun': 1, 'GuessQuality_single_word': 1, 'GuessQuality_has_title_case': 1, 'AnswerType_expects_person': 0, 'AnswerType_expects_work': 0, 'AnswerType_expects_place': 1, 'final': np.True_}"
True,15,0,7,Chemical equilibrium,0.00,"{'Gpr_confidence': -0.04165373720353333, 'Length_char': 46, 'Length_word': 7, 'Length_guess': 20, 'Length_ten_points': 0, 'Frequency_guess': 1.6094379124341003, 'GuessFormat_has_parentheses': 0, 'GuessFormat_has_quotes': 0, 'GuessFormat_word_count': 2, 'GuessFormat_has_numbers': 0, 'RunPosition_position_ratio': 0.10222222222222223, 'RunPosition_early_question': 1, 'RunPosition_late_question': 0, 'QuestionKeyword_signal_for_ten_points': 0, 'QuestionKeyword_signal_name_this': 0, 'QuestionKeyword_signal_identify_this': 0, 'QuestionKeyword_signal_what_is': 0, 'QuestionKeyword_signal_who_is': 0, 'QuestionKeyword_signal_this_author': 0, 'QuestionKeyword_signal_this_work': 0, 'QuestionKeyword_signal_this_character': 0, 'QuestionKeyword_signal_this_person': 0, 'QuestionKeyword_signal_this_country': 0, 'QuestionKeyword_signal_this_battle': 0, 'QuestionKeyword_signal_this_composer': 0, 'QuestionKeyword_signal_this_painting': 0, 'GuessQuality_proper_noun': 1, 'GuessQuality_single_word': 0, 'GuessQuality_has_title_case': 0, 'AnswerType_expects_person': 0, 'AnswerType_expects_work': 0, 'AnswerType_expects_place': 0, 'final': np.True_}"
True,15,0,13,Chemical equilibrium,0.00,"{'Gpr_confidence': -0.02834309488233333, 'Length_char': 74, 'Length_word': 13, 'Length_guess': 20, 'Length_ten_points': 0, 'Frequency_guess': 1.6094379124341003, 'GuessFormat_has_parentheses': 0, 'GuessFormat_has_quotes': 0, 'GuessFormat_word_count': 2, 'GuessFormat_has_numbers': 0, 'RunPosition_position_ratio': 0.16444444444444445, 'RunPosition_early_question': 1, 'RunPosition_late_question': 0, 'QuestionKeyword_signal_for_ten_points': 0, 'QuestionKeyword_signal_name_this': 0, 'QuestionKeyword_signal_identify_this': 0, 'QuestionKeyword_signal_what_is': 0, 'QuestionKeyword_signal_who_is': 0, 'QuestionKeyword_signal_this_author': 0, 'QuestionKeyword_signal_this_work': 0, 'QuestionKeyword_signal_this_character': 0, 'QuestionKeyword_signal_this_person': 0, 'QuestionKeyword_signal_this_country': 0, 'QuestionKeyword_signal_this_battle': 0, 'QuestionKeyword_signal_this_composer': 0, 'QuestionKeyword_signal_this_painting': 0, 'GuessQuality_proper_noun': 1, 'GuessQuality_single_word': 0, 'GuessQuality_has_title_case': 0, 'AnswerType_expects_person': 0, 'AnswerType_expects_work': 0, 'AnswerType_expects_place': 0, 'final': np.True_}"
False,15,0,20,Keynesian economics,0.00,"{'Gpr_confidence': -0.23660200711175, 'Length_char': 109, 'Length_word': 20, 'Length_guess': 19, 'Length_ten_points': 0, 'Frequency_guess': 0.6931471805599453, 'GuessFormat_has_parentheses': 0, 'GuessFormat_has_quotes': 0, 'GuessFormat_word_count': 2, 'GuessFormat_has_numbers': 0, 'RunPosition_position_ratio': 0.24222222222222223, 'RunPosition_early_question': 1, 'RunPosition_late_question': 0, 'QuestionKeyword_signal_for_ten_points': 0, 'QuestionKeyword_signal_name_this': 0, 'QuestionKeyword_signal_identify_this': 0, 'QuestionKeyword_signal_what_is': 0, 'QuestionKeyword_signal_who_is': 0, 'QuestionKeyword_signal_this_author': 0, 'QuestionKeyword_signal_this_work': 0, 'QuestionKeyword_signal_this_character': 0, 'QuestionKeyword_signal_this_person': 0, 'QuestionKeyword_signal_this_country': 0, 'QuestionKeyword_signal_this_battle': 0, 'QuestionKeyword_signal_this_composer': 0, 'QuestionKeyword_signal_this_painting': 0, 'GuessQuality_proper_noun': 1, 'GuessQuality_single_word': 0, 'GuessQuality_has_title_case': 0, 'AnswerType_expects_person': 0, 'AnswerType_expects_work': 0, 'AnswerType_expects_place': 0, 'final': np.False_}"
False,15,1,7,Stagflation,0.00,"{'Gpr_confidence': -0.4603193892056667, 'Length_char': 149, 'Length_word': 27, 'Length_guess': 11, 'Length_ten_points': 0, 'Frequency_guess': 0.0, 'GuessFormat_has_parentheses': 0, 'GuessFormat_has_quotes': 0, 'GuessFormat_word_count': 1, 'GuessFormat_has_numbers': 0, 'RunPosition_position_ratio': 0.33111111111111113, 'RunPosition_early_question': 0, 'RunPosition_late_question': 0, 'QuestionKeyword_signal_for_ten_points': 0, 'QuestionKeyword_signal_name_this': 0, 'QuestionKeyword_signal_identify_this': 0, 'QuestionKeyword_signal_what_is': 0, 'QuestionKeyword_signal_who_is': 0, 'QuestionKeyword_signal_this_author': 0, 'QuestionKeyword_signal_this_work': 0, 'QuestionKeyword_signal_this_character': 0, 'QuestionKeyword_signal_this_person': 0, 'QuestionKeyword_signal_this_country': 0, 'QuestionKeyword_signal_this_battle': 0, 'QuestionKeyword_signal_this_composer': 0, 'QuestionKeyword_signal_this_painting': 0, 'GuessQuality_proper_noun': 1, 'GuessQuality_single_word': 1, 'GuessQuality_has_title_case': 1, 'AnswerType_expects_person': 0, 'AnswerType_expects_work': 0, 'AnswerType_expects_place': 0, 'final': np.False_}"
False,15,1,13,Recession in the United States,0.00,"{'Gpr_confidence': -0.08285452255533333, 'Length_char': 181, 'Length_word': 33, 'Length_guess': 30, 'Length_ten_points': 0, 'Frequency_guess': 0.0, 'GuessFormat_has_parentheses': 0, 'GuessFormat_has_quotes': 0, 'GuessFormat_word_count': 5, 'GuessFormat_has_numbers': 0, 'RunPosition_position_ratio': 0.4022222222222222, 'RunPosition_early_question': 0, 'RunPosition_late_question': 0, 'QuestionKeyword_signal_for_ten_points': 0, 'QuestionKeyword_signal_name_this': 0, 'QuestionKeyword_signal_identify_this': 0, 'QuestionKeyword_signal_what_is': 0, 'QuestionKeyword_signal_who_is': 0, 'QuestionKeyword_signal_this_author': 0, 'QuestionKeyword_signal_this_work': 0, 'QuestionKeyword_signal_this_character': 0, 'QuestionKeyword_signal_this_person': 0, 'QuestionKeyword_signal_this_country': 0, 'QuestionKeyword_signal_this_battle': 0, 'QuestionKeyword_signal_this_composer': 0, 'QuestionKeyword_signal_this_painting': 0, 'GuessQuality_proper_noun': 1, 'GuessQuality_single_word': 0, 'GuessQuality_has_title_case': 0, 'AnswerType_expects_person': 0, 'AnswerType_expects_work': 0, 'AnswerType_expects_place': 0, 'final': np.False_}"
False,15,1,19,Recession in the United States,0.00,"{'Gpr_confidence': -0.027012519213333336, 'Length_char': 223, 'Length_word': 39, 'Length_guess': 30, 'Length_ten_points': 0, 'Frequency_guess': 0.0, 'GuessFormat_has_parentheses': 0, 'GuessFormat_has_quotes': 0, 'GuessFormat_word_count': 5, 'GuessFormat_has_numbers': 0, 'RunPosition_position_ratio': 0.4955555555555556, 'RunPosition_early_question': 0, 'RunPosition_late_question': 0, 'QuestionKeyword_signal_for_ten_points': 0, 'QuestionKeyword_signal_name_this': 0, 'QuestionKeyword_signal_identify_this': 0, 'QuestionKeyword_signal_what_is': 0, 'QuestionKeyword_signal_who_is': 0, 'QuestionKeyword_signal_this_author': 0, 'QuestionKeyword_signal_this_work': 0, 'QuestionKeyword_signal_this_character': 0, 'QuestionKeyword_signal_this_person': 0, 'QuestionKeyword_signal_this_country': 0, 'QuestionKeyword_signal_this_battle': 0, 'QuestionKeyword_signal_this_composer': 0, 'QuestionKeyword_signal_this_painting': 0, 'GuessQuality_proper_noun': 1, 'GuessQuality_single_word': 0, 'GuessQuality_has_title_case': 0, 'AnswerType_expects_person': 0, 'AnswerType_expects_work': 0, 'AnswerType_expects_place': 0, 'final': np.False_}"
False,15,1,24,Recession in the United States,0.00,"{'Gpr_confidence': -0.021041150508833335, 'Length_char': 251, 'Length_word': 44, 'Length_guess': 30, 'Length_ten_points': 0, 'Frequency_guess': 0.0, 'GuessFormat_has_parentheses': 0, 'GuessFormat_has_quotes': 0, 'GuessFormat_word_count': 5, 'GuessFormat_has_numbers': 0, 'RunPosition_position_ratio': 0.5577777777777778, 'RunPosition_early_question': 0, 'RunPosition_late_question': 0, 'QuestionKeyword_signal_for_ten_points': 0, 'QuestionKeyword_signal_name_this': 0, 'QuestionKeyword_signal_identify_this': 0, 'QuestionKeyword_signal_what_is': 0, 'QuestionKeyword_signal_who_is': 0, 'QuestionKeyword_signal_this_author': 0, 'QuestionKeyword_signal_this_work': 0, 'QuestionKeyword_signal_this_character': 0, 'QuestionKeyword_signal_this_person': 0, 'QuestionKeyword_signal_this_country': 0, 'QuestionKeyword_signal_this_battle': 0, 'QuestionKeyword_signal_this_composer': 0, 'QuestionKeyword_signal_this_painting': 0, 'GuessQuality_proper_noun': 1, 'GuessQuality_single_word': 0, 'GuessQuality_has_title_case': 0, 'AnswerType_expects_person': 0, 'AnswerType_expects_work': 0, 'AnswerType_expects_place': 0, 'final': np.False_}"
False,15,1,25,Recession in the United States,0.00,"{'Gpr_confidence': -0.0169875948305, 'Length_char': 258, 'Length_word': 45, 'Length_guess': 30, 'Length_ten_points': 0, 'Frequency_guess': 0.0, 'GuessFormat_has_parentheses': 0, 'GuessFormat_has_quotes': 0, 'GuessFormat_word_count': 5, 'GuessFormat_has_numbers': 0, 'RunPosition_position_ratio': 0.5733333333333334, 'RunPosition_early_question': 0, 'RunPosition_late_question': 0, 'QuestionKeyword_signal_for_ten_points': 0, 'QuestionKeyword_signal_name_this': 0, 'QuestionKeyword_signal_identify_this': 0, 'QuestionKeyword_signal_what_is': 0, 'QuestionKeyword_signal_who_is': 0, 'QuestionKeyword_signal_this_author': 0, 'QuestionKeyword_signal_this_work': 0, 'QuestionKeyword_signal_this_character': 0, 'QuestionKeyword_signal_this_person': 0, 'QuestionKeyword_signal_this_country': 0, 'QuestionKeyword_signal_this_battle': 0, 'QuestionKeyword_signal_this_composer': 0, 'QuestionKeyword_signal_this_painting': 0, 'GuessQuality_proper_noun': 1, 'GuessQuality_single_word': 0, 'GuessQuality_has_title_case': 0, 'AnswerType_expects_person': 0, 'AnswerType_expects_work': 0, 'AnswerType_expects_place': 0, 'final': np.False_}"
False,15,2,7,Recession,0.00,"{'Gpr_confidence': -0.054271463, 'Length_char': 298, 'Length_word': 52, 'Length_guess': 9, 'Length_ten_points': 0, 'Frequency_guess': 0.0, 'GuessFormat_has_parentheses': 0, 'GuessFormat_has_quotes': 0, 'GuessFormat_word_count': 1, 'GuessFormat_has_numbers': 0, 'RunPosition_position_ratio': 0.6622222222222223, 'RunPosition_early_question': 0, 'RunPosition_late_question': 0, 'QuestionKeyword_signal_for_ten_points': 0, 'QuestionKeyword_signal_name_this': 0, 'QuestionKeyword_signal_identify_this': 0, 'QuestionKeyword_signal_what_is': 0, 'QuestionKeyword_signal_who_is': 0, 'QuestionKeyword_signal_this_author': 0, 'QuestionKeyword_signal_this_work': 0, 'QuestionKeyword_signal_this_character': 0, 'QuestionKeyword_signal_this_person': 0, 'QuestionKeyword_signal_this_country': 0, 'QuestionKeyword_signal_this_battle': 0, 'QuestionKeyword_signal_this_composer': 0, 'QuestionKeyword_signal_this_painting': 0, 'GuessQuality_proper_noun': 1, 'GuessQuality_single_word': 1, 'GuessQuality_has_title_case': 1, 'AnswerType_expects_person': 0, 'AnswerType_expects_work': 0, 'AnswerType_expects_place': 0, 'final': np.False_}"
False,15,2,12,Recession,0.00,"{'Gpr_confidence': -0.11127888999999999, 'Length_char': 337, 'Length_word': 57, 'Length_guess': 9, 'Length_ten_points': 0, 'Frequency_guess': 0.0, 'GuessFormat_has_parentheses': 0, 'GuessFormat_has_quotes': 0, 'GuessFormat_word_count': 1, 'GuessFormat_has_numbers': 0, 'RunPosition_position_ratio': 0.7488888888888889, 'RunPosition_early_question': 0, 'RunPosition_late_question': 0, 'QuestionKeyword_signal_for_ten_points': 0, 'QuestionKeyword_signal_name_this': 0, 'QuestionKeyword_signal_identify_this': 0, 'QuestionKeyword_signal_what_is': 0, 'QuestionKeyword_signal_who_is': 0, 'QuestionKeyword_signal_this_author': 0, 'QuestionKeyword_signal_this_work': 0, 'QuestionKeyword_signal_this_character': 0, 'QuestionKeyword_signal_this_person': 0, 'QuestionKeyword_signal_this_country': 0, 'QuestionKeyword_signal_this_battle': 0, 'QuestionKeyword_signal_this_composer': 0, 'QuestionKeyword_signal_this_painting': 0, 'GuessQuality_proper_noun': 1, 'GuessQuality_single_word': 1, 'GuessQuality_has_title_case': 1, 'AnswerType_expects_person': 0, 'AnswerType_expects_work': 0, 'AnswerType_expects_place': 0, 'final': np.False_}"
False,15,2,13,Recession,0.00,"{'Gpr_confidence': -0.137365205, 'Length_char': 345, 'Length_word': 58, 'Length_guess': 9, 'Length_ten_points': 0, 'Frequency_guess': 0.0, 'GuessFormat_has_parentheses': 0, 'GuessFormat_has_quotes': 0, 'GuessFormat_word_count': 1, 'GuessFormat_has_numbers': 0, 'RunPosition_position_ratio': 0.7666666666666667, 'RunPosition_early_question': 0, 'RunPosition_late_question': 1, 'QuestionKeyword_signal_for_ten_points': 0, 'QuestionKeyword_signal_name_this': 0, 'QuestionKeyword_signal_identify_this': 0, 'QuestionKeyword_signal_what_is': 0, 'QuestionKeyword_signal_who_is': 0, 'QuestionKeyword_signal_this_author': 0, 'QuestionKeyword_signal_this_work': 0, 'QuestionKeyword_signal_this_character': 0, 'QuestionKeyword_signal_this_person': 0, 'QuestionKeyword_signal_this_country': 0, 'QuestionKeyword_signal_this_battle': 0, 'QuestionKeyword_signal_this_composer': 0, 'QuestionKeyword_signal_this_painting': 0, 'GuessQuality_proper_noun': 1, 'GuessQuality_single_word': 1, 'GuessQuality_has_title_case': 1, 'AnswerType_expects_person': 0, 'AnswerType_expects_work': 0, 'AnswerType_expects_place': 0, 'final': np.False_}"
False,15,3,5,Recession,0.00,"{'Gpr_confidence': -0.09783291699999999, 'Length_char': 382, 'Length_word': 63, 'Length_guess': 9, 'Length_ten_points': 0, 'Frequency_guess': 0.0, 'GuessFormat_has_parentheses': 0, 'GuessFormat_has_quotes': 0, 'GuessFormat_word_count': 1, 'GuessFormat_has_numbers': 0, 'RunPosition_position_ratio': 0.8488888888888889, 'RunPosition_early_question': 0, 'RunPosition_late_question': 1, 'QuestionKeyword_signal_for_ten_points': 0, 'QuestionKeyword_signal_name_this': 0, 'QuestionKeyword_signal_identify_this': 0, 'QuestionKeyword_signal_what_is': 0, 'QuestionKeyword_signal_who_is': 0, 'QuestionKeyword_signal_this_author': 0, 'QuestionKeyword_signal_this_work': 0, 'QuestionKeyword_signal_this_character': 0, 'QuestionKeyword_signal_this_person': 0, 'QuestionKeyword_signal_this_country': 0, 'QuestionKeyword_signal_this_battle': 0, 'QuestionKeyword_signal_this_composer': 0, 'QuestionKeyword_signal_this_painting': 0, 'GuessQuality_proper_noun': 1, 'GuessQuality_single_word': 1, 'GuessQuality_has_title_case': 1, 'AnswerType_expects_person': 0, 'AnswerType_expects_work': 0, 'AnswerType_expects_place': 0, 'final': np.False_}"
False,15,3,10,Recession,0.00,"{'Gpr_confidence': -0.127266875, 'Length_char': 417, 'Length_word': 68, 'Length_guess': 9, 'Length_ten_points': 0, 'Frequency_guess': 0.0, 'GuessFormat_has_parentheses': 0, 'GuessFormat_has_quotes': 0, 'GuessFormat_word_count': 1, 'GuessFormat_has_numbers': 0, 'RunPosition_position_ratio': 0.9266666666666666, 'RunPosition_early_question': 0, 'RunPosition_late_question': 1, 'QuestionKeyword_signal_for_ten_points': 0, 'QuestionKeyword_signal_name_this': 0, 'QuestionKeyword_signal_identify_this': 0, 'QuestionKeyword_signal_what_is': 0, 'QuestionKeyword_signal_who_is': 0, 'QuestionKeyword_signal_this_author': 0, 'QuestionKeyword_signal_this_work': 0, 'QuestionKeyword_signal_this_character': 0, 'QuestionKeyword_signal_this_person': 0, 'QuestionKeyword_signal_this_country': 0, 'QuestionKeyword_signal_this_battle': 0, 'QuestionKeyword_signal_this_composer': 0, 'QuestionKeyword_signal_this_painting': 0, 'GuessQuality_proper_noun': 1, 'GuessQuality_single_word': 1, 'GuessQuality_has_title_case': 1, 'AnswerType_expects_person': 0, 'AnswerType_expects_work': 0, 'AnswerType_expects_place': 0, 'final': np.False_}"
False,15,3,14,Recession,0.00,"{'Gpr_confidence': -0.12057023, 'Length_char': 437, 'Length_word': 72, 'Length_guess': 9, 'Length_ten_points': 0, 'Frequency_guess': 0.0, 'GuessFormat_has_parentheses': 0, 'GuessFormat_has_quotes': 0, 'GuessFormat_word_count': 1, 'GuessFormat_has_numbers': 0, 'RunPosition_position_ratio': 0.9711111111111111, 'RunPosition_early_question': 0, 'RunPosition_late_question': 1, 'QuestionKeyword_signal_for_ten_points': 0, 'QuestionKeyword_signal_name_this': 0, 'QuestionKeyword_signal_identify_this': 0, 'QuestionKeyword_signal_what_is': 0, 'QuestionKeyword_signal_who_is': 0, 'QuestionKeyword_signal_this_author': 0, 'QuestionKeyword_signal_this_work': 0, 'QuestionKeyword_signal_this_character': 0, 'QuestionKeyword_signal_this_person': 0, 'QuestionKeyword_signal_this_country': 0, 'QuestionKeyword_signal_this_battle': 0, 'QuestionKeyword_signal_this_composer': 0, 'QuestionKeyword_signal_this_painting': 0, 'GuessQuality_proper_noun': 1, 'GuessQuality_single_word': 1, 'GuessQuality_has_title_case': 1, 'AnswerType_expects_person': 0, 'AnswerType_expects_work': 0, 'AnswerType_expects_place': 0, 'final': np.False_}"
False,15,4,7,Recession,0.00,"{'Gpr_confidence': -0.08884129775, 'Length_char': 477, 'Length_word': 79, 'Length_guess': 9, 'Length_ten_points': 0, 'Frequency_guess': 0.0, 'GuessFormat_has_parentheses': 0, 'GuessFormat_has_quotes': 0, 'GuessFormat_word_count': 1, 'GuessFormat_has_numbers': 0, 'RunPosition_position_ratio': 1.06, 'RunPosition_early_question': 0, 'RunPosition_late_question': 1, 'QuestionKeyword_signal_for_ten_points': 0, 'QuestionKeyword_signal_name_this': 0, 'QuestionKeyword_signal_identify_this': 0, 'QuestionKeyword_signal_what_is': 0, 'QuestionKeyword_signal_who_is': 0, 'QuestionKeyword_signal_this_author': 0, 'QuestionKeyword_signal_this_work': 0, 'QuestionKeyword_signal_this_character': 0, 'QuestionKeyword_signal_this_person': 0, 'QuestionKeyword_signal_this_country': 0, 'QuestionKeyword_signal_this_battle': 0, 'QuestionKeyword_signal_this_composer': 0, 'QuestionKeyword_signal_this_painting': 0, 'GuessQuality_proper_noun': 1, 'GuessQuality_single_word': 1, 'GuessQuality_has_title_case': 1, 'AnswerType_expects_person': 0, 'AnswerType_expects_work': 0, 'AnswerType_expects_place': 0, 'final': np.False_}"
False,15,4,13,Recession in the United States,0.00,"{'Gpr_confidence': -0.17438038101666664, 'Length_char': 511, 'Length_word': 85, 'Length_guess': 30, 'Length_ten_points': 0, 'Frequency_guess': 0.0, 'GuessFormat_has_parentheses': 0, 'GuessFormat_has_quotes': 0, 'GuessFormat_word_count': 5, 'GuessFormat_has_numbers': 0, 'RunPosition_position_ratio': 1.1355555555555557, 'RunPosition_early_question': 0, 'RunPosition_late_question': 1, 'QuestionKeyword_signal_for_ten_points': 0, 'QuestionKeyword_signal_name_this': 0, 'QuestionKeyword_signal_identify_this': 0, 'QuestionKeyword_signal_what_is': 0, 'QuestionKeyword_signal_who_is': 0, 'QuestionKeyword_signal_this_author': 0, 'QuestionKeyword_signal_this_work': 0, 'QuestionKeyword_signal_this_character': 0, 'QuestionKeyword_signal_this_person': 0, 'QuestionKeyword_signal_this_country': 0, 'QuestionKeyword_signal_this_battle': 0, 'QuestionKeyword_signal_this_composer': 0, 'QuestionKeyword_signal_this_painting': 0, 'GuessQuality_proper_noun': 1, 'GuessQuality_single_word': 0, 'GuessQuality_has_title_case': 0, 'AnswerType_expects_person': 0, 'AnswerType_expects_work': 0, 'AnswerType_expects_place': 0, 'final': np.False_}"
False,15,4,19,Recession,0.00,"{'Gpr_confidence': -0.050466342500000004, 'Length_char': 548, 'Length_word': 91, 'Length_guess': 9, 'Length_ten_points': 0, 'Frequency_guess': 0.0, 'GuessFormat_has_parentheses': 0, 'GuessFormat_has_quotes': 0, 'GuessFormat_word_count': 1, 'GuessFormat_has_numbers': 0, 'RunPosition_position_ratio': 1.2177777777777778, 'RunPosition_early_question': 0, 'RunPosition_late_question': 1, 'QuestionKeyword_signal_for_ten_points': 0, 'QuestionKeyword_signal_name_this': 0, 'QuestionKeyword_signal_identify_this': 0, 'QuestionKeyword_signal_what_is': 0, 'QuestionKeyword_signal_who_is': 0, 'QuestionKeyword_signal_this_author': 0, 'QuestionKeyword_signal_this_work': 0, 'QuestionKeyword_signal_this_character': 0, 'QuestionKeyword_signal_this_person': 0, 'QuestionKeyword_signal_this_country': 0, 'QuestionKeyword_signal_this_battle': 0, 'QuestionKeyword_signal_this_composer': 0, 'QuestionKeyword_signal_this_painting': 0, 'GuessQuality_proper_noun': 1, 'GuessQuality_single_word': 1, 'GuessQuality_has_title_case': 1, 'AnswerType_expects_person': 0, 'AnswerType_expects_work': 0, 'AnswerType_expects_place': 0, 'final': np.False_}"
True,15,5,6,Recession,0.00,"{'Gpr_confidence': -0.0214437193, 'Length_char': 589, 'Length_word': 97, 'Length_guess': 9, 'Length_ten_points': 0, 'Frequency_guess': 0.0, 'GuessFormat_has_parentheses': 0, 'GuessFormat_has_quotes': 0, 'GuessFormat_word_count': 1, 'GuessFormat_has_numbers': 0, 'RunPosition_position_ratio': 1.308888888888889, 'RunPosition_early_question': 0, 'RunPosition_late_question': 1, 'QuestionKeyword_signal_for_ten_points': 0, 'QuestionKeyword_signal_name_this': 0, 'QuestionKeyword_signal_identify_this': 0, 'QuestionKeyword_signal_what_is': 0, 'QuestionKeyword_signal_who_is': 0, 'QuestionKeyword_signal_this_author': 0, 'QuestionKeyword_signal_this_work': 0, 'QuestionKeyword_signal_this_character': 0, 'QuestionKeyword_signal_this_person': 0, 'QuestionKeyword_signal_this_country': 0, 'QuestionKeyword_signal_this_battle': 0, 'QuestionKeyword_signal_this_composer': 0, 'QuestionKeyword_signal_this_painting': 0, 'GuessQuality_proper_noun': 1, 'GuessQuality_single_word': 1, 'GuessQuality_has_title_case': 1, 'AnswerType_expects_person': 0, 'AnswerType_expects_work': 0, 'AnswerType_expects_place': 0, 'final': np.True_}"
True,15,5,11,Recession,0.00,"{'Gpr_confidence': -0.054524509049999996, 'Length_char': 628, 'Length_word': 102, 'Length_guess': 9, 'Length_ten_points': 0, 'Frequency_guess': 0.0, 'GuessFormat_has_parentheses': 0, 'GuessFormat_has_quotes': 0, 'GuessFormat_word_count': 1, 'GuessFormat_has_numbers': 0, 'RunPosition_position_ratio': 1.3955555555555557, 'RunPosition_early_question': 0, 'RunPosition_late_question': 1, 'QuestionKeyword_signal_for_ten_points': 0, 'QuestionKeyword_signal_name_this': 0, 'QuestionKeyword_signal_identify_this': 0, 'QuestionKeyword_signal_what_is': 0, 'QuestionKeyword_signal_who_is': 0, 'QuestionKeyword_signal_this_author': 0, 'QuestionKeyword_signal_this_work': 0, 'QuestionKeyword_signal_this_character': 0, 'QuestionKeyword_signal_this_person': 0, 'QuestionKeyword_signal_this_country': 0, 'QuestionKeyword_signal_this_battle': 0, 'QuestionKeyword_signal_this_composer': 0, 'QuestionKeyword_signal_this_painting': 0, 'GuessQuality_proper_noun': 1, 'GuessQuality_single_word': 1, 'GuessQuality_has_title_case': 1, 'AnswerType_expects_person': 0, 'AnswerType_expects_work': 0, 'AnswerType_expects_place': 0, 'final': np.True_}"
False,15,6,7,Economic recession,0.00,"{'Gpr_confidence': -0.15181281275343333, 'Length_char': 666, 'Length_word': 109, 'Length_guess': 18, 'Length_ten_points': 0, 'Frequency_guess': 0.0, 'GuessFormat_has_parentheses': 0, 'GuessFormat_has_quotes': 0, 'GuessFormat_word_count': 2, 'GuessFormat_has_numbers': 0, 'RunPosition_position_ratio': 1.48, 'RunPosition_early_question': 0, 'RunPosition_late_question': 1, 'QuestionKeyword_signal_for_ten_points': 0, 'QuestionKeyword_signal_name_this': 0, 'QuestionKeyword_signal_identify_this': 0, 'QuestionKeyword_signal_what_is': 0, 'QuestionKeyword_signal_who_is': 0, 'QuestionKeyword_signal_this_author': 0, 'QuestionKeyword_signal_this_work': 0, 'QuestionKeyword_signal_this_character': 0, 'QuestionKeyword_signal_this_person': 0, 'QuestionKeyword_signal_this_country': 0, 'QuestionKeyword_signal_this_battle': 0, 'QuestionKeyword_signal_this_composer': 0, 'QuestionKeyword_signal_this_painting': 0, 'GuessQuality_proper_noun': 1, 'GuessQuality_single_word': 0, 'GuessQuality_has_title_case': 0, 'AnswerType_expects_person': 0, 'AnswerType_expects_work': 0, 'AnswerType_expects_place': 0, 'final': np.False_}"
True,15,6,11,Recession,0.00,"{'Gpr_confidence': -0.06938804527499999, 'Length_char': 705, 'Length_word': 113, 'Length_guess': 9, 'Length_ten_points': 0, 'Frequency_guess': 0.0, 'GuessFormat_has_parentheses': 0, 'GuessFormat_has_quotes': 0, 'GuessFormat_word_count': 1, 'GuessFormat_has_numbers': 0, 'RunPosition_position_ratio': 1.5666666666666667, 'RunPosition_early_question': 0, 'RunPosition_late_question': 1, 'QuestionKeyword_signal_for_ten_points': 0, 'QuestionKeyword_signal_name_this': 0, 'QuestionKeyword_signal_identify_this': 0, 'QuestionKeyword_signal_what_is': 0, 'QuestionKeyword_signal_who_is': 0, 'QuestionKeyword_signal_this_author': 0, 'QuestionKeyword_signal_this_work': 0, 'QuestionKeyword_signal_this_character': 0, 'QuestionKeyword_signal_this_person': 0, 'QuestionKeyword_signal_this_country': 0, 'QuestionKeyword_signal_this_battle': 0, 'QuestionKeyword_signal_this_composer': 0, 'QuestionKeyword_signal_this_painting': 0, 'GuessQuality_proper_noun': 1, 'GuessQuality_single_word': 1, 'GuessQuality_has_title_case': 1, 'AnswerType_expects_person': 0, 'AnswerType_expects_work': 0, 'AnswerType_expects_place': 0, 'final': np.True_}"
True,15,6,11,Recession,0.00,"{'Gpr_confidence': -0.06938804527499999, 'Length_char': 705, 'Length_word': 113, 'Length_guess': 9, 'Length_ten_points': 0, 'Frequency_guess': 0.0, 'GuessFormat_has_parentheses': 0, 'GuessFormat_has_quotes': 0, 'GuessFormat_word_count': 1, 'GuessFormat_has_numbers': 0, 'RunPosition_position_ratio': 1.5666666666666667, 'RunPosition_early_question': 0, 'RunPosition_late_question': 1, 'QuestionKeyword_signal_for_ten_points': 0, 'QuestionKeyword_signal_name_this': 0, 'QuestionKeyword_signal_identify_this': 0, 'QuestionKeyword_signal_what_is': 0, 'QuestionKeyword_signal_who_is': 0, 'QuestionKeyword_signal_this_author': 0, 'QuestionKeyword_signal_this_work': 0, 'QuestionKeyword_signal_this_character': 0, 'QuestionKeyword_signal_this_person': 0, 'QuestionKeyword_signal_this_country': 0, 'QuestionKeyword_signal_this_battle': 0, 'QuestionKeyword_signal_this_composer': 0, 'QuestionKeyword_signal_this_painting': 0, 'GuessQuality_proper_noun': 1, 'GuessQuality_single_word': 1, 'GuessQuality_has_title_case': 1, 'AnswerType_expects_person': 0, 'AnswerType_expects_work': 0, 'AnswerType_expects_place': 0, 'final': np.True_}"
False,16,0,6,Needle,0.00,"{'Gpr_confidence': -0.33787924337, 'Length_char': 36, 'Length_word': 6, 'Length_guess': 6, 'Length_ten_points': 0, 'Frequency_guess': 0.0, 'GuessFormat_has_parentheses': 0, 'GuessFormat_has_quotes': 0, 'GuessFormat_word_count': 1, 'GuessFormat_has_numbers': 0, 'RunPosition_position_ratio': 0.08, 'RunPosition_early_question': 1, 'RunPosition_late_question': 0, 'QuestionKeyword_signal_for_ten_points': 0, 'QuestionKeyword_signal_name_this': 0, 'QuestionKeyword_signal_identify_this': 0, 'QuestionKeyword_signal_what_is': 0, 'QuestionKeyword_signal_who_is': 0, 'QuestionKeyword_signal_this_author': 0, 'QuestionKeyword_signal_this_work': 0, 'QuestionKeyword_signal_this_character': 0, 'QuestionKeyword_signal_this_person': 0, 'QuestionKeyword_signal_this_country': 0, 'QuestionKeyword_signal_this_battle': 0, 'QuestionKeyword_signal_this_composer': 0, 'QuestionKeyword_signal_this_painting': 0, 'GuessQuality_proper_noun': 1, 'GuessQuality_single_word': 1, 'GuessQuality_has_title_case': 1, 'AnswerType_expects_person': 0, 'AnswerType_expects_work': 0, 'AnswerType_expects_place': 0, 'final': np.False_}"
False,16,0,15,Kuan (instrument),0.00,"{'Gpr_confidence': -0.5917632406, 'Length_char': 73, 'Length_word': 15, 'Length_guess': 17, 'Length_ten_points': 0, 'Frequency_guess': 0.0, 'GuessFormat_has_parentheses': 1, 'GuessFormat_has_quotes': 0, 'GuessFormat_word_count': 2, 'GuessFormat_has_numbers': 0, 'RunPosition_position_ratio': 0.1622222222222222, 'RunPosition_early_question': 1, 'RunPosition_late_question': 0, 'QuestionKeyword_signal_for_ten_points': 0, 'QuestionKeyword_signal_name_this': 0, 'QuestionKeyword_signal_identify_this': 0, 'QuestionKeyword_signal_what_is': 0, 'QuestionKeyword_signal_who_is': 0, 'QuestionKeyword_signal_this_author': 0, 'QuestionKeyword_signal_this_work': 0, 'QuestionKeyword_signal_this_character': 0, 'QuestionKeyword_signal_this_person': 0, 'QuestionKeyword_signal_this_country': 0, 'QuestionKeyword_signal_this_battle': 0, 'QuestionKeyword_signal_this_composer': 0, 'QuestionKeyword_signal_this_painting': 0, 'GuessQuality_proper_noun': 1, 'GuessQuality_single_word': 0, 'GuessQuality_has_title_case': 0, 'AnswerType_expects_person': 0, 'AnswerType_expects_work': 0, 'AnswerType_expects_place': 0, 'final': np.False_}"
False,16,0,20,Kuan (weapon),0.00,"{'Gpr_confidence': -0.52795092424, 'Length_char': 102, 'Length_word': 20, 'Length_guess': 13, 'Length_ten_points': 0, 'Frequency_guess': 0.0, 'GuessFormat_has_parentheses': 1, 'GuessFormat_has_quotes': 0, 'GuessFormat_word_count': 2, 'GuessFormat_has_numbers': 0, 'RunPosition_position_ratio': 0.22666666666666666, 'RunPosition_early_question': 1, 'RunPosition_late_question': 0, 'QuestionKeyword_signal_for_ten_points': 0, 'QuestionKeyword_signal_name_this': 0, 'QuestionKeyword_signal_identify_this': 0, 'QuestionKeyword_signal_what_is': 0, 'QuestionKeyword_signal_who_is': 0, 'QuestionKeyword_signal_this_author': 0, 'QuestionKeyword_signal_this_work': 0, 'QuestionKeyword_signal_this_character': 0, 'QuestionKeyword_signal_this_person': 0, 'QuestionKeyword_signal_this_country': 0, 'QuestionKeyword_signal_this_battle': 0, 'QuestionKeyword_signal_this_composer': 0, 'QuestionKeyword_signal_this_painting': 0, 'GuessQuality_proper_noun': 1, 'GuessQuality_single_word': 0, 'GuessQuality_has_title_case': 0, 'AnswerType_expects_person': 0, 'AnswerType_expects_work': 0, 'AnswerType_expects_place': 0, 'final': np.False_}"
False,16,1,6,Crossbow,0.00,"{'Gpr_confidence': -0.81399023405, 'Length_char': 140, 'Length_word': 26, 'Length_guess': 8, 'Length_ten_points': 0, 'Frequency_guess': 0.6931471805599453, 'GuessFormat_has_parentheses': 0, 'GuessFormat_has_quotes': 0, 'GuessFormat_word_count': 1, 'GuessFormat_has_numbers': 0, 'RunPosition_position_ratio': 0.3111111111111111, 'RunPosition_early_question': 0, 'RunPosition_late_question': 0, 'QuestionKeyword_signal_for_ten_points': 0, 'QuestionKeyword_signal_name_this': 0, 'QuestionKeyword_signal_identify_this': 0, 'QuestionKeyword_signal_what_is': 0, 'QuestionKeyword_signal_who_is': 0, 'QuestionKeyword_signal_this_author': 0, 'QuestionKeyword_signal_this_work': 0, 'QuestionKeyword_signal_this_character': 0, 'QuestionKeyword_signal_this_person': 0, 'QuestionKeyword_signal_this_country': 0, 'QuestionKeyword_signal_this_battle': 0, 'QuestionKeyword_signal_this_composer': 0, 'QuestionKeyword_signal_this_painting': 0, 'GuessQuality_proper_noun': 1, 'GuessQuality_single_word': 1, 'GuessQuality_has_title_case': 1, 'AnswerType_expects_person': 0, 'AnswerType_expects_work': 0, 'AnswerType_expects_place': 0, 'final': np.False_}"
False,16,1,11,Plow,0.00,"{'Gpr_confidence': -0.383355655, 'Length_char': 181, 'Length_word': 31, 'Length_guess': 4, 'Length_ten_points': 0, 'Frequency_guess': 0.6931471805599453, 'GuessFormat_has_parentheses': 0, 'GuessFormat_has_quotes': 0, 'GuessFormat_word_count': 1, 'GuessFormat_has_numbers': 0, 'RunPosition_position_ratio': 0.4022222222222222, 'RunPosition_early_question': 0, 'RunPosition_late_question': 0, 'QuestionKeyword_signal_for_ten_points': 0, 'QuestionKeyword_signal_name_this': 0, 'QuestionKeyword_signal_identify_this': 0, 'QuestionKeyword_signal_what_is': 0, 'QuestionKeyword_signal_who_is': 0, 'QuestionKeyword_signal_this_author': 0, 'QuestionKeyword_signal_this_work': 0, 'QuestionKeyword_signal_this_character': 0, 'QuestionKeyword_signal_this_person': 0, 'QuestionKeyword_signal_this_country': 0, 'QuestionKeyword_signal_this_battle': 0, 'QuestionKeyword_signal_this_composer': 0, 'QuestionKeyword_signal_this_painting': 0, 'GuessQuality_proper_noun': 1, 'GuessQuality_single_word': 1, 'GuessQuality_has_title_case': 1, 'AnswerType_expects_person': 0, 'AnswerType_expects_work': 0, 'AnswerType_expects_place': 0, 'final': np.False_}"
False,16,1,16,Plow,0.00,"{'Gpr_confidence': -0.43749493500000003, 'Length_char': 209, 'Length_word': 36, 'Length_guess': 4, 'Length_ten_points': 0, 'Frequency_guess': 0.6931471805599453, 'GuessFormat_has_parentheses': 0, 'GuessFormat_has_quotes': 0, 'GuessFormat_word_count': 1, 'GuessFormat_has_numbers': 0, 'RunPosition_position_ratio': 0.46444444444444444, 'RunPosition_early_question': 0, 'RunPosition_late_question': 0, 'QuestionKeyword_signal_for_ten_points': 0, 'QuestionKeyword_signal_name_this': 0, 'QuestionKeyword_signal_identify_this': 0, 'QuestionKeyword_signal_what_is': 0, 'QuestionKeyword_signal_who_is': 0, 'QuestionKeyword_signal_this_author': 0, 'QuestionKeyword_signal_this_work': 0, 'QuestionKeyword_signal_this_character': 0, 'QuestionKeyword_signal_this_person': 0, 'QuestionKeyword_signal_this_country': 0, 'QuestionKeyword_signal_this_battle': 0, 'QuestionKeyword_signal_this_composer': 0, 'QuestionKeyword_signal_this_painting': 0, 'GuessQuality_proper_noun': 1, 'GuessQuality_single_word': 1, 'GuessQuality_has_title_case': 1, 'AnswerType_expects_person': 0, 'AnswerType_expects_work': 0, 'AnswerType_expects_place': 0, 'final': np.False_}"
False,16,1,21,Plough,0.00,"{'Gpr_confidence': -0.16607749000000002, 'Length_char': 245, 'Length_word': 41, 'Length_guess': 6, 'Length_ten_points': 0, 'Frequency_guess': 0.0, 'GuessFormat_has_parentheses': 0, 'GuessFormat_has_quotes': 0, 'GuessFormat_word_count': 1, 'GuessFormat_has_numbers': 0, 'RunPosition_position_ratio': 0.5444444444444444, 'RunPosition_early_question': 0, 'RunPosition_late_question': 0, 'QuestionKeyword_signal_for_ten_points': 0, 'QuestionKeyword_signal_name_this': 0, 'QuestionKeyword_signal_identify_this': 0, 'QuestionKeyword_signal_what_is': 0, 'QuestionKeyword_signal_who_is': 0, 'QuestionKeyword_signal_this_author': 0, 'QuestionKeyword_signal_this_work': 0, 'QuestionKeyword_signal_this_character': 0, 'QuestionKeyword_signal_this_person': 0, 'QuestionKeyword_signal_this_country': 0, 'QuestionKeyword_signal_this_battle': 0, 'QuestionKeyword_signal_this_composer': 0, 'QuestionKeyword_signal_this_painting': 0, 'GuessQuality_proper_noun': 1, 'GuessQuality_single_word': 1, 'GuessQuality_has_title_case': 1, 'AnswerType_expects_person': 0, 'AnswerType_expects_work': 0, 'AnswerType_expects_place': 0, 'final': np.False_}"
False,16,1,26,Plough,0.00,"{'Gpr_confidence': -0.09943550200000001, 'Length_char': 285, 'Length_word': 46, 'Length_guess': 6, 'Length_ten_points': 0, 'Frequency_guess': 0.0, 'GuessFormat_has_parentheses': 0, 'GuessFormat_has_quotes': 0, 'GuessFormat_word_count': 1, 'GuessFormat_has_numbers': 0, 'RunPosition_position_ratio': 0.6333333333333333, 'RunPosition_early_question': 0, 'RunPosition_late_question': 0, 'QuestionKeyword_signal_for_ten_points': 0, 'QuestionKeyword_signal_name_this': 0, 'QuestionKeyword_signal_identify_this': 0, 'QuestionKeyword_signal_what_is': 0, 'QuestionKeyword_signal_who_is': 0, 'QuestionKeyword_signal_this_author': 0, 'QuestionKeyword_signal_this_work': 0, 'QuestionKeyword_signal_this_character': 0, 'QuestionKeyword_signal_this_person': 0, 'QuestionKeyword_signal_this_country': 0, 'QuestionKeyword_signal_this_battle': 0, 'QuestionKeyword_signal_this_composer': 0, 'QuestionKeyword_signal_this_painting': 0, 'GuessQuality_proper_noun': 1, 'GuessQuality_single_word': 1, 'GuessQuality_has_title_case': 1, 'AnswerType_expects_person': 0, 'AnswerType_expects_work': 0, 'AnswerType_expects_place': 0, 'final': np.False_}"
False,16,1,30,Plough,0.00,"{'Gpr_confidence': -0.0918682195, 'Length_char': 305, 'Length_word': 50, 'Length_guess': 6, 'Length_ten_points': 0, 'Frequency_guess': 0.0, 'GuessFormat_has_parentheses': 0, 'GuessFormat_has_quotes': 0, 'GuessFormat_word_count': 1, 'GuessFormat_has_numbers': 0, 'RunPosition_position_ratio': 0.6777777777777778, 'RunPosition_early_question': 0, 'RunPosition_late_question': 0, 'QuestionKeyword_signal_for_ten_points': 0, 'QuestionKeyword_signal_name_this': 0, 'QuestionKeyword_signal_identify_this': 0, 'QuestionKeyword_signal_what_is': 0, 'QuestionKeyword_signal_who_is': 0, 'QuestionKeyword_signal_this_author': 0, 'QuestionKeyword_signal_this_work': 0, 'QuestionKeyword_signal_this_character': 0, 'QuestionKeyword_signal_this_person': 0, 'QuestionKeyword_signal_this_country': 0, 'QuestionKeyword_signal_this_battle': 0, 'QuestionKeyword_signal_this_composer': 0, 'QuestionKeyword_signal_this_painting': 0, 'GuessQuality_proper_noun': 1, 'GuessQuality_single_word': 1, 'GuessQuality_has_title_case': 1, 'AnswerType_expects_person': 0, 'AnswerType_expects_work': 0, 'AnswerType_expects_place': 0, 'final': np.False_}"
False,16,2,6,Plough,0.00,"{'Gpr_confidence': -0.11684431585, 'Length_char': 348, 'Length_word': 56, 'Length_guess': 6, 'Length_ten_points': 0, 'Frequency_guess': 0.0, 'GuessFormat_has_parentheses': 0, 'GuessFormat_has_quotes': 0, 'GuessFormat_word_count': 1, 'GuessFormat_has_numbers': 0, 'RunPosition_position_ratio': 0.7733333333333333, 'RunPosition_early_question': 0, 'RunPosition_late_question': 1, 'QuestionKeyword_signal_for_ten_points': 0, 'QuestionKeyword_signal_name_this': 0, 'QuestionKeyword_signal_identify_this': 0, 'QuestionKeyword_signal_what_is': 0, 'QuestionKeyword_signal_who_is': 0, 'QuestionKeyword_signal_this_author': 0, 'QuestionKeyword_signal_this_work': 0, 'QuestionKeyword_signal_this_character': 0, 'QuestionKeyword_signal_this_person': 0, 'QuestionKeyword_signal_this_country': 0, 'QuestionKeyword_signal_this_battle': 0, 'QuestionKeyword_signal_this_composer': 0, 'QuestionKeyword_signal_this_painting': 0, 'GuessQuality_proper_noun': 1, 'GuessQuality_single_word': 1, 'GuessQuality_has_title_case': 1, 'AnswerType_expects_person': 0, 'AnswerType_expects_work': 0, 'AnswerType_expects_place': 0, 'final': np.False_}"
False,16,2,12,Plough,0.00,"{'Gpr_confidence': -0.1656634517, 'Length_char': 387, 'Length_word': 62, 'Length_guess': 6, 'Length_ten_points': 0, 'Frequency_guess': 0.0, 'GuessFormat_has_parentheses': 0, 'GuessFormat_has_quotes': 0, 'GuessFormat_word_count': 1, 'GuessFormat_has_numbers': 0, 'RunPosition_position_ratio': 0.86, 'RunPosition_early_question': 0, 'RunPosition_late_question': 1, 'QuestionKeyword_signal_for_ten_points': 0, 'QuestionKeyword_signal_name_this': 0, 'QuestionKeyword_signal_identify_this': 0, 'QuestionKeyword_signal_what_is': 0, 'QuestionKeyword_signal_who_is': 0, 'QuestionKeyword_signal_this_author': 0, 'QuestionKeyword_signal_this_work': 0, 'QuestionKeyword_signal_this_character': 0, 'QuestionKeyword_signal_this_person': 0, 'QuestionKeyword_signal_this_country': 0, 'QuestionKeyword_signal_this_battle': 0, 'QuestionKeyword_signal_this_composer': 0, 'QuestionKeyword_signal_this_painting': 0, 'GuessQuality_proper_noun': 1, 'GuessQuality_single_word': 1, 'GuessQuality_has_title_case': 1, 'AnswerType_expects_person': 0, 'AnswerType_expects_work': 0, 'AnswerType_expects_place': 0, 'final': np.False_}"
False,16,2,16,Plough,0.00,"{'Gpr_confidence': -0.1995171171, 'Length_char': 413, 'Length_word': 66, 'Length_guess': 6, 'Length_ten_points': 0, 'Frequency_guess': 0.0, 'GuessFormat_has_parentheses': 0, 'GuessFormat_has_quotes': 0, 'GuessFormat_word_count': 1, 'GuessFormat_has_numbers': 0, 'RunPosition_position_ratio': 0.9177777777777778, 'RunPosition_early_question': 0, 'RunPosition_late_question': 1, 'QuestionKeyword_signal_for_ten_points': 0, 'QuestionKeyword_signal_name_this': 0, 'QuestionKeyword_signal_identify_this': 0, 'QuestionKeyword_signal_what_is': 0, 'QuestionKeyword_signal_who_is': 0, 'QuestionKeyword_signal_this_author': 0, 'QuestionKeyword_signal_this_work': 0, 'QuestionKeyword_signal_this_character': 0, 'QuestionKeyword_signal_this_person': 0, 'QuestionKeyword_signal_this_country': 0, 'QuestionKeyword_signal_this_battle': 0, 'QuestionKeyword_signal_this_composer': 0, 'QuestionKeyword_signal_this_painting': 0, 'GuessQuality_proper_noun': 1, 'GuessQuality_single_word': 1, 'GuessQuality_has_title_case': 1, 'AnswerType_expects_person': 0, 'AnswerType_expects_work': 0, 'AnswerType_expects_place': 0, 'final': np.False_}"
False,16,3,6,Plough,0.00,"{'Gpr_confidence': -0.2341924144, 'Length_char': 451, 'Length_word': 72, 'Length_guess': 6, 'Length_ten_points': 0, 'Frequency_guess': 0.0, 'GuessFormat_has_parentheses': 0, 'GuessFormat_has_quotes': 0, 'GuessFormat_word_count': 1, 'GuessFormat_has_numbers': 0, 'RunPosition_position_ratio': 1.0022222222222221, 'RunPosition_early_question': 0, 'RunPosition_late_question': 1, 'QuestionKeyword_signal_for_ten_points': 0, 'QuestionKeyword_signal_name_this': 0, 'QuestionKeyword_signal_identify_this': 0, 'QuestionKeyword_signal_what_is': 0, 'QuestionKeyword_signal_who_is': 0, 'QuestionKeyword_signal_this_author': 0, 'QuestionKeyword_signal_this_work': 0, 'QuestionKeyword_signal_this_character': 0, 'QuestionKeyword_signal_this_person': 0, 'QuestionKeyword_signal_this_country': 0, 'QuestionKeyword_signal_this_battle': 0, 'QuestionKeyword_signal_this_composer': 0, 'QuestionKeyword_signal_this_painting': 0, 'GuessQuality_proper_noun': 1, 'GuessQuality_single_word': 1, 'GuessQuality_has_title_case': 1, 'AnswerType_expects_person': 0, 'AnswerType_expects_work': 0, 'AnswerType_expects_place': 0, 'final': np.False_}"
False,16,3,12,Plough,0.00,"{'Gpr_confidence': -0.2461000263, 'Length_char': 489, 'Length_word': 78, 'Length_guess': 6, 'Length_ten_points': 0, 'Frequency_guess': 0.0, 'GuessFormat_has_parentheses': 0, 'GuessFormat_has_quotes': 0, 'GuessFormat_word_count': 1, 'GuessFormat_has_numbers': 0, 'RunPosition_position_ratio': 1.0866666666666667, 'RunPosition_early_question': 0, 'RunPosition_late_question': 1, 'QuestionKeyword_signal_for_ten_points': 0, 'QuestionKeyword_signal_name_this': 0, 'QuestionKeyword_signal_identify_this': 0, 'QuestionKeyword_signal_what_is': 0, 'QuestionKeyword_signal_who_is': 0, 'QuestionKeyword_signal_this_author': 0, 'QuestionKeyword_signal_this_work': 0, 'QuestionKeyword_signal_this_character': 0, 'QuestionKeyword_signal_this_person': 0, 'QuestionKeyword_signal_this_country': 0, 'QuestionKeyword_signal_this_battle': 0, 'QuestionKeyword_signal_this_composer': 0, 'QuestionKeyword_signal_this_painting': 0, 'GuessQuality_proper_noun': 1, 'GuessQuality_single_word': 1, 'GuessQuality_has_title_case': 1, 'AnswerType_expects_person': 0, 'AnswerType_expects_work': 0, 'AnswerType_expects_place': 0, 'final': np.False_}"
False,16,3,13,Plough,0.00,"{'Gpr_confidence': -0.19460268435, 'Length_char': 499, 'Length_word': 79, 'Length_guess': 6, 'Length_ten_points': 0, 'Frequency_guess': 0.0, 'GuessFormat_has_parentheses': 0, 'GuessFormat_has_quotes': 0, 'GuessFormat_word_count': 1, 'GuessFormat_has_numbers': 0, 'RunPosition_position_ratio': 1.1088888888888888, 'RunPosition_early_question': 0, 'RunPosition_late_question': 1, 'QuestionKeyword_signal_for_ten_points': 0, 'QuestionKeyword_signal_name_this': 0, 'QuestionKeyword_signal_identify_this': 0, 'QuestionKeyword_signal_what_is': 0, 'QuestionKeyword_signal_who_is': 0, 'QuestionKeyword_signal_this_author': 0, 'QuestionKeyword_signal_this_work': 0, 'QuestionKeyword_signal_this_character': 0, 'QuestionKeyword_signal_this_person': 0, 'QuestionKeyword_signal_this_country': 0, 'QuestionKeyword_signal_this_battle': 0, 'QuestionKeyword_signal_this_composer': 0, 'QuestionKeyword_signal_this_painting': 0, 'GuessQuality_proper_noun': 1, 'GuessQuality_single_word': 1, 'GuessQuality_has_title_case': 1, 'AnswerType_expects_person': 0, 'AnswerType_expects_work': 0, 'AnswerType_expects_place': 0, 'final': np.False_}"
False,16,4,6,Plough,0.00,"{'Gpr_confidence': -0.22085540455, 'Length_char': 540, 'Length_word': 85, 'Length_guess': 6, 'Length_ten_points': 0, 'Frequency_guess': 0.0, 'GuessFormat_has_parentheses': 0, 'GuessFormat_has_quotes': 0, 'GuessFormat_word_count': 1, 'GuessFormat_has_numbers': 0, 'RunPosition_position_ratio': 1.2, 'RunPosition_early_question': 0, 'RunPosition_late_question': 1, 'QuestionKeyword_signal_for_ten_points': 0, 'QuestionKeyword_signal_name_this': 0, 'QuestionKeyword_signal_identify_this': 0, 'QuestionKeyword_signal_what_is': 0, 'QuestionKeyword_signal_who_is': 0, 'QuestionKeyword_signal_this_author': 0, 'QuestionKeyword_signal_this_work': 0, 'QuestionKeyword_signal_this_character': 0, 'QuestionKeyword_signal_this_person': 0, 'QuestionKeyword_signal_this_country': 0, 'QuestionKeyword_signal_this_battle': 0, 'QuestionKeyword_signal_this_composer': 0, 'QuestionKeyword_signal_this_painting': 0, 'GuessQuality_proper_noun': 1, 'GuessQuality_single_word': 1, 'GuessQuality_has_title_case': 1, 'AnswerType_expects_person': 0, 'AnswerType_expects_work': 0, 'AnswerType_expects_place': 0, 'final': np.False_}"
False,16,4,12,Plough,0.00,"{'Gpr_confidence': -0.27396449055, 'Length_char': 573, 'Length_word': 91, 'Length_guess': 6, 'Length_ten_points': 0, 'Frequency_guess': 0.0, 'GuessFormat_has_parentheses': 0, 'GuessFormat_has_quotes': 0, 'GuessFormat_word_count': 1, 'GuessFormat_has_numbers': 0, 'RunPosition_position_ratio': 1.2733333333333334, 'RunPosition_early_question': 0, 'RunPosition_late_question': 1, 'QuestionKeyword_signal_for_ten_points': 0, 'QuestionKeyword_signal_name_this': 0, 'QuestionKeyword_signal_identify_this': 0, 'QuestionKeyword_signal_what_is': 0, 'QuestionKeyword_signal_who_is': 0, 'QuestionKeyword_signal_this_author': 0, 'QuestionKeyword_signal_this_work': 0, 'QuestionKeyword_signal_this_character': 0, 'QuestionKeyword_signal_this_person': 0, 'QuestionKeyword_signal_this_country': 0, 'QuestionKeyword_signal_this_battle': 0, 'QuestionKeyword_signal_this_composer': 0, 'QuestionKeyword_signal_this_painting': 0, 'GuessQuality_proper_noun': 1, 'GuessQuality_single_word': 1, 'GuessQuality_has_title_case': 1, 'AnswerType_expects_person': 0, 'AnswerType_expects_work': 0, 'AnswerType_expects_place': 0, 'final': np.False_}"
False,16,4,19,Plough,0.00,"{'Gpr_confidence': -0.2911666216, 'Length_char': 615, 'Length_word': 98, 'Length_guess': 6, 'Length_ten_points': 0, 'Frequency_guess': 0.0, 'GuessFormat_has_parentheses': 0, 'GuessFormat_has_quotes': 0, 'GuessFormat_word_count': 1, 'GuessFormat_has_numbers': 0, 'RunPosition_position_ratio': 1.3666666666666667, 'RunPosition_early_question': 0, 'RunPosition_late_question': 1, 'QuestionKeyword_signal_for_ten_points': 0, 'QuestionKeyword_signal_name_this': 0, 'QuestionKeyword_signal_identify_this': 0, 'QuestionKeyword_signal_what_is': 0, 'QuestionKeyword_signal_who_is': 0, 'QuestionKeyword_signal_this_author': 0, 'QuestionKeyword_signal_this_work': 0, 'QuestionKeyword_signal_this_character': 0, 'QuestionKeyword_signal_this_person': 0, 'QuestionKeyword_signal_this_country': 0, 'QuestionKeyword_signal_this_battle': 0, 'QuestionKeyword_signal_this_composer': 0, 'QuestionKeyword_signal_this_painting': 0, 'GuessQuality_proper_noun': 1, 'GuessQuality_single_word': 1, 'GuessQuality_has_title_case': 1, 'AnswerType_expects_person': 0, 'AnswerType_expects_work': 0, 'AnswerType_expects_place': 0, 'final': np.False_}"
False,16,4,22,Plough,0.00,"{'Gpr_confidence': -0.21280103745, 'Length_char': 630, 'Length_word': 101, 'Length_guess': 6, 'Length_ten_points': 0, 'Frequency_guess': 0.0, 'GuessFormat_has_parentheses': 0, 'GuessFormat_has_quotes': 0, 'GuessFormat_word_count': 1, 'GuessFormat_has_numbers': 0, 'RunPosition_position_ratio': 1.4, 'RunPosition_early_question': 0, 'RunPosition_late_question': 1, 'QuestionKeyword_signal_for_ten_points': 0, 'QuestionKeyword_signal_name_this': 0, 'QuestionKeyword_signal_identify_this': 0, 'QuestionKeyword_signal_what_is': 0, 'QuestionKeyword_signal_who_is': 0, 'QuestionKeyword_signal_this_author': 0, 'QuestionKeyword_signal_this_work': 0, 'QuestionKeyword_signal_this_character': 0, 'QuestionKeyword_signal_this_person': 0, 'QuestionKeyword_signal_this_country': 0, 'QuestionKeyword_signal_this_battle': 0, 'QuestionKeyword_signal_this_composer': 0, 'QuestionKeyword_signal_this_painting': 0, 'GuessQuality_proper_noun': 1, 'GuessQuality_single_word': 1, 'GuessQuality_has_title_case': 1, 'AnswerType_expects_person': 0, 'AnswerType_expects_work': 0, 'AnswerType_expects_place': 0, 'final': np.False_}"
False,16,5,7,Plough,0.00,"{'Gpr_confidence': -0.24091837951, 'Length_char': 671, 'Length_word': 108, 'Length_guess': 6, 'Length_ten_points': 0, 'Frequency_guess': 0.0, 'GuessFormat_has_parentheses': 0, 'GuessFormat_has_quotes': 0, 'GuessFormat_word_count': 1, 'GuessFormat_has_numbers': 0, 'RunPosition_position_ratio': 1.491111111111111, 'RunPosition_early_question': 0, 'RunPosition_late_question': 1, 'QuestionKeyword_signal_for_ten_points': 0, 'QuestionKeyword_signal_name_this': 1, 'QuestionKeyword_signal_identify_this': 0, 'QuestionKeyword_signal_what_is': 0, 'QuestionKeyword_signal_who_is': 0, 'QuestionKeyword_signal_this_author': 0, 'QuestionKeyword_signal_this_work': 0, 'QuestionKeyword_signal_this_character': 0, 'QuestionKeyword_signal_this_person': 0, 'QuestionKeyword_signal_this_country': 0, 'QuestionKeyword_signal_this_battle': 0, 'QuestionKeyword_signal_this_composer': 0, 'QuestionKeyword_signal_this_painting': 0, 'GuessQuality_proper_noun': 1, 'GuessQuality_single_word': 1, 'GuessQuality_has_title_case': 1, 'AnswerType_expects_person': 0, 'AnswerType_expects_work': 0, 'AnswerType_expects_place': 0, 'final': np.False_}"
False,16,5,12,Plough,0.00,"{'Gpr_confidence': -0.21182148465, 'Length_char': 703, 'Length_word': 113, 'Length_guess': 6, 'Length_ten_points': 0, 'Frequency_guess': 0.0, 'GuessFormat_has_parentheses': 0, 'GuessFormat_has_quotes': 0, 'GuessFormat_word_count': 1, 'GuessFormat_has_numbers': 0, 'RunPosition_position_ratio': 1.5622222222222222, 'RunPosition_early_question': 0, 'RunPosition_late_question': 1, 'QuestionKeyword_signal_for_ten_points': 0, 'QuestionKeyword_signal_name_this': 1, 'QuestionKeyword_signal_identify_this': 0, 'QuestionKeyword_signal_what_is': 0, 'QuestionKeyword_signal_who_is': 0, 'QuestionKeyword_signal_this_author': 0, 'QuestionKeyword_signal_this_work': 0, 'QuestionKeyword_signal_this_character': 0, 'QuestionKeyword_signal_this_person': 0, 'QuestionKeyword_signal_this_country': 0, 'QuestionKeyword_signal_this_battle': 0, 'QuestionKeyword_signal_this_composer': 0, 'QuestionKeyword_signal_this_painting': 0, 'GuessQuality_proper_noun': 1, 'GuessQuality_single_word': 1, 'GuessQuality_has_title_case': 1, 'AnswerType_expects_person': 0, 'AnswerType_expects_work': 0, 'AnswerType_expects_place': 0, 'final': np.False_}"
True,16,5,18,Plough,0.00,"{'Gpr_confidence': -0.20368851129999999, 'Length_char': 731, 'Length_word': 119, 'Length_guess': 6, 'Length_ten_points': 0, 'Frequency_guess': 0.0, 'GuessFormat_has_parentheses': 0, 'GuessFormat_has_quotes': 0, 'GuessFormat_word_count': 1, 'GuessFormat_has_numbers': 0, 'RunPosition_position_ratio': 1.6244444444444444, 'RunPosition_early_question': 0, 'RunPosition_late_question': 1, 'QuestionKeyword_signal_for_ten_points': 0, 'QuestionKeyword_signal_name_this': 1, 'QuestionKeyword_signal_identify_this': 0, 'QuestionKeyword_signal_what_is': 0, 'QuestionKeyword_signal_who_is': 0, 'QuestionKeyword_signal_this_author': 0, 'QuestionKeyword_signal_this_work': 0, 'QuestionKeyword_signal_this_character': 0, 'QuestionKeyword_signal_this_person': 0, 'QuestionKeyword_signal_this_country': 0, 'QuestionKeyword_signal_this_battle': 0, 'QuestionKeyword_signal_this_composer': 0, 'QuestionKeyword_signal_this_painting': 0, 'GuessQuality_proper_noun': 1, 'GuessQuality_single_word': 1, 'GuessQuality_has_title_case': 1, 'AnswerType_expects_person': 0, 'AnswerType_expects_work': 0, 'AnswerType_expects_place': 0, 'final': np.True_}"
True,16,5,18,Plough,0.00,"{'Gpr_confidence': -0.20368851129999999, 'Length_char': 731, 'Length_word': 119, 'Length_guess': 6, 'Length_ten_points': 0, 'Frequency_guess': 0.0, 'GuessFormat_has_parentheses': 0, 'GuessFormat_has_quotes': 0, 'GuessFormat_word_count': 1, 'GuessFormat_has_numbers': 0, 'RunPosition_position_ratio': 1.6244444444444444, 'RunPosition_early_question': 0, 'RunPosition_late_question': 1, 'QuestionKeyword_signal_for_ten_points': 0, 'QuestionKeyword_signal_name_this': 1, 'QuestionKeyword_signal_identify_this': 0, 'QuestionKeyword_signal_what_is': 0, 'QuestionKeyword_signal_who_is': 0, 'QuestionKeyword_signal_this_author': 0, 'QuestionKeyword_signal_this_work': 0, 'QuestionKeyword_signal_this_character': 0, 'QuestionKeyword_signal_this_person': 0, 'QuestionKeyword_signal_this_country': 0, 'QuestionKeyword_signal_this_battle': 0, 'QuestionKeyword_signal_this_composer': 0, 'QuestionKeyword_signal_this_painting': 0, 'GuessQuality_proper_noun': 1, 'GuessQuality_single_word': 1, 'GuessQuality_has_title_case': 1, 'AnswerType_expects_person': 0, 'AnswerType_expects_work': 0, 'AnswerType_expects_place': 0, 'final': np.True_}"
False,17,0,7,"Ted Cruz Senate campaign, 2018",0.00,"{'Gpr_confidence': -0.40087569289499997, 'Length_char': 41, 'Length_word': 7, 'Length_guess': 30, 'Length_ten_points': 0, 'Frequency_guess': 0.0, 'GuessFormat_has_parentheses': 0, 'GuessFormat_has_quotes': 0, 'GuessFormat_word_count': 5, 'GuessFormat_has_numbers': 1, 'RunPosition_position_ratio': 0.09111111111111111, 'RunPosition_early_question': 1, 'RunPosition_late_question': 0, 'QuestionKeyword_signal_for_ten_points': 0, 'QuestionKeyword_signal_name_this': 0, 'QuestionKeyword_signal_identify_this': 0, 'QuestionKeyword_signal_what_is': 0, 'QuestionKeyword_signal_who_is': 0, 'QuestionKeyword_signal_this_author': 0, 'QuestionKeyword_signal_this_work': 0, 'QuestionKeyword_signal_this_character': 0, 'QuestionKeyword_signal_this_person': 0, 'QuestionKeyword_signal_this_country': 0, 'QuestionKeyword_signal_this_battle': 0, 'QuestionKeyword_signal_this_composer': 0, 'QuestionKeyword_signal_this_painting': 0, 'GuessQuality_proper_noun': 1, 'GuessQuality_single_word': 0, 'GuessQuality_has_title_case': 0, 'AnswerType_expects_person': 0, 'AnswerType_expects_work': 0, 'AnswerType_expects_place': 0, 'final': np.False_}"
False,17,0,13,"Joe Biden Senate campaign, 1988",0.00,"{'Gpr_confidence': -0.24440561527425, 'Length_char': 72, 'Length_word': 13, 'Length_guess': 31, 'Length_ten_points': 0, 'Frequency_guess': 0.0, 'GuessFormat_has_parentheses': 0, 'GuessFormat_has_quotes': 0, 'GuessFormat_word_count': 5, 'GuessFormat_has_numbers': 1, 'RunPosition_position_ratio': 0.16, 'RunPosition_early_question': 1, 'RunPosition_late_question': 0, 'QuestionKeyword_signal_for_ten_points': 0, 'QuestionKeyword_signal_name_this': 0, 'QuestionKeyword_signal_identify_this': 0, 'QuestionKeyword_signal_what_is': 0, 'QuestionKeyword_signal_who_is': 0, 'QuestionKeyword_signal_this_author': 0, 'QuestionKeyword_signal_this_work': 0, 'QuestionKeyword_signal_this_character': 0, 'QuestionKeyword_signal_this_person': 0, 'QuestionKeyword_signal_this_country': 0, 'QuestionKeyword_signal_this_battle': 0, 'QuestionKeyword_signal_this_composer': 0, 'QuestionKeyword_signal_this_painting': 0, 'GuessQuality_proper_noun': 1, 'GuessQuality_single_word': 0, 'GuessQuality_has_title_case': 0, 'AnswerType_expects_person': 0, 'AnswerType_expects_work': 0, 'AnswerType_expects_place': 0, 'final': np.False_}"
False,17,0,19,"Gary Hart presidential campaign, 1984",0.00,"{'Gpr_confidence': -0.24395178744245, 'Length_char': 105, 'Length_word': 19, 'Length_guess': 37, 'Length_ten_points': 0, 'Frequency_guess': 0.0, 'GuessFormat_has_parentheses': 0, 'GuessFormat_has_quotes': 0, 'GuessFormat_word_count': 5, 'GuessFormat_has_numbers': 1, 'RunPosition_position_ratio': 0.23333333333333334, 'RunPosition_early_question': 1, 'RunPosition_late_question': 0, 'QuestionKeyword_signal_for_ten_points': 0, 'QuestionKeyword_signal_name_this': 0, 'QuestionKeyword_signal_identify_this': 0, 'QuestionKeyword_signal_what_is': 0, 'QuestionKeyword_signal_who_is': 0, 'QuestionKeyword_signal_this_author': 0, 'QuestionKeyword_signal_this_work': 0, 'QuestionKeyword_signal_this_character': 0, 'QuestionKeyword_signal_this_person': 0, 'QuestionKeyword_signal_this_country': 0, 'QuestionKeyword_signal_this_battle': 0, 'QuestionKeyword_signal_this_composer': 0, 'QuestionKeyword_signal_this_painting': 0, 'GuessQuality_proper_noun': 1, 'GuessQuality_single_word': 0, 'GuessQuality_has_title_case': 0, 'AnswerType_expects_person': 0, 'AnswerType_expects_work': 0, 'AnswerType_expects_place': 0, 'final': np.False_}"
False,17,0,24,Duke Tully,0.00,"{'Gpr_confidence': -0.3353441929295, 'Length_char': 132, 'Length_word': 24, 'Length_guess': 10, 'Length_ten_points': 0, 'Frequency_guess': 0.0, 'GuessFormat_has_parentheses': 0, 'GuessFormat_has_quotes': 0, 'GuessFormat_word_count': 2, 'GuessFormat_has_numbers': 0, 'RunPosition_position_ratio': 0.29333333333333333, 'RunPosition_early_question': 0, 'RunPosition_late_question': 0, 'QuestionKeyword_signal_for_ten_points': 0, 'QuestionKeyword_signal_name_this': 0, 'QuestionKeyword_signal_identify_this': 0, 'QuestionKeyword_signal_what_is': 0, 'QuestionKeyword_signal_who_is': 0, 'QuestionKeyword_signal_this_author': 0, 'QuestionKeyword_signal_this_work': 0, 'QuestionKeyword_signal_this_character': 0, 'QuestionKeyword_signal_this_person': 0, 'QuestionKeyword_signal_this_country': 0, 'QuestionKeyword_signal_this_battle': 0, 'QuestionKeyword_signal_this_composer': 0, 'QuestionKeyword_signal_this_painting': 0, 'GuessQuality_proper_noun': 1, 'GuessQuality_single_word': 0, 'GuessQuality_has_title_case': 1, 'AnswerType_expects_person': 0, 'AnswerType_expects_work': 0, 'AnswerType_expects_place': 0, 'final': np.False_}"
False,17,1,5,"John McCain United States Senate campaign, 1986",0.00,"{'Gpr_confidence': -0.1629864833594, 'Length_char': 169, 'Length_word': 29, 'Length_guess': 47, 'Length_ten_points': 0, 'Frequency_guess': 0.0, 'GuessFormat_has_parentheses': 0, 'GuessFormat_has_quotes': 0, 'GuessFormat_word_count': 7, 'GuessFormat_has_numbers': 1, 'RunPosition_position_ratio': 0.37555555555555553, 'RunPosition_early_question': 0, 'RunPosition_late_question': 0, 'QuestionKeyword_signal_for_ten_points': 0, 'QuestionKeyword_signal_name_this': 0, 'QuestionKeyword_signal_identify_this': 0, 'QuestionKeyword_signal_what_is': 0, 'QuestionKeyword_signal_who_is': 0, 'QuestionKeyword_signal_this_author': 0, 'QuestionKeyword_signal_this_work': 0, 'QuestionKeyword_signal_this_character': 0, 'QuestionKeyword_signal_this_person': 0, 'QuestionKeyword_signal_this_country': 0, 'QuestionKeyword_signal_this_battle': 0, 'QuestionKeyword_signal_this_composer': 0, 'QuestionKeyword_signal_this_painting': 0, 'GuessQuality_proper_noun': 1, 'GuessQuality_single_word': 0, 'GuessQuality_has_title_case': 0, 'AnswerType_expects_person': 0, 'AnswerType_expects_work': 0, 'AnswerType_expects_place': 0, 'final': np.False_}"
False,17,1,11,"John McCain United States Senate campaign, 1986",0.00,"{'Gpr_confidence': -0.21204139936100003, 'Length_char': 207, 'Length_word': 35, 'Length_guess': 47, 'Length_ten_points': 0, 'Frequency_guess': 0.0, 'GuessFormat_has_parentheses': 0, 'GuessFormat_has_quotes': 0, 'GuessFormat_word_count': 7, 'GuessFormat_has_numbers': 1, 'RunPosition_position_ratio': 0.46, 'RunPosition_early_question': 0, 'RunPosition_late_question': 0, 'QuestionKeyword_signal_for_ten_points': 0, 'QuestionKeyword_signal_name_this': 0, 'QuestionKeyword_signal_identify_this': 0, 'QuestionKeyword_signal_what_is': 0, 'QuestionKeyword_signal_who_is': 0, 'QuestionKeyword_signal_this_author': 0, 'QuestionKeyword_signal_this_work': 0, 'QuestionKeyword_signal_this_character': 0, 'QuestionKeyword_signal_this_person': 0, 'QuestionKeyword_signal_this_country': 0, 'QuestionKeyword_signal_this_battle': 0, 'QuestionKeyword_signal_this_composer': 0, 'QuestionKeyword_signal_this_painting': 0, 'GuessQuality_proper_noun': 1, 'GuessQuality_single_word': 0, 'GuessQuality_has_title_case': 0, 'AnswerType_expects_person': 0, 'AnswerType_expects_work': 0, 'AnswerType_expects_place': 0, 'final': np.False_}"
False,17,1,17,"John McCain presidential campaign, 2008",0.00,"{'Gpr_confidence': -0.15297720457875, 'Length_char': 240, 'Length_word': 41, 'Length_guess': 39, 'Length_ten_points': 0, 'Frequency_guess': 0.0, 'GuessFormat_has_parentheses': 0, 'GuessFormat_has_quotes': 0, 'GuessFormat_word_count': 5, 'GuessFormat_has_numbers': 1, 'RunPosition_position_ratio': 0.5333333333333333, 'RunPosition_early_question': 0, 'RunPosition_late_question': 0, 'QuestionKeyword_signal_for_ten_points': 0, 'QuestionKeyword_signal_name_this': 0, 'QuestionKeyword_signal_identify_this': 0, 'QuestionKeyword_signal_what_is': 0, 'QuestionKeyword_signal_who_is': 0, 'QuestionKeyword_signal_this_author': 0, 'QuestionKeyword_signal_this_work': 0, 'QuestionKeyword_signal_this_character': 0, 'QuestionKeyword_signal_this_person': 0, 'QuestionKeyword_signal_this_country': 0, 'QuestionKeyword_signal_this_battle': 0, 'QuestionKeyword_signal_this_composer': 0, 'QuestionKeyword_signal_this_painting': 0, 'GuessQuality_proper_noun': 1, 'GuessQuality_single_word': 0, 'GuessQuality_has_title_case': 0, 'AnswerType_expects_person': 0, 'AnswerType_expects_work': 1, 'AnswerType_expects_place': 0, 'final': np.False_}"
False,17,1,21,"John McCain presidential campaign, 2008",0.00,"{'Gpr_confidence': -0.15592958789775, 'Length_char': 265, 'Length_word': 45, 'Length_guess': 39, 'Length_ten_points': 0, 'Frequency_guess': 0.0, 'GuessFormat_has_parentheses': 0, 'GuessFormat_has_quotes': 0, 'GuessFormat_word_count': 5, 'GuessFormat_has_numbers': 1, 'RunPosition_position_ratio': 0.5888888888888889, 'RunPosition_early_question': 0, 'RunPosition_late_question': 0, 'QuestionKeyword_signal_for_ten_points': 0, 'QuestionKeyword_signal_name_this': 0, 'QuestionKeyword_signal_identify_this': 0, 'QuestionKeyword_signal_what_is': 0, 'QuestionKeyword_signal_who_is': 0, 'QuestionKeyword_signal_this_author': 0, 'QuestionKeyword_signal_this_work': 0, 'QuestionKeyword_signal_this_character': 0, 'QuestionKeyword_signal_this_person': 0, 'QuestionKeyword_signal_this_country': 0, 'QuestionKeyword_signal_this_battle': 0, 'QuestionKeyword_signal_this_composer': 0, 'QuestionKeyword_signal_this_painting': 0, 'GuessQuality_proper_noun': 1, 'GuessQuality_single_word': 0, 'GuessQuality_has_title_case': 0, 'AnswerType_expects_person': 0, 'AnswerType_expects_work': 1, 'AnswerType_expects_place': 0, 'final': np.False_}"
False,17,2,7,"John McCain presidential campaign, 2008",0.00,"{'Gpr_confidence': -0.1914393646885, 'Length_char': 303, 'Length_word': 52, 'Length_guess': 39, 'Length_ten_points': 0, 'Frequency_guess': 0.0, 'GuessFormat_has_parentheses': 0, 'GuessFormat_has_quotes': 0, 'GuessFormat_word_count': 5, 'GuessFormat_has_numbers': 1, 'RunPosition_position_ratio': 0.6733333333333333, 'RunPosition_early_question': 0, 'RunPosition_late_question': 0, 'QuestionKeyword_signal_for_ten_points': 0, 'QuestionKeyword_signal_name_this': 0, 'QuestionKeyword_signal_identify_this': 0, 'QuestionKeyword_signal_what_is': 0, 'QuestionKeyword_signal_who_is': 0, 'QuestionKeyword_signal_this_author': 0, 'QuestionKeyword_signal_this_work': 0, 'QuestionKeyword_signal_this_character': 0, 'QuestionKeyword_signal_this_person': 0, 'QuestionKeyword_signal_this_country': 0, 'QuestionKeyword_signal_this_battle': 0, 'QuestionKeyword_signal_this_composer': 0, 'QuestionKeyword_signal_this_painting': 0, 'GuessQuality_proper_noun': 1, 'GuessQuality_single_word': 0, 'GuessQuality_has_title_case': 0, 'AnswerType_expects_person': 0, 'AnswerType_expects_work': 1, 'AnswerType_expects_place': 0, 'final': np.False_}"
False,17,2,15,"John McCain presidential campaign, 2000",0.00,"{'Gpr_confidence': -0.155396492385875, 'Length_char': 339, 'Length_word': 60, 'Length_guess': 39, 'Length_ten_points': 0, 'Frequency_guess': 0.0, 'GuessFormat_has_parentheses': 0, 'GuessFormat_has_quotes': 0, 'GuessFormat_word_count': 5, 'GuessFormat_has_numbers': 1, 'RunPosition_position_ratio': 0.7533333333333333, 'RunPosition_early_question': 0, 'RunPosition_late_question': 1, 'QuestionKeyword_signal_for_ten_points': 0, 'QuestionKeyword_signal_name_this': 0, 'QuestionKeyword_signal_identify_this': 0, 'QuestionKeyword_signal_what_is': 0, 'QuestionKeyword_signal_who_is': 0, 'QuestionKeyword_signal_this_author': 0, 'QuestionKeyword_signal_this_work': 0, 'QuestionKeyword_signal_this_character': 0, 'QuestionKeyword_signal_this_person': 0, 'QuestionKeyword_signal_this_country': 0, 'QuestionKeyword_signal_this_battle': 0, 'QuestionKeyword_signal_this_composer': 0, 'QuestionKeyword_signal_this_painting': 0, 'GuessQuality_proper_noun': 1, 'GuessQuality_single_word': 0, 'GuessQuality_has_title_case': 0, 'AnswerType_expects_person': 0, 'AnswerType_expects_work': 1, 'AnswerType_expects_place': 0, 'final': np.False_}"
False,17,2,20,"John McCain presidential campaign, 2008",0.00,"{'Gpr_confidence': -0.128124473073125, 'Length_char': 378, 'Length_word': 65, 'Length_guess': 39, 'Length_ten_points': 0, 'Frequency_guess': 0.0, 'GuessFormat_has_parentheses': 0, 'GuessFormat_has_quotes': 0, 'GuessFormat_word_count': 5, 'GuessFormat_has_numbers': 1, 'RunPosition_position_ratio': 0.84, 'RunPosition_early_question': 0, 'RunPosition_late_question': 1, 'QuestionKeyword_signal_for_ten_points': 0, 'QuestionKeyword_signal_name_this': 0, 'QuestionKeyword_signal_identify_this': 0, 'QuestionKeyword_signal_what_is': 0, 'QuestionKeyword_signal_who_is': 0, 'QuestionKeyword_signal_this_author': 0, 'QuestionKeyword_signal_this_work': 0, 'QuestionKeyword_signal_this_character': 0, 'QuestionKeyword_signal_this_person': 0, 'QuestionKeyword_signal_this_country': 0, 'QuestionKeyword_signal_this_battle': 0, 'QuestionKeyword_signal_this_composer': 0, 'QuestionKeyword_signal_this_painting': 0, 'GuessQuality_proper_noun': 1, 'GuessQuality_single_word': 0, 'GuessQuality_has_title_case': 0, 'AnswerType_expects_person': 0, 'AnswerType_expects_work': 1, 'AnswerType_expects_place': 0, 'final': np.False_}"
False,17,2,25,John McCain 2008 presidential campaign,0.00,"{'Gpr_confidence': -0.14517958365285713, 'Length_char': 407, 'Length_word': 70, 'Length_guess': 38, 'Length_ten_points': 0, 'Frequency_guess': 0.0, 'GuessFormat_has_parentheses': 0, 'GuessFormat_has_quotes': 0, 'GuessFormat_word_count': 5, 'GuessFormat_has_numbers': 1, 'RunPosition_position_ratio': 0.9044444444444445, 'RunPosition_early_question': 0, 'RunPosition_late_question': 1, 'QuestionKeyword_signal_for_ten_points': 0, 'QuestionKeyword_signal_name_this': 0, 'QuestionKeyword_signal_identify_this': 0, 'QuestionKeyword_signal_what_is': 0, 'QuestionKeyword_signal_who_is': 0, 'QuestionKeyword_signal_this_author': 0, 'QuestionKeyword_signal_this_work': 0, 'QuestionKeyword_signal_this_character': 0, 'QuestionKeyword_signal_this_person': 0, 'QuestionKeyword_signal_this_country': 0, 'QuestionKeyword_signal_this_battle': 0, 'QuestionKeyword_signal_this_composer': 0, 'QuestionKeyword_signal_this_painting': 0, 'GuessQuality_proper_noun': 1, 'GuessQuality_single_word': 0, 'GuessQuality_has_title_case': 0, 'AnswerType_expects_person': 0, 'AnswerType_expects_work': 1, 'AnswerType_expects_place': 0, 'final': np.False_}"
False,17,3,5,"John McCain presidential campaign, 2008",0.00,"{'Gpr_confidence': -0.10559923843499999, 'Length_char': 444, 'Length_word': 75, 'Length_guess': 39, 'Length_ten_points': 0, 'Frequency_guess': 0.0, 'GuessFormat_has_parentheses': 0, 'GuessFormat_has_quotes': 0, 'GuessFormat_word_count': 5, 'GuessFormat_has_numbers': 1, 'RunPosition_position_ratio': 0.9866666666666667, 'RunPosition_early_question': 0, 'RunPosition_late_question': 1, 'QuestionKeyword_signal_for_ten_points': 0, 'QuestionKeyword_signal_name_this': 0, 'QuestionKeyword_signal_identify_this': 0, 'QuestionKeyword_signal_what_is': 0, 'QuestionKeyword_signal_who_is': 0, 'QuestionKeyword_signal_this_author': 0, 'QuestionKeyword_signal_this_work': 0, 'QuestionKeyword_signal_this_character': 0, 'QuestionKeyword_signal_this_person': 0, 'QuestionKeyword_signal_this_country': 0, 'QuestionKeyword_signal_this_battle': 0, 'QuestionKeyword_signal_this_composer': 0, 'QuestionKeyword_signal_this_painting': 0, 'GuessQuality_proper_noun': 1, 'GuessQuality_single_word': 0, 'GuessQuality_has_title_case': 0, 'AnswerType_expects_person': 1, 'AnswerType_expects_work': 1, 'AnswerType_expects_place': 0, 'final': np.False_}"
False,17,3,10,"John McCain presidential campaign, 2008",0.00,"{'Gpr_confidence': -0.08845722837, 'Length_char': 479, 'Length_word': 80, 'Length_guess': 39, 'Length_ten_points': 0, 'Frequency_guess': 0.0, 'GuessFormat_has_parentheses': 0, 'GuessFormat_has_quotes': 0, 'GuessFormat_word_count': 5, 'GuessFormat_has_numbers': 1, 'RunPosition_position_ratio': 1.0644444444444445, 'RunPosition_early_question': 0, 'RunPosition_late_question': 1, 'QuestionKeyword_signal_for_ten_points': 0, 'QuestionKeyword_signal_name_this': 0, 'QuestionKeyword_signal_identify_this': 0, 'QuestionKeyword_signal_what_is': 0, 'QuestionKeyword_signal_who_is': 0, 'QuestionKeyword_signal_this_author': 0, 'QuestionKeyword_signal_this_work': 0, 'QuestionKeyword_signal_this_character': 0, 'QuestionKeyword_signal_this_person': 0, 'QuestionKeyword_signal_this_country': 0, 'QuestionKeyword_signal_this_battle': 0, 'QuestionKeyword_signal_this_composer': 0, 'QuestionKeyword_signal_this_painting': 0, 'GuessQuality_proper_noun': 1, 'GuessQuality_single_word': 0, 'GuessQuality_has_title_case': 0, 'AnswerType_expects_person': 1, 'AnswerType_expects_work': 1, 'AnswerType_expects_place': 0, 'final': np.False_}"
True,17,3,16,John McCain,0.00,"{'Gpr_confidence': -0.0552630156, 'Length_char': 523, 'Length_word': 86, 'Length_guess': 11, 'Length_ten_points': 0, 'Frequency_guess': 2.1972245773362196, 'GuessFormat_has_parentheses': 0, 'GuessFormat_has_quotes': 0, 'GuessFormat_word_count': 2, 'GuessFormat_has_numbers': 0, 'RunPosition_position_ratio': 1.1622222222222223, 'RunPosition_early_question': 0, 'RunPosition_late_question': 1, 'QuestionKeyword_signal_for_ten_points': 0, 'QuestionKeyword_signal_name_this': 0, 'QuestionKeyword_signal_identify_this': 0, 'QuestionKeyword_signal_what_is': 0, 'QuestionKeyword_signal_who_is': 0, 'QuestionKeyword_signal_this_author': 0, 'QuestionKeyword_signal_this_work': 0, 'QuestionKeyword_signal_this_character': 0, 'QuestionKeyword_signal_this_person': 0, 'QuestionKeyword_signal_this_country': 0, 'QuestionKeyword_signal_this_battle': 0, 'QuestionKeyword_signal_this_composer': 0, 'QuestionKeyword_signal_this_painting': 0, 'GuessQuality_proper_noun': 1, 'GuessQuality_single_word': 0, 'GuessQuality_has_title_case': 1, 'AnswerType_expects_person': 1, 'AnswerType_expects_work': 1, 'AnswerType_expects_place': 0, 'final': np.True_}"
False,17,3,19,John McCain Wikipedia page,0.00,"{'Gpr_confidence': -0.535812964892, 'Length_char': 542, 'Length_word': 89, 'Length_guess': 26, 'Length_ten_points': 0, 'Frequency_guess': 0.0, 'GuessFormat_has_parentheses': 0, 'GuessFormat_has_quotes': 0, 'GuessFormat_word_count': 4, 'GuessFormat_has_numbers': 0, 'RunPosition_position_ratio': 1.2044444444444444, 'RunPosition_early_question': 0, 'RunPosition_late_question': 1, 'QuestionKeyword_signal_for_ten_points': 0, 'QuestionKeyword_signal_name_this': 0, 'QuestionKeyword_signal_identify_this': 0, 'QuestionKeyword_signal_what_is': 0, 'QuestionKeyword_signal_who_is': 0, 'QuestionKeyword_signal_this_author': 0, 'QuestionKeyword_signal_this_work': 0, 'QuestionKeyword_signal_this_character': 0, 'QuestionKeyword_signal_this_person': 0, 'QuestionKeyword_signal_this_country': 0, 'QuestionKeyword_signal_this_battle': 0, 'QuestionKeyword_signal_this_composer': 0, 'QuestionKeyword_signal_this_painting': 0, 'GuessQuality_proper_noun': 1, 'GuessQuality_single_word': 0, 'GuessQuality_has_title_case': 0, 'AnswerType_expects_person': 1, 'AnswerType_expects_work': 1, 'AnswerType_expects_place': 0, 'final': np.False_}"
True,17,4,7,John McCain,0.00,"{'Gpr_confidence': -0.032894116104999996, 'Length_char': 580, 'Length_word': 96, 'Length_guess': 11, 'Length_ten_points': 0, 'Frequency_guess': 2.1972245773362196, 'GuessFormat_has_parentheses': 0, 'GuessFormat_has_quotes': 0, 'GuessFormat_word_count': 2, 'GuessFormat_has_numbers': 0, 'RunPosition_position_ratio': 1.288888888888889, 'RunPosition_early_question': 0, 'RunPosition_late_question': 1, 'QuestionKeyword_signal_for_ten_points': 0, 'QuestionKeyword_signal_name_this': 0, 'QuestionKeyword_signal_identify_this': 0, 'QuestionKeyword_signal_what_is': 0, 'QuestionKeyword_signal_who_is': 0, 'QuestionKeyword_signal_this_author': 0, 'QuestionKeyword_signal_this_work': 0, 'QuestionKeyword_signal_this_character': 0, 'QuestionKeyword_signal_this_person': 0, 'QuestionKeyword_signal_this_country': 0, 'QuestionKeyword_signal_this_battle': 0, 'QuestionKeyword_signal_this_composer': 0, 'QuestionKeyword_signal_this_painting': 0, 'GuessQuality_proper_noun': 1, 'GuessQuality_single_word': 0, 'GuessQuality_has_title_case': 1, 'AnswerType_expects_person': 1, 'AnswerType_expects_work': 1, 'AnswerType_expects_place': 0, 'final': np.True_}"
True,17,4,13,John McCain,0.00,"{'Gpr_confidence': -0.000519618132, 'Length_char': 623, 'Length_word': 102, 'Length_guess': 11, 'Length_ten_points': 0, 'Frequency_guess': 2.1972245773362196, 'GuessFormat_has_parentheses': 0, 'GuessFormat_has_quotes': 0, 'GuessFormat_word_count': 2, 'GuessFormat_has_numbers': 0, 'RunPosition_position_ratio': 1.3844444444444444, 'RunPosition_early_question': 0, 'RunPosition_late_question': 1, 'QuestionKeyword_signal_for_ten_points': 0, 'QuestionKeyword_signal_name_this': 0, 'QuestionKeyword_signal_identify_this': 0, 'QuestionKeyword_signal_what_is': 0, 'QuestionKeyword_signal_who_is': 0, 'QuestionKeyword_signal_this_author': 0, 'QuestionKeyword_signal_this_work': 0, 'QuestionKeyword_signal_this_character': 0, 'QuestionKeyword_signal_this_person': 0, 'QuestionKeyword_signal_this_country': 0, 'QuestionKeyword_signal_this_battle': 0, 'QuestionKeyword_signal_this_composer': 0, 'QuestionKeyword_signal_this_painting': 0, 'GuessQuality_proper_noun': 1, 'GuessQuality_single_word': 0, 'GuessQuality_has_title_case': 1, 'AnswerType_expects_person': 1, 'AnswerType_expects_work': 1, 'AnswerType_expects_place': 0, 'final': np.True_}"
True,17,5,7,John McCain,0.00,"{'Gpr_confidence': -0.000854346755, 'Length_char': 665, 'Length_word': 109, 'Length_guess': 11, 'Length_ten_points': 0, 'Frequency_guess': 2.1972245773362196, 'GuessFormat_has_parentheses': 0, 'GuessFormat_has_quotes': 0, 'GuessFormat_word_count': 2, 'GuessFormat_has_numbers': 0, 'RunPosition_position_ratio': 1.4777777777777779, 'RunPosition_early_question': 0, 'RunPosition_late_question': 1, 'QuestionKeyword_signal_for_ten_points': 0, 'QuestionKeyword_signal_name_this': 1, 'QuestionKeyword_signal_identify_this': 0, 'QuestionKeyword_signal_what_is': 0, 'QuestionKeyword_signal_who_is': 0, 'QuestionKeyword_signal_this_author': 0, 'QuestionKeyword_signal_this_work': 0, 'QuestionKeyword_signal_this_character': 0, 'QuestionKeyword_signal_this_person': 0, 'QuestionKeyword_signal_this_country': 0, 'QuestionKeyword_signal_this_battle': 0, 'QuestionKeyword_signal_this_composer': 0, 'QuestionKeyword_signal_this_painting': 0, 'GuessQuality_proper_noun': 1, 'GuessQuality_single_word': 0, 'GuessQuality_has_title_case': 1, 'AnswerType_expects_person': 1, 'AnswerType_expects_work': 1, 'AnswerType_expects_place': 0, 'final': np.True_}"
True,17,5,13,John McCain,0.00,"{'Gpr_confidence': -0.0003852865775, 'Length_char': 697, 'Length_word': 115, 'Length_guess': 11, 'Length_ten_points': 0, 'Frequency_guess': 2.1972245773362196, 'GuessFormat_has_parentheses': 0, 'GuessFormat_has_quotes': 0, 'GuessFormat_word_count': 2, 'GuessFormat_has_numbers': 0, 'RunPosition_position_ratio': 1.548888888888889, 'RunPosition_early_question': 0, 'RunPosition_late_question': 1, 'QuestionKeyword_signal_for_ten_points': 0, 'QuestionKeyword_signal_name_this': 1, 'QuestionKeyword_signal_identify_this': 0, 'QuestionKeyword_signal_what_is': 0, 'QuestionKeyword_signal_who_is': 0, 'QuestionKeyword_signal_this_author': 0, 'QuestionKeyword_signal_this_work': 0, 'QuestionKeyword_signal_this_character': 0, 'QuestionKeyword_signal_this_person': 0, 'QuestionKeyword_signal_this_country': 0, 'QuestionKeyword_signal_this_battle': 0, 'QuestionKeyword_signal_this_composer': 0, 'QuestionKeyword_signal_this_painting': 0, 'GuessQuality_proper_noun': 1, 'GuessQuality_single_word': 0, 'GuessQuality_has_title_case': 1, 'AnswerType_expects_person': 1, 'AnswerType_expects_work': 1, 'AnswerType_expects_place': 0, 'final': np.True_}"
True,17,5,15,John McCain,0.00,"{'Gpr_confidence': -0.00062945058, 'Length_char': 712, 'Length_word': 117, 'Length_guess': 11, 'Length_ten_points': 0, 'Frequency_guess': 2.1972245773362196, 'GuessFormat_has_parentheses': 0, 'GuessFormat_has_quotes': 0, 'GuessFormat_word_count': 2, 'GuessFormat_has_numbers': 0, 'RunPosition_position_ratio': 1.5822222222222222, 'RunPosition_early_question': 0, 'RunPosition_late_question': 1, 'QuestionKeyword_signal_for_ten_points': 0, 'QuestionKeyword_signal_name_this': 1, 'QuestionKeyword_signal_identify_this': 0, 'QuestionKeyword_signal_what_is': 0, 'QuestionKeyword_signal_who_is': 0, 'QuestionKeyword_signal_this_author': 0, 'QuestionKeyword_signal_this_work': 0, 'QuestionKeyword_signal_this_character': 0, 'QuestionKeyword_signal_this_person': 0, 'QuestionKeyword_signal_this_country': 0, 'QuestionKeyword_signal_this_battle': 0, 'QuestionKeyword_signal_this_composer': 0, 'QuestionKeyword_signal_this_painting': 0, 'GuessQuality_proper_noun': 1, 'GuessQuality_single_word': 0, 'GuessQuality_has_title_case': 1, 'AnswerType_expects_person': 1, 'AnswerType_expects_work': 1, 'AnswerType_expects_place': 0, 'final': np.True_}"
True,17,5,15,John McCain,0.00,"{'Gpr_confidence': -0.00062945058, 'Length_char': 712, 'Length_word': 117, 'Length_guess': 11, 'Length_ten_points': 0, 'Frequency_guess': 2.1972245773362196, 'GuessFormat_has_parentheses': 0, 'GuessFormat_has_quotes': 0, 'GuessFormat_word_count': 2, 'GuessFormat_has_numbers': 0, 'RunPosition_position_ratio': 1.5822222222222222, 'RunPosition_early_question': 0, 'RunPosition_late_question': 1, 'QuestionKeyword_signal_for_ten_points': 0, 'QuestionKeyword_signal_name_this': 1, 'QuestionKeyword_signal_identify_this': 0, 'QuestionKeyword_signal_what_is': 0, 'QuestionKeyword_signal_who_is': 0, 'QuestionKeyword_signal_this_author': 0, 'QuestionKeyword_signal_this_work': 0, 'QuestionKeyword_signal_this_character': 0, 'QuestionKeyword_signal_this_person': 0, 'QuestionKeyword_signal_this_country': 0, 'QuestionKeyword_signal_this_battle': 0, 'QuestionKeyword_signal_this_composer': 0, 'QuestionKeyword_signal_this_painting': 0, 'GuessQuality_proper_noun': 1, 'GuessQuality_single_word': 0, 'GuessQuality_has_title_case': 1, 'AnswerType_expects_person': 1, 'AnswerType_expects_work': 1, 'AnswerType_expects_place': 0, 'final': np.True_}"
False,18,0,6,Acting,0.00,"{'Gpr_confidence': -0.226048136, 'Length_char': 39, 'Length_word': 6, 'Length_guess': 6, 'Length_ten_points': 0, 'Frequency_guess': 0.6931471805599453, 'GuessFormat_has_parentheses': 0, 'GuessFormat_has_quotes': 0, 'GuessFormat_word_count': 1, 'GuessFormat_has_numbers': 0, 'RunPosition_position_ratio': 0.08666666666666667, 'RunPosition_early_question': 1, 'RunPosition_late_question': 0, 'QuestionKeyword_signal_for_ten_points': 0, 'QuestionKeyword_signal_name_this': 0, 'QuestionKeyword_signal_identify_this': 0, 'QuestionKeyword_signal_what_is': 0, 'QuestionKeyword_signal_who_is': 0, 'QuestionKeyword_signal_this_author': 0, 'QuestionKeyword_signal_this_work': 0, 'QuestionKeyword_signal_this_character': 0, 'QuestionKeyword_signal_this_person': 0, 'QuestionKeyword_signal_this_country': 0, 'QuestionKeyword_signal_this_battle': 0, 'QuestionKeyword_signal_this_composer': 0, 'QuestionKeyword_signal_this_painting': 0, 'GuessQuality_proper_noun': 1, 'GuessQuality_single_word': 1, 'GuessQuality_has_title_case': 1, 'AnswerType_expects_person': 0, 'AnswerType_expects_work': 0, 'AnswerType_expects_place': 0, 'final': np.False_}"
False,18,0,12,Acting coach,0.00,"{'Gpr_confidence': -0.5145015549999999, 'Length_char': 71, 'Length_word': 12, 'Length_guess': 12, 'Length_ten_points': 0, 'Frequency_guess': 0.0, 'GuessFormat_has_parentheses': 0, 'GuessFormat_has_quotes': 0, 'GuessFormat_word_count': 2, 'GuessFormat_has_numbers': 0, 'RunPosition_position_ratio': 0.15777777777777777, 'RunPosition_early_question': 1, 'RunPosition_late_question': 0, 'QuestionKeyword_signal_for_ten_points': 0, 'QuestionKeyword_signal_name_this': 0, 'QuestionKeyword_signal_identify_this': 0, 'QuestionKeyword_signal_what_is': 0, 'QuestionKeyword_signal_who_is': 0, 'QuestionKeyword_signal_this_author': 0, 'QuestionKeyword_signal_this_work': 0, 'QuestionKeyword_signal_this_character': 0, 'QuestionKeyword_signal_this_person': 0, 'QuestionKeyword_signal_this_country': 0, 'QuestionKeyword_signal_this_battle': 0, 'QuestionKeyword_signal_this_composer': 0, 'QuestionKeyword_signal_this_painting': 0, 'GuessQuality_proper_noun': 1, 'GuessQuality_single_word': 0, 'GuessQuality_has_title_case': 0, 'AnswerType_expects_person': 0, 'AnswerType_expects_work': 0, 'AnswerType_expects_place': 0, 'final': np.False_}"
False,18,0,19,Acting,0.00,"{'Gpr_confidence': -0.39465743000000003, 'Length_char': 108, 'Length_word': 19, 'Length_guess': 6, 'Length_ten_points': 0, 'Frequency_guess': 0.6931471805599453, 'GuessFormat_has_parentheses': 0, 'GuessFormat_has_quotes': 0, 'GuessFormat_word_count': 1, 'GuessFormat_has_numbers': 0, 'RunPosition_position_ratio': 0.24, 'RunPosition_early_question': 1, 'RunPosition_late_question': 0, 'QuestionKeyword_signal_for_ten_points': 0, 'QuestionKeyword_signal_name_this': 0, 'QuestionKeyword_signal_identify_this': 0, 'QuestionKeyword_signal_what_is': 0, 'QuestionKeyword_signal_who_is': 0, 'QuestionKeyword_signal_this_author': 0, 'QuestionKeyword_signal_this_work': 0, 'QuestionKeyword_signal_this_character': 0, 'QuestionKeyword_signal_this_person': 0, 'QuestionKeyword_signal_this_country': 0, 'QuestionKeyword_signal_this_battle': 0, 'QuestionKeyword_signal_this_composer': 0, 'QuestionKeyword_signal_this_painting': 0, 'GuessQuality_proper_noun': 1, 'GuessQuality_single_word': 1, 'GuessQuality_has_title_case': 1, 'AnswerType_expects_person': 0, 'AnswerType_expects_work': 0, 'AnswerType_expects_place': 0, 'final': np.False_}"
False,18,0,23,Acting,0.00,"{'Gpr_confidence': -0.3793111923, 'Length_char': 138, 'Length_word': 23, 'Length_guess': 6, 'Length_ten_points': 0, 'Frequency_guess': 0.6931471805599453, 'GuessFormat_has_parentheses': 0, 'GuessFormat_has_quotes': 0, 'GuessFormat_word_count': 1, 'GuessFormat_has_numbers': 0, 'RunPosition_position_ratio': 0.30666666666666664, 'RunPosition_early_question': 0, 'RunPosition_late_question': 0, 'QuestionKeyword_signal_for_ten_points': 0, 'QuestionKeyword_signal_name_this': 0, 'QuestionKeyword_signal_identify_this': 0, 'QuestionKeyword_signal_what_is': 0, 'QuestionKeyword_signal_who_is': 0, 'QuestionKeyword_signal_this_author': 0, 'QuestionKeyword_signal_this_work': 0, 'QuestionKeyword_signal_this_character': 0, 'QuestionKeyword_signal_this_person': 0, 'QuestionKeyword_signal_this_country': 0, 'QuestionKeyword_signal_this_battle': 0, 'QuestionKeyword_signal_this_composer': 0, 'QuestionKeyword_signal_this_painting': 0, 'GuessQuality_proper_noun': 1, 'GuessQuality_single_word': 1, 'GuessQuality_has_title_case': 1, 'AnswerType_expects_person': 0, 'AnswerType_expects_work': 0, 'AnswerType_expects_place': 0, 'final': np.False_}"
False,18,1,7,Actor training,0.00,"{'Gpr_confidence': -0.5028698149999999, 'Length_char': 179, 'Length_word': 30, 'Length_guess': 14, 'Length_ten_points': 0, 'Frequency_guess': 0.0, 'GuessFormat_has_parentheses': 0, 'GuessFormat_has_quotes': 0, 'GuessFormat_word_count': 2, 'GuessFormat_has_numbers': 0, 'RunPosition_position_ratio': 0.3977777777777778, 'RunPosition_early_question': 0, 'RunPosition_late_question': 0, 'QuestionKeyword_signal_for_ten_points': 0, 'QuestionKeyword_signal_name_this': 0, 'QuestionKeyword_signal_identify_this': 0, 'QuestionKeyword_signal_what_is': 0, 'QuestionKeyword_signal_who_is': 0, 'QuestionKeyword_signal_this_author': 0, 'QuestionKeyword_signal_this_work': 0, 'QuestionKeyword_signal_this_character': 0, 'QuestionKeyword_signal_this_person': 0, 'QuestionKeyword_signal_this_country': 0, 'QuestionKeyword_signal_this_battle': 0, 'QuestionKeyword_signal_this_composer': 0, 'QuestionKeyword_signal_this_painting': 0, 'GuessQuality_proper_noun': 1, 'GuessQuality_single_word': 0, 'GuessQuality_has_title_case': 0, 'AnswerType_expects_person': 1, 'AnswerType_expects_work': 0, 'AnswerType_expects_place': 0, 'final': np.False_}"
False,18,1,11,Neurology,0.00,"{'Gpr_confidence': -0.373132891, 'Length_char': 210, 'Length_word': 34, 'Length_guess': 9, 'Length_ten_points': 0, 'Frequency_guess': 0.0, 'GuessFormat_has_parentheses': 0, 'GuessFormat_has_quotes': 0, 'GuessFormat_word_count': 1, 'GuessFormat_has_numbers': 0, 'RunPosition_position_ratio': 0.4666666666666667, 'RunPosition_early_question': 0, 'RunPosition_late_question': 0, 'QuestionKeyword_signal_for_ten_points': 0, 'QuestionKeyword_signal_name_this': 0, 'QuestionKeyword_signal_identify_this': 0, 'QuestionKeyword_signal_what_is': 0, 'QuestionKeyword_signal_who_is': 0, 'QuestionKeyword_signal_this_author': 0, 'QuestionKeyword_signal_this_work': 0, 'QuestionKeyword_signal_this_character': 0, 'QuestionKeyword_signal_this_person': 0, 'QuestionKeyword_signal_this_country': 0, 'QuestionKeyword_signal_this_battle': 0, 'QuestionKeyword_signal_this_composer': 0, 'QuestionKeyword_signal_this_painting': 0, 'GuessQuality_proper_noun': 1, 'GuessQuality_single_word': 1, 'GuessQuality_has_title_case': 1, 'AnswerType_expects_person': 1, 'AnswerType_expects_work': 0, 'AnswerType_expects_place': 0, 'final': np.False_}"
False,18,1,17,Acting,0.00,"{'Gpr_confidence': -0.39700515275, 'Length_char': 245, 'Length_word': 40, 'Length_guess': 6, 'Length_ten_points': 0, 'Frequency_guess': 0.6931471805599453, 'GuessFormat_has_parentheses': 0, 'GuessFormat_has_quotes': 0, 'GuessFormat_word_count': 1, 'GuessFormat_has_numbers': 0, 'RunPosition_position_ratio': 0.5444444444444444, 'RunPosition_early_question': 0, 'RunPosition_late_question': 0, 'QuestionKeyword_signal_for_ten_points': 0, 'QuestionKeyword_signal_name_this': 0, 'QuestionKeyword_signal_identify_this': 0, 'QuestionKeyword_signal_what_is': 0, 'QuestionKeyword_signal_who_is': 0, 'QuestionKeyword_signal_this_author': 0, 'QuestionKeyword_signal_this_work': 0, 'QuestionKeyword_signal_this_character': 0, 'QuestionKeyword_signal_this_person': 0, 'QuestionKeyword_signal_this_country': 0, 'QuestionKeyword_signal_this_battle': 0, 'QuestionKeyword_signal_this_composer': 0, 'QuestionKeyword_signal_this_painting': 0, 'GuessQuality_proper_noun': 1, 'GuessQuality_single_word': 1, 'GuessQuality_has_title_case': 1, 'AnswerType_expects_person': 1, 'AnswerType_expects_work': 0, 'AnswerType_expects_place': 0, 'final': np.False_}"
False,18,1,21,Acting,0.00,"{'Gpr_confidence': -0.38708456615, 'Length_char': 263, 'Length_word': 44, 'Length_guess': 6, 'Length_ten_points': 0, 'Frequency_guess': 0.6931471805599453, 'GuessFormat_has_parentheses': 0, 'GuessFormat_has_quotes': 0, 'GuessFormat_word_count': 1, 'GuessFormat_has_numbers': 0, 'RunPosition_position_ratio': 0.5844444444444444, 'RunPosition_early_question': 0, 'RunPosition_late_question': 0, 'QuestionKeyword_signal_for_ten_points': 0, 'QuestionKeyword_signal_name_this': 0, 'QuestionKeyword_signal_identify_this': 0, 'QuestionKeyword_signal_what_is': 0, 'QuestionKeyword_signal_who_is': 0, 'QuestionKeyword_signal_this_author': 0, 'QuestionKeyword_signal_this_work': 0, 'QuestionKeyword_signal_this_character': 0, 'QuestionKeyword_signal_this_person': 0, 'QuestionKeyword_signal_this_country': 0, 'QuestionKeyword_signal_this_battle': 0, 'QuestionKeyword_signal_this_composer': 0, 'QuestionKeyword_signal_this_painting': 0, 'GuessQuality_proper_noun': 1, 'GuessQuality_single_word': 1, 'GuessQuality_has_title_case': 1, 'AnswerType_expects_person': 1, 'AnswerType_expects_work': 0, 'AnswerType_expects_place': 0, 'final': np.False_}"
False,18,2,7,Acting,0.00,"{'Gpr_confidence': -0.28012302525000005, 'Length_char': 305, 'Length_word': 51, 'Length_guess': 6, 'Length_ten_points': 0, 'Frequency_guess': 0.6931471805599453, 'GuessFormat_has_parentheses': 0, 'GuessFormat_has_quotes': 0, 'GuessFormat_word_count': 1, 'GuessFormat_has_numbers': 0, 'RunPosition_position_ratio': 0.6777777777777778, 'RunPosition_early_question': 0, 'RunPosition_late_question': 0, 'QuestionKeyword_signal_for_ten_points': 0, 'QuestionKeyword_signal_name_this': 0, 'QuestionKeyword_signal_identify_this': 0, 'QuestionKeyword_signal_what_is': 0, 'QuestionKeyword_signal_who_is': 0, 'QuestionKeyword_signal_this_author': 0, 'QuestionKeyword_signal_this_work': 0, 'QuestionKeyword_signal_this_character': 0, 'QuestionKeyword_signal_this_person': 0, 'QuestionKeyword_signal_this_country': 0, 'QuestionKeyword_signal_this_battle': 0, 'QuestionKeyword_signal_this_composer': 0, 'QuestionKeyword_signal_this_painting': 0, 'GuessQuality_proper_noun': 1, 'GuessQuality_single_word': 1, 'GuessQuality_has_title_case': 1, 'AnswerType_expects_person': 2, 'AnswerType_expects_work': 0, 'AnswerType_expects_place': 0, 'final': np.False_}"
True,18,2,14,Acting,0.00,"{'Gpr_confidence': -0.10750379415, 'Length_char': 337, 'Length_word': 58, 'Length_guess': 6, 'Length_ten_points': 0, 'Frequency_guess': 0.6931471805599453, 'GuessFormat_has_parentheses': 0, 'GuessFormat_has_quotes': 0, 'GuessFormat_word_count': 1, 'GuessFormat_has_numbers': 0, 'RunPosition_position_ratio': 0.7488888888888889, 'RunPosition_early_question': 0, 'RunPosition_late_question': 0, 'QuestionKeyword_signal_for_ten_points': 0, 'QuestionKeyword_signal_name_this': 0, 'QuestionKeyword_signal_identify_this': 0, 'QuestionKeyword_signal_what_is': 0, 'QuestionKeyword_signal_who_is': 0, 'QuestionKeyword_signal_this_author': 0, 'QuestionKeyword_signal_this_work': 0, 'QuestionKeyword_signal_this_character': 0, 'QuestionKeyword_signal_this_person': 0, 'QuestionKeyword_signal_this_country': 0, 'QuestionKeyword_signal_this_battle': 0, 'QuestionKeyword_signal_this_composer': 0, 'QuestionKeyword_signal_this_painting': 0, 'GuessQuality_proper_noun': 1, 'GuessQuality_single_word': 1, 'GuessQuality_has_title_case': 1, 'AnswerType_expects_person': 2, 'AnswerType_expects_work': 0, 'AnswerType_expects_place': 0, 'final': np.True_}"
False,18,2,18,Acting,0.00,"{'Gpr_confidence': -0.26298414, 'Length_char': 374, 'Length_word': 62, 'Length_guess': 6, 'Length_ten_points': 0, 'Frequency_guess': 0.6931471805599453, 'GuessFormat_has_parentheses': 0, 'GuessFormat_has_quotes': 0, 'GuessFormat_word_count': 1, 'GuessFormat_has_numbers': 0, 'RunPosition_position_ratio': 0.8311111111111111, 'RunPosition_early_question': 0, 'RunPosition_late_question': 1, 'QuestionKeyword_signal_for_ten_points': 0, 'QuestionKeyword_signal_name_this': 0, 'QuestionKeyword_signal_identify_this': 0, 'QuestionKeyword_signal_what_is': 0, 'QuestionKeyword_signal_who_is': 0, 'QuestionKeyword_signal_this_author': 0, 'QuestionKeyword_signal_this_work': 0, 'QuestionKeyword_signal_this_character': 0, 'QuestionKeyword_signal_this_person': 0, 'QuestionKeyword_signal_this_country': 0, 'QuestionKeyword_signal_this_battle': 0, 'QuestionKeyword_signal_this_composer': 0, 'QuestionKeyword_signal_this_painting': 0, 'GuessQuality_proper_noun': 1, 'GuessQuality_single_word': 1, 'GuessQuality_has_title_case': 1, 'AnswerType_expects_person': 2, 'AnswerType_expects_work': 0, 'AnswerType_expects_place': 0, 'final': np.False_}"
False,18,2,23,Acting,0.00,"{'Gpr_confidence': -0.31655247999999997, 'Length_char': 409, 'Length_word': 67, 'Length_guess': 6, 'Length_ten_points': 0, 'Frequency_guess': 0.6931471805599453, 'GuessFormat_has_parentheses': 0, 'GuessFormat_has_quotes': 0, 'GuessFormat_word_count': 1, 'GuessFormat_has_numbers': 0, 'RunPosition_position_ratio': 0.9088888888888889, 'RunPosition_early_question': 0, 'RunPosition_late_question': 1, 'QuestionKeyword_signal_for_ten_points': 0, 'QuestionKeyword_signal_name_this': 0, 'QuestionKeyword_signal_identify_this': 0, 'QuestionKeyword_signal_what_is': 0, 'QuestionKeyword_signal_who_is': 0, 'QuestionKeyword_signal_this_author': 0, 'QuestionKeyword_signal_this_work': 0, 'QuestionKeyword_signal_this_character': 0, 'QuestionKeyword_signal_this_person': 0, 'QuestionKeyword_signal_this_country': 0, 'QuestionKeyword_signal_this_battle': 0, 'QuestionKeyword_signal_this_composer': 0, 'QuestionKeyword_signal_this_painting': 0, 'GuessQuality_proper_noun': 1, 'GuessQuality_single_word': 1, 'GuessQuality_has_title_case': 1, 'AnswerType_expects_person': 2, 'AnswerType_expects_work': 0, 'AnswerType_expects_place': 0, 'final': np.False_}"
False,18,2,26,Acting,0.00,"{'Gpr_confidence': -0.48970103200000004, 'Length_char': 428, 'Length_word': 70, 'Length_guess': 6, 'Length_ten_points': 0, 'Frequency_guess': 0.6931471805599453, 'GuessFormat_has_parentheses': 0, 'GuessFormat_has_quotes': 0, 'GuessFormat_word_count': 1, 'GuessFormat_has_numbers': 0, 'RunPosition_position_ratio': 0.9511111111111111, 'RunPosition_early_question': 0, 'RunPosition_late_question': 1, 'QuestionKeyword_signal_for_ten_points': 0, 'QuestionKeyword_signal_name_this': 0, 'QuestionKeyword_signal_identify_this': 0, 'QuestionKeyword_signal_what_is': 0, 'QuestionKeyword_signal_who_is': 0, 'QuestionKeyword_signal_this_author': 0, 'QuestionKeyword_signal_this_work': 0, 'QuestionKeyword_signal_this_character': 0, 'QuestionKeyword_signal_this_person': 0, 'QuestionKeyword_signal_this_country': 0, 'QuestionKeyword_signal_this_battle': 0, 'QuestionKeyword_signal_this_composer': 0, 'QuestionKeyword_signal_this_painting': 0, 'GuessQuality_proper_noun': 1, 'GuessQuality_single_word': 1, 'GuessQuality_has_title_case': 1, 'AnswerType_expects_person': 2, 'AnswerType_expects_work': 0, 'AnswerType_expects_place': 0, 'final': np.False_}"
False,18,3,8,The Man Who Mistook His Wife for a Hat,0.00,"{'Gpr_confidence': -0.0021618546923200003, 'Length_char': 466, 'Length_word': 78, 'Length_guess': 38, 'Length_ten_points': 0, 'Frequency_guess': 0.0, 'GuessFormat_has_parentheses': 0, 'GuessFormat_has_quotes': 0, 'GuessFormat_word_count': 9, 'GuessFormat_has_numbers': 0, 'RunPosition_position_ratio': 1.0355555555555556, 'RunPosition_early_question': 0, 'RunPosition_late_question': 1, 'QuestionKeyword_signal_for_ten_points': 0, 'QuestionKeyword_signal_name_this': 0, 'QuestionKeyword_signal_identify_this': 0, 'QuestionKeyword_signal_what_is': 0, 'QuestionKeyword_signal_who_is': 0, 'QuestionKeyword_signal_this_author': 0, 'QuestionKeyword_signal_this_work': 0, 'QuestionKeyword_signal_this_character': 0, 'QuestionKeyword_signal_this_person': 0, 'QuestionKeyword_signal_this_country': 0, 'QuestionKeyword_signal_this_battle': 0, 'QuestionKeyword_signal_this_composer': 0, 'QuestionKeyword_signal_this_painting': 0, 'GuessQuality_proper_noun': 1, 'GuessQuality_single_word': 0, 'GuessQuality_has_title_case': 0, 'AnswerType_expects_person': 2, 'AnswerType_expects_work': 1, 'AnswerType_expects_place': 0, 'final': np.False_}"
True,18,3,17,Oliver Sacks,0.00,"{'Gpr_confidence': -0.14240430225675, 'Length_char': 502, 'Length_word': 87, 'Length_guess': 12, 'Length_ten_points': 0, 'Frequency_guess': 0.6931471805599453, 'GuessFormat_has_parentheses': 0, 'GuessFormat_has_quotes': 0, 'GuessFormat_word_count': 2, 'GuessFormat_has_numbers': 0, 'RunPosition_position_ratio': 1.1155555555555556, 'RunPosition_early_question': 0, 'RunPosition_late_question': 1, 'QuestionKeyword_signal_for_ten_points': 0, 'QuestionKeyword_signal_name_this': 0, 'QuestionKeyword_signal_identify_this': 0, 'QuestionKeyword_signal_what_is': 0, 'QuestionKeyword_signal_who_is': 0, 'QuestionKeyword_signal_this_author': 0, 'QuestionKeyword_signal_this_work': 0, 'QuestionKeyword_signal_this_character': 0, 'QuestionKeyword_signal_this_person': 0, 'QuestionKeyword_signal_this_country': 0, 'QuestionKeyword_signal_this_battle': 0, 'QuestionKeyword_signal_this_composer': 0, 'QuestionKeyword_signal_this_painting': 0, 'GuessQuality_proper_noun': 1, 'GuessQuality_single_word': 0, 'GuessQuality_has_title_case': 1, 'AnswerType_expects_person': 2, 'AnswerType_expects_work': 1, 'AnswerType_expects_place': 0, 'final': np.True_}"
False,18,3,23,Neurology,0.00,"{'Gpr_confidence': -0.1975618556666667, 'Length_char': 539, 'Length_word': 93, 'Length_guess': 9, 'Length_ten_points': 0, 'Frequency_guess': 0.0, 'GuessFormat_has_parentheses': 0, 'GuessFormat_has_quotes': 0, 'GuessFormat_word_count': 1, 'GuessFormat_has_numbers': 0, 'RunPosition_position_ratio': 1.1977777777777778, 'RunPosition_early_question': 0, 'RunPosition_late_question': 1, 'QuestionKeyword_signal_for_ten_points': 0, 'QuestionKeyword_signal_name_this': 0, 'QuestionKeyword_signal_identify_this': 0, 'QuestionKeyword_signal_what_is': 0, 'QuestionKeyword_signal_who_is': 0, 'QuestionKeyword_signal_this_author': 0, 'QuestionKeyword_signal_this_work': 0, 'QuestionKeyword_signal_this_character': 0, 'QuestionKeyword_signal_this_person': 0, 'QuestionKeyword_signal_this_country': 0, 'QuestionKeyword_signal_this_battle': 0, 'QuestionKeyword_signal_this_composer': 0, 'QuestionKeyword_signal_this_painting': 0, 'GuessQuality_proper_noun': 1, 'GuessQuality_single_word': 1, 'GuessQuality_has_title_case': 1, 'AnswerType_expects_person': 2, 'AnswerType_expects_work': 1, 'AnswerType_expects_place': 0, 'final': np.False_}"
False,18,3,29,Neurology,0.00,"{'Gpr_confidence': -0.3189020705, 'Length_char': 578, 'Length_word': 99, 'Length_guess': 9, 'Length_ten_points': 0, 'Frequency_guess': 0.0, 'GuessFormat_has_parentheses': 0, 'GuessFormat_has_quotes': 0, 'GuessFormat_word_count': 1, 'GuessFormat_has_numbers': 0, 'RunPosition_position_ratio': 1.2844444444444445, 'RunPosition_early_question': 0, 'RunPosition_late_question': 1, 'QuestionKeyword_signal_for_ten_points': 0, 'QuestionKeyword_signal_name_this': 0, 'QuestionKeyword_signal_identify_this': 0, 'QuestionKeyword_signal_what_is': 0, 'QuestionKeyword_signal_who_is': 0, 'QuestionKeyword_signal_this_author': 0, 'QuestionKeyword_signal_this_work': 0, 'QuestionKeyword_signal_this_character': 0, 'QuestionKeyword_signal_this_person': 0, 'QuestionKeyword_signal_this_country': 0, 'QuestionKeyword_signal_this_battle': 0, 'QuestionKeyword_signal_this_composer': 0, 'QuestionKeyword_signal_this_painting': 0, 'GuessQuality_proper_noun': 1, 'GuessQuality_single_word': 1, 'GuessQuality_has_title_case': 1, 'AnswerType_expects_person': 2, 'AnswerType_expects_work': 1, 'AnswerType_expects_place': 0, 'final': np.False_}"
True,18,3,35,Medicine,0.00,"{'Gpr_confidence': -0.320238299775, 'Length_char': 607, 'Length_word': 105, 'Length_guess': 8, 'Length_ten_points': 0, 'Frequency_guess': 1.3862943611198906, 'GuessFormat_has_parentheses': 0, 'GuessFormat_has_quotes': 0, 'GuessFormat_word_count': 1, 'GuessFormat_has_numbers': 0, 'RunPosition_position_ratio': 1.3488888888888888, 'RunPosition_early_question': 0, 'RunPosition_late_question': 1, 'QuestionKeyword_signal_for_ten_points': 0, 'QuestionKeyword_signal_name_this': 0, 'QuestionKeyword_signal_identify_this': 0, 'QuestionKeyword_signal_what_is': 0, 'QuestionKeyword_signal_who_is': 0, 'QuestionKeyword_signal_this_author': 0, 'QuestionKeyword_signal_this_work': 0, 'QuestionKeyword_signal_this_character': 0, 'QuestionKeyword_signal_this_person': 0, 'QuestionKeyword_signal_this_country': 0, 'QuestionKeyword_signal_this_battle': 0, 'QuestionKeyword_signal_this_composer': 0, 'QuestionKeyword_signal_this_painting': 0, 'GuessQuality_proper_noun': 1, 'GuessQuality_single_word': 1, 'GuessQuality_has_title_case': 1, 'AnswerType_expects_person': 2, 'AnswerType_expects_work': 1, 'AnswerType_expects_place': 0, 'final': np.True_}"
False,18,3,36,Neurology,0.00,"{'Gpr_confidence': -0.2542771349, 'Length_char': 622, 'Length_word': 106, 'Length_guess': 9, 'Length_ten_points': 0, 'Frequency_guess': 0.0, 'GuessFormat_has_parentheses': 0, 'GuessFormat_has_quotes': 0, 'GuessFormat_word_count': 1, 'GuessFormat_has_numbers': 0, 'RunPosition_position_ratio': 1.3822222222222222, 'RunPosition_early_question': 0, 'RunPosition_late_question': 1, 'QuestionKeyword_signal_for_ten_points': 0, 'QuestionKeyword_signal_name_this': 0, 'QuestionKeyword_signal_identify_this': 0, 'QuestionKeyword_signal_what_is': 0, 'QuestionKeyword_signal_who_is': 0, 'QuestionKeyword_signal_this_author': 0, 'QuestionKeyword_signal_this_work': 0, 'QuestionKeyword_signal_this_character': 0, 'QuestionKeyword_signal_this_person': 0, 'QuestionKeyword_signal_this_country': 0, 'QuestionKeyword_signal_this_battle': 0, 'QuestionKeyword_signal_this_composer': 0, 'QuestionKeyword_signal_this_painting': 0, 'GuessQuality_proper_noun': 1, 'GuessQuality_single_word': 1, 'GuessQuality_has_title_case': 1, 'AnswerType_expects_person': 2, 'AnswerType_expects_work': 1, 'AnswerType_expects_place': 0, 'final': np.False_}"
False,18,4,7,Physician,0.00,"{'Gpr_confidence': -0.2191676659, 'Length_char': 667, 'Length_word': 113, 'Length_guess': 9, 'Length_ten_points': 0, 'Frequency_guess': 0.0, 'GuessFormat_has_parentheses': 0, 'GuessFormat_has_quotes': 0, 'GuessFormat_word_count': 1, 'GuessFormat_has_numbers': 0, 'RunPosition_position_ratio': 1.4822222222222223, 'RunPosition_early_question': 0, 'RunPosition_late_question': 1, 'QuestionKeyword_signal_for_ten_points': 0, 'QuestionKeyword_signal_name_this': 1, 'QuestionKeyword_signal_identify_this': 0, 'QuestionKeyword_signal_what_is': 0, 'QuestionKeyword_signal_who_is': 0, 'QuestionKeyword_signal_this_author': 0, 'QuestionKeyword_signal_this_work': 0, 'QuestionKeyword_signal_this_character': 0, 'QuestionKeyword_signal_this_person': 0, 'QuestionKeyword_signal_this_country': 0, 'QuestionKeyword_signal_this_battle': 0, 'QuestionKeyword_signal_this_composer': 0, 'QuestionKeyword_signal_this_painting': 0, 'GuessQuality_proper_noun': 1, 'GuessQuality_single_word': 1, 'GuessQuality_has_title_case': 1, 'AnswerType_expects_person': 2, 'AnswerType_expects_work': 1, 'AnswerType_expects_place': 0, 'final': np.False_}"
False,18,4,11,Physician,0.00,"{'Gpr_confidence': -0.26106748555, 'Length_char': 699, 'Length_word': 117, 'Length_guess': 9, 'Length_ten_points': 0, 'Frequency_guess': 0.0, 'GuessFormat_has_parentheses': 0, 'GuessFormat_has_quotes': 0, 'GuessFormat_word_count': 1, 'GuessFormat_has_numbers': 0, 'RunPosition_position_ratio': 1.5533333333333332, 'RunPosition_early_question': 0, 'RunPosition_late_question': 1, 'QuestionKeyword_signal_for_ten_points': 0, 'QuestionKeyword_signal_name_this': 1, 'QuestionKeyword_signal_identify_this': 0, 'QuestionKeyword_signal_what_is': 0, 'QuestionKeyword_signal_who_is': 0, 'QuestionKeyword_signal_this_author': 0, 'QuestionKeyword_signal_this_work': 0, 'QuestionKeyword_signal_this_character': 0, 'QuestionKeyword_signal_this_person': 0, 'QuestionKeyword_signal_this_country': 0, 'QuestionKeyword_signal_this_battle': 0, 'QuestionKeyword_signal_this_composer': 0, 'QuestionKeyword_signal_this_painting': 0, 'GuessQuality_proper_noun': 1, 'GuessQuality_single_word': 1, 'GuessQuality_has_title_case': 1, 'AnswerType_expects_person': 2, 'AnswerType_expects_work': 1, 'AnswerType_expects_place': 0, 'final': np.False_}"
True,18,4,17,Oncologist,0.00,"{'Gpr_confidence': -0.17139988876366666, 'Length_char': 731, 'Length_word': 123, 'Length_guess': 10, 'Length_ten_points': 0, 'Frequency_guess': 0.0, 'GuessFormat_has_parentheses': 0, 'GuessFormat_has_quotes': 0, 'GuessFormat_word_count': 1, 'GuessFormat_has_numbers': 0, 'RunPosition_position_ratio': 1.6244444444444444, 'RunPosition_early_question': 0, 'RunPosition_late_question': 1, 'QuestionKeyword_signal_for_ten_points': 0, 'QuestionKeyword_signal_name_this': 1, 'QuestionKeyword_signal_identify_this': 0, 'QuestionKeyword_signal_what_is': 0, 'QuestionKeyword_signal_who_is': 0, 'QuestionKeyword_signal_this_author': 0, 'QuestionKeyword_signal_this_work': 0, 'QuestionKeyword_signal_this_character': 0, 'QuestionKeyword_signal_this_person': 0, 'QuestionKeyword_signal_this_country': 0, 'QuestionKeyword_signal_this_battle': 0, 'QuestionKeyword_signal_this_composer': 0, 'QuestionKeyword_signal_this_painting': 0, 'GuessQuality_proper_noun': 1, 'GuessQuality_single_word': 1, 'GuessQuality_has_title_case': 1, 'AnswerType_expects_person': 2, 'AnswerType_expects_work': 1, 'AnswerType_expects_place': 0, 'final': np.True_}"
True,18,4,21,Medicine,0.00,"{'Gpr_confidence': -0.30204603626500004, 'Length_char': 754, 'Length_word': 127, 'Length_guess': 8, 'Length_ten_points': 0, 'Frequency_guess': 1.3862943611198906, 'GuessFormat_has_parentheses': 0, 'GuessFormat_has_quotes': 0, 'GuessFormat_word_count': 1, 'GuessFormat_has_numbers': 0, 'RunPosition_position_ratio': 1.6755555555555555, 'RunPosition_early_question': 0, 'RunPosition_late_question': 1, 'QuestionKeyword_signal_for_ten_points': 0, 'QuestionKeyword_signal_name_this': 1, 'QuestionKeyword_signal_identify_this': 0, 'QuestionKeyword_signal_what_is': 0, 'QuestionKeyword_signal_who_is': 0, 'QuestionKeyword_signal_this_author': 0, 'QuestionKeyword_signal_this_work': 0, 'QuestionKeyword_signal_this_character': 0, 'QuestionKeyword_signal_this_person': 0, 'QuestionKeyword_signal_this_country': 0, 'QuestionKeyword_signal_this_battle': 0, 'QuestionKeyword_signal_this_composer': 0, 'QuestionKeyword_signal_this_painting': 0, 'GuessQuality_proper_noun': 1, 'GuessQuality_single_word': 1, 'GuessQuality_has_title_case': 1, 'AnswerType_expects_person': 2, 'AnswerType_expects_work': 1, 'AnswerType_expects_place': 0, 'final': np.True_}"
True,18,4,21,Medicine,0.00,"{'Gpr_confidence': -0.30204603626500004, 'Length_char': 754, 'Length_word': 127, 'Length_guess': 8, 'Length_ten_points': 0, 'Frequency_guess': 1.3862943611198906, 'GuessFormat_has_parentheses': 0, 'GuessFormat_has_quotes': 0, 'GuessFormat_word_count': 1, 'GuessFormat_has_numbers': 0, 'RunPosition_position_ratio': 1.6755555555555555, 'RunPosition_early_question': 0, 'RunPosition_late_question': 1, 'QuestionKeyword_signal_for_ten_points': 0, 'QuestionKeyword_signal_name_this': 1, 'QuestionKeyword_signal_identify_this': 0, 'QuestionKeyword_signal_what_is': 0, 'QuestionKeyword_signal_who_is': 0, 'QuestionKeyword_signal_this_author': 0, 'QuestionKeyword_signal_this_work': 0, 'QuestionKeyword_signal_this_character': 0, 'QuestionKeyword_signal_this_person': 0, 'QuestionKeyword_signal_this_country': 0, 'QuestionKeyword_signal_this_battle': 0, 'QuestionKeyword_signal_this_composer': 0, 'QuestionKeyword_signal_this_painting': 0, 'GuessQuality_proper_noun': 1, 'GuessQuality_single_word': 1, 'GuessQuality_has_title_case': 1, 'AnswerType_expects_person': 2, 'AnswerType_expects_work': 1, 'AnswerType_expects_place': 0, 'final': np.True_}"
False,19,0,8,Bolor Minjin,0.00,"{'Gpr_confidence': -0.02311830305, 'Length_char': 36, 'Length_word': 8, 'Length_guess': 12, 'Length_ten_points': 0, 'Frequency_guess': 0.0, 'GuessFormat_has_parentheses': 0, 'GuessFormat_has_quotes': 0, 'GuessFormat_word_count': 2, 'GuessFormat_has_numbers': 0, 'RunPosition_position_ratio': 0.08, 'RunPosition_early_question': 1, 'RunPosition_late_question': 0, 'QuestionKeyword_signal_for_ten_points': 0, 'QuestionKeyword_signal_name_this': 0, 'QuestionKeyword_signal_identify_this': 0, 'QuestionKeyword_signal_what_is': 0, 'QuestionKeyword_signal_who_is': 0, 'QuestionKeyword_signal_this_author': 0, 'QuestionKeyword_signal_this_work': 0, 'QuestionKeyword_signal_this_character': 0, 'QuestionKeyword_signal_this_person': 0, 'QuestionKeyword_signal_this_country': 0, 'QuestionKeyword_signal_this_battle': 0, 'QuestionKeyword_signal_this_composer': 0, 'QuestionKeyword_signal_this_painting': 0, 'GuessQuality_proper_noun': 1, 'GuessQuality_single_word': 0, 'GuessQuality_has_title_case': 1, 'AnswerType_expects_person': 0, 'AnswerType_expects_work': 0, 'AnswerType_expects_place': 0, 'final': np.False_}"
False,19,0,13,Repatriation of cultural property,0.00,"{'Gpr_confidence': -0.08601626351109999, 'Length_char': 70, 'Length_word': 13, 'Length_guess': 33, 'Length_ten_points': 0, 'Frequency_guess': 0.0, 'GuessFormat_has_parentheses': 0, 'GuessFormat_has_quotes': 0, 'GuessFormat_word_count': 4, 'GuessFormat_has_numbers': 0, 'RunPosition_position_ratio': 0.15555555555555556, 'RunPosition_early_question': 1, 'RunPosition_late_question': 0, 'QuestionKeyword_signal_for_ten_points': 0, 'QuestionKeyword_signal_name_this': 0, 'QuestionKeyword_signal_identify_this': 0, 'QuestionKeyword_signal_what_is': 0, 'QuestionKeyword_signal_who_is': 0, 'QuestionKeyword_signal_this_author': 0, 'QuestionKeyword_signal_this_work': 0, 'QuestionKeyword_signal_this_character': 0, 'QuestionKeyword_signal_this_person': 0, 'QuestionKeyword_signal_this_country': 0, 'QuestionKeyword_signal_this_battle': 0, 'QuestionKeyword_signal_this_composer': 0, 'QuestionKeyword_signal_this_painting': 0, 'GuessQuality_proper_noun': 1, 'GuessQuality_single_word': 0, 'GuessQuality_has_title_case': 0, 'AnswerType_expects_person': 0, 'AnswerType_expects_work': 0, 'AnswerType_expects_place': 0, 'final': np.False_}"
False,19,0,21,Repatriation and reburial of human remains,0.00,"{'Gpr_confidence': -0.09156458233683, 'Length_char': 109, 'Length_word': 21, 'Length_guess': 42, 'Length_ten_points': 0, 'Frequency_guess': 0.0, 'GuessFormat_has_parentheses': 0, 'GuessFormat_has_quotes': 0, 'GuessFormat_word_count': 6, 'GuessFormat_has_numbers': 0, 'RunPosition_position_ratio': 0.24222222222222223, 'RunPosition_early_question': 1, 'RunPosition_late_question': 0, 'QuestionKeyword_signal_for_ten_points': 0, 'QuestionKeyword_signal_name_this': 0, 'QuestionKeyword_signal_identify_this': 0, 'QuestionKeyword_signal_what_is': 0, 'QuestionKeyword_signal_who_is': 0, 'QuestionKeyword_signal_this_author': 0, 'QuestionKeyword_signal_this_work': 0, 'QuestionKeyword_signal_this_character': 0, 'QuestionKeyword_signal_this_person': 0, 'QuestionKeyword_signal_this_country': 0, 'QuestionKeyword_signal_this_battle': 0, 'QuestionKeyword_signal_this_composer': 0, 'QuestionKeyword_signal_this_painting': 0, 'GuessQuality_proper_noun': 1, 'GuessQuality_single_word': 0, 'GuessQuality_has_title_case': 0, 'AnswerType_expects_person': 0, 'AnswerType_expects_work': 0, 'AnswerType_expects_place': 0, 'final': np.False_}"
False,19,0,24,Flaming Cliffs,0.00,"{'Gpr_confidence': -0.2975871936955825, 'Length_char': 129, 'Length_word': 24, 'Length_guess': 14, 'Length_ten_points': 0, 'Frequency_guess': 0.0, 'GuessFormat_has_parentheses': 0, 'GuessFormat_has_quotes': 0, 'GuessFormat_word_count': 2, 'GuessFormat_has_numbers': 0, 'RunPosition_position_ratio': 0.2866666666666667, 'RunPosition_early_question': 0, 'RunPosition_late_question': 0, 'QuestionKeyword_signal_for_ten_points': 0, 'QuestionKeyword_signal_name_this': 0, 'QuestionKeyword_signal_identify_this': 0, 'QuestionKeyword_signal_what_is': 0, 'QuestionKeyword_signal_who_is': 0, 'QuestionKeyword_signal_this_author': 0, 'QuestionKeyword_signal_this_work': 0, 'QuestionKeyword_signal_this_character': 0, 'QuestionKeyword_signal_this_person': 0, 'QuestionKeyword_signal_this_country': 0, 'QuestionKeyword_signal_this_battle': 0, 'QuestionKeyword_signal_this_composer': 0, 'QuestionKeyword_signal_this_painting': 0, 'GuessQuality_proper_noun': 1, 'GuessQuality_single_word': 0, 'GuessQuality_has_title_case': 1, 'AnswerType_expects_person': 0, 'AnswerType_expects_work': 0, 'AnswerType_expects_place': 0, 'final': np.False_}"
False,19,1,7,Flaming Cliffs,0.00,"{'Gpr_confidence': -0.3110313314889125, 'Length_char': 176, 'Length_word': 31, 'Length_guess': 14, 'Length_ten_points': 0, 'Frequency_guess': 0.0, 'GuessFormat_has_parentheses': 0, 'GuessFormat_has_quotes': 0, 'GuessFormat_word_count': 2, 'GuessFormat_has_numbers': 0, 'RunPosition_position_ratio': 0.39111111111111113, 'RunPosition_early_question': 0, 'RunPosition_late_question': 0, 'QuestionKeyword_signal_for_ten_points': 0, 'QuestionKeyword_signal_name_this': 0, 'QuestionKeyword_signal_identify_this': 0, 'QuestionKeyword_signal_what_is': 0, 'QuestionKeyword_signal_who_is': 0, 'QuestionKeyword_signal_this_author': 0, 'QuestionKeyword_signal_this_work': 0, 'QuestionKeyword_signal_this_character': 0, 'QuestionKeyword_signal_this_person': 0, 'QuestionKeyword_signal_this_country': 0, 'QuestionKeyword_signal_this_battle': 0, 'QuestionKeyword_signal_this_composer': 0, 'QuestionKeyword_signal_this_painting': 0, 'GuessQuality_proper_noun': 1, 'GuessQuality_single_word': 0, 'GuessQuality_has_title_case': 1, 'AnswerType_expects_person': 0, 'AnswerType_expects_work': 0, 'AnswerType_expects_place': 0, 'final': np.False_}"
False,19,1,12,Dinosaur egg,0.00,"{'Gpr_confidence': -0.5680637766666666, 'Length_char': 204, 'Length_word': 36, 'Length_guess': 12, 'Length_ten_points': 0, 'Frequency_guess': 0.0, 'GuessFormat_has_parentheses': 0, 'GuessFormat_has_quotes': 0, 'GuessFormat_word_count': 2, 'GuessFormat_has_numbers': 0, 'RunPosition_position_ratio': 0.4533333333333333, 'RunPosition_early_question': 0, 'RunPosition_late_question': 0, 'QuestionKeyword_signal_for_ten_points': 0, 'QuestionKeyword_signal_name_this': 0, 'QuestionKeyword_signal_identify_this': 0, 'QuestionKeyword_signal_what_is': 0, 'QuestionKeyword_signal_who_is': 0, 'QuestionKeyword_signal_this_author': 0, 'QuestionKeyword_signal_this_work': 0, 'QuestionKeyword_signal_this_character': 0, 'QuestionKeyword_signal_this_person': 0, 'QuestionKeyword_signal_this_country': 0, 'QuestionKeyword_signal_this_battle': 0, 'QuestionKeyword_signal_this_composer': 0, 'QuestionKeyword_signal_this_painting': 0, 'GuessQuality_proper_noun': 1, 'GuessQuality_single_word': 0, 'GuessQuality_has_title_case': 0, 'AnswerType_expects_person': 0, 'AnswerType_expects_work': 0, 'AnswerType_expects_place': 0, 'final': np.False_}"
False,19,1,15,Dinosaur egg,0.00,"{'Gpr_confidence': -0.6311949666666666, 'Length_char': 228, 'Length_word': 39, 'Length_guess': 12, 'Length_ten_points': 0, 'Frequency_guess': 0.0, 'GuessFormat_has_parentheses': 0, 'GuessFormat_has_quotes': 0, 'GuessFormat_word_count': 2, 'GuessFormat_has_numbers': 0, 'RunPosition_position_ratio': 0.5066666666666667, 'RunPosition_early_question': 0, 'RunPosition_late_question': 0, 'QuestionKeyword_signal_for_ten_points': 0, 'QuestionKeyword_signal_name_this': 0, 'QuestionKeyword_signal_identify_this': 0, 'QuestionKeyword_signal_what_is': 0, 'QuestionKeyword_signal_who_is': 0, 'QuestionKeyword_signal_this_author': 0, 'QuestionKeyword_signal_this_work': 0, 'QuestionKeyword_signal_this_character': 0, 'QuestionKeyword_signal_this_person': 0, 'QuestionKeyword_signal_this_country': 0, 'QuestionKeyword_signal_this_battle': 0, 'QuestionKeyword_signal_this_composer': 0, 'QuestionKeyword_signal_this_painting': 0, 'GuessQuality_proper_noun': 1, 'GuessQuality_single_word': 0, 'GuessQuality_has_title_case': 0, 'AnswerType_expects_person': 0, 'AnswerType_expects_work': 0, 'AnswerType_expects_place': 0, 'final': np.False_}"
False,19,2,7,Dinosaur egg,0.00,"{'Gpr_confidence': -0.5591945266666667, 'Length_char': 265, 'Length_word': 46, 'Length_guess': 12, 'Length_ten_points': 0, 'Frequency_guess': 0.0, 'GuessFormat_has_parentheses': 0, 'GuessFormat_has_quotes': 0, 'GuessFormat_word_count': 2, 'GuessFormat_has_numbers': 0, 'RunPosition_position_ratio': 0.5888888888888889, 'RunPosition_early_question': 0, 'RunPosition_late_question': 0, 'QuestionKeyword_signal_for_ten_points': 0, 'QuestionKeyword_signal_name_this': 0, 'QuestionKeyword_signal_identify_this': 0, 'QuestionKeyword_signal_what_is': 0, 'QuestionKeyword_signal_who_is': 0, 'QuestionKeyword_signal_this_author': 0, 'QuestionKeyword_signal_this_work': 0, 'QuestionKeyword_signal_this_character': 0, 'QuestionKeyword_signal_this_person': 0, 'QuestionKeyword_signal_this_country': 0, 'QuestionKeyword_signal_this_battle': 0, 'QuestionKeyword_signal_this_composer': 0, 'QuestionKeyword_signal_this_painting': 0, 'GuessQuality_proper_noun': 1, 'GuessQuality_single_word': 0, 'GuessQuality_has_title_case': 0, 'AnswerType_expects_person': 0, 'AnswerType_expects_work': 0, 'AnswerType_expects_place': 0, 'final': np.False_}"
False,19,2,13,Dinosaur egg,0.00,"{'Gpr_confidence': -0.4121156746666667, 'Length_char': 305, 'Length_word': 52, 'Length_guess': 12, 'Length_ten_points': 0, 'Frequency_guess': 0.0, 'GuessFormat_has_parentheses': 0, 'GuessFormat_has_quotes': 0, 'GuessFormat_word_count': 2, 'GuessFormat_has_numbers': 0, 'RunPosition_position_ratio': 0.6777777777777778, 'RunPosition_early_question': 0, 'RunPosition_late_question': 0, 'QuestionKeyword_signal_for_ten_points': 0, 'QuestionKeyword_signal_name_this': 0, 'QuestionKeyword_signal_identify_this': 0, 'QuestionKeyword_signal_what_is': 0, 'QuestionKeyword_signal_who_is': 0, 'QuestionKeyword_signal_this_author': 0, 'QuestionKeyword_signal_this_work': 0, 'QuestionKeyword_signal_this_character': 0, 'QuestionKeyword_signal_this_person': 0, 'QuestionKeyword_signal_this_country': 0, 'QuestionKeyword_signal_this_battle': 0, 'QuestionKeyword_signal_this_composer': 0, 'QuestionKeyword_signal_this_painting': 0, 'GuessQuality_proper_noun': 1, 'GuessQuality_single_word': 0, 'GuessQuality_has_title_case': 0, 'AnswerType_expects_person': 0, 'AnswerType_expects_work': 0, 'AnswerType_expects_place': 0, 'final': np.False_}"
False,19,2,14,Dinosaur egg,0.00,"{'Gpr_confidence': -0.461054402, 'Length_char': 312, 'Length_word': 53, 'Length_guess': 12, 'Length_ten_points': 0, 'Frequency_guess': 0.0, 'GuessFormat_has_parentheses': 0, 'GuessFormat_has_quotes': 0, 'GuessFormat_word_count': 2, 'GuessFormat_has_numbers': 0, 'RunPosition_position_ratio': 0.6933333333333334, 'RunPosition_early_question': 0, 'RunPosition_late_question': 0, 'QuestionKeyword_signal_for_ten_points': 0, 'QuestionKeyword_signal_name_this': 0, 'QuestionKeyword_signal_identify_this': 0, 'QuestionKeyword_signal_what_is': 0, 'QuestionKeyword_signal_who_is': 0, 'QuestionKeyword_signal_this_author': 0, 'QuestionKeyword_signal_this_work': 0, 'QuestionKeyword_signal_this_character': 0, 'QuestionKeyword_signal_this_person': 0, 'QuestionKeyword_signal_this_country': 0, 'QuestionKeyword_signal_this_battle': 0, 'QuestionKeyword_signal_this_composer': 0, 'QuestionKeyword_signal_this_painting': 0, 'GuessQuality_proper_noun': 1, 'GuessQuality_single_word': 0, 'GuessQuality_has_title_case': 0, 'AnswerType_expects_person': 0, 'AnswerType_expects_work': 0, 'AnswerType_expects_place': 0, 'final': np.False_}"
False,19,3,7,Fossil Trade,0.00,"{'Gpr_confidence': -0.5764069613333334, 'Length_char': 351, 'Length_word': 60, 'Length_guess': 12, 'Length_ten_points': 0, 'Frequency_guess': 0.0, 'GuessFormat_has_parentheses': 0, 'GuessFormat_has_quotes': 0, 'GuessFormat_word_count': 2, 'GuessFormat_has_numbers': 0, 'RunPosition_position_ratio': 0.78, 'RunPosition_early_question': 0, 'RunPosition_late_question': 1, 'QuestionKeyword_signal_for_ten_points': 0, 'QuestionKeyword_signal_name_this': 0, 'QuestionKeyword_signal_identify_this': 0, 'QuestionKeyword_signal_what_is': 0, 'QuestionKeyword_signal_who_is': 0, 'QuestionKeyword_signal_this_author': 0, 'QuestionKeyword_signal_this_work': 0, 'QuestionKeyword_signal_this_character': 0, 'QuestionKeyword_signal_this_person': 0, 'QuestionKeyword_signal_this_country': 0, 'QuestionKeyword_signal_this_battle': 0, 'QuestionKeyword_signal_this_composer': 0, 'QuestionKeyword_signal_this_painting': 0, 'GuessQuality_proper_noun': 1, 'GuessQuality_single_word': 0, 'GuessQuality_has_title_case': 1, 'AnswerType_expects_person': 0, 'AnswerType_expects_work': 0, 'AnswerType_expects_place': 0, 'final': np.False_}"
False,19,3,14,Dinosaur Fossils,0.00,"{'Gpr_confidence': -0.2366133296804, 'Length_char': 385, 'Length_word': 67, 'Length_guess': 16, 'Length_ten_points': 0, 'Frequency_guess': 0.0, 'GuessFormat_has_parentheses': 0, 'GuessFormat_has_quotes': 0, 'GuessFormat_word_count': 2, 'GuessFormat_has_numbers': 0, 'RunPosition_position_ratio': 0.8555555555555555, 'RunPosition_early_question': 0, 'RunPosition_late_question': 1, 'QuestionKeyword_signal_for_ten_points': 0, 'QuestionKeyword_signal_name_this': 0, 'QuestionKeyword_signal_identify_this': 0, 'QuestionKeyword_signal_what_is': 0, 'QuestionKeyword_signal_who_is': 0, 'QuestionKeyword_signal_this_author': 0, 'QuestionKeyword_signal_this_work': 0, 'QuestionKeyword_signal_this_character': 0, 'QuestionKeyword_signal_this_person': 0, 'QuestionKeyword_signal_this_country': 0, 'QuestionKeyword_signal_this_battle': 0, 'QuestionKeyword_signal_this_composer': 0, 'QuestionKeyword_signal_this_painting': 0, 'GuessQuality_proper_noun': 1, 'GuessQuality_single_word': 0, 'GuessQuality_has_title_case': 1, 'AnswerType_expects_person': 0, 'AnswerType_expects_work': 0, 'AnswerType_expects_place': 0, 'final': np.False_}"
False,19,3,18,Dinosaur Fossils,0.00,"{'Gpr_confidence': -0.25390445111599996, 'Length_char': 410, 'Length_word': 71, 'Length_guess': 16, 'Length_ten_points': 0, 'Frequency_guess': 0.0, 'GuessFormat_has_parentheses': 0, 'GuessFormat_has_quotes': 0, 'GuessFormat_word_count': 2, 'GuessFormat_has_numbers': 0, 'RunPosition_position_ratio': 0.9111111111111111, 'RunPosition_early_question': 0, 'RunPosition_late_question': 1, 'QuestionKeyword_signal_for_ten_points': 0, 'QuestionKeyword_signal_name_this': 0, 'QuestionKeyword_signal_identify_this': 0, 'QuestionKeyword_signal_what_is': 0, 'QuestionKeyword_signal_who_is': 0, 'QuestionKeyword_signal_this_author': 0, 'QuestionKeyword_signal_this_work': 0, 'QuestionKeyword_signal_this_character': 0, 'QuestionKeyword_signal_this_person': 0, 'QuestionKeyword_signal_this_country': 0, 'QuestionKeyword_signal_this_battle': 0, 'QuestionKeyword_signal_this_composer': 0, 'QuestionKeyword_signal_this_painting': 0, 'GuessQuality_proper_noun': 1, 'GuessQuality_single_word': 0, 'GuessQuality_has_title_case': 1, 'AnswerType_expects_person': 0, 'AnswerType_expects_work': 0, 'AnswerType_expects_place': 0, 'final': np.False_}"
False,19,4,6,Dinosaur Fossils,0.00,"{'Gpr_confidence': -0.25776438482200004, 'Length_char': 448, 'Length_word': 77, 'Length_guess': 16, 'Length_ten_points': 0, 'Frequency_guess': 0.0, 'GuessFormat_has_parentheses': 0, 'GuessFormat_has_quotes': 0, 'GuessFormat_word_count': 2, 'GuessFormat_has_numbers': 0, 'RunPosition_position_ratio': 0.9955555555555555, 'RunPosition_early_question': 0, 'RunPosition_late_question': 1, 'QuestionKeyword_signal_for_ten_points': 0, 'QuestionKeyword_signal_name_this': 0, 'QuestionKeyword_signal_identify_this': 0, 'QuestionKeyword_signal_what_is': 0, 'QuestionKeyword_signal_who_is': 0, 'QuestionKeyword_signal_this_author': 0, 'QuestionKeyword_signal_this_work': 0, 'QuestionKeyword_signal_this_character': 0, 'QuestionKeyword_signal_this_person': 0, 'QuestionKeyword_signal_this_country': 0, 'QuestionKeyword_signal_this_battle': 0, 'QuestionKeyword_signal_this_composer': 0, 'QuestionKeyword_signal_this_painting': 0, 'GuessQuality_proper_noun': 1, 'GuessQuality_single_word': 0, 'GuessQuality_has_title_case': 1, 'AnswerType_expects_person': 0, 'AnswerType_expects_work': 0, 'AnswerType_expects_place': 0, 'final': np.False_}"
False,19,4,12,Dinosaur Fossils,0.00,"{'Gpr_confidence': -0.2184547605304, 'Length_char': 492, 'Length_word': 83, 'Length_guess': 16, 'Length_ten_points': 0, 'Frequency_guess': 0.0, 'GuessFormat_has_parentheses': 0, 'GuessFormat_has_quotes': 0, 'GuessFormat_word_count': 2, 'GuessFormat_has_numbers': 0, 'RunPosition_position_ratio': 1.0933333333333333, 'RunPosition_early_question': 0, 'RunPosition_late_question': 1, 'QuestionKeyword_signal_for_ten_points': 0, 'QuestionKeyword_signal_name_this': 0, 'QuestionKeyword_signal_identify_this': 0, 'QuestionKeyword_signal_what_is': 0, 'QuestionKeyword_signal_who_is': 0, 'QuestionKeyword_signal_this_author': 0, 'QuestionKeyword_signal_this_work': 0, 'QuestionKeyword_signal_this_character': 0, 'QuestionKeyword_signal_this_person': 0, 'QuestionKeyword_signal_this_country': 0, 'QuestionKeyword_signal_this_battle': 0, 'QuestionKeyword_signal_this_composer': 0, 'QuestionKeyword_signal_this_painting': 0, 'GuessQuality_proper_noun': 1, 'GuessQuality_single_word': 0, 'GuessQuality_has_title_case': 1, 'AnswerType_expects_person': 0, 'AnswerType_expects_work': 0, 'AnswerType_expects_place': 0, 'final': np.False_}"
False,19,4,15,Dinosaur Fossil,0.00,"{'Gpr_confidence': -0.24823454887500002, 'Length_char': 508, 'Length_word': 86, 'Length_guess': 15, 'Length_ten_points': 0, 'Frequency_guess': 0.0, 'GuessFormat_has_parentheses': 0, 'GuessFormat_has_quotes': 0, 'GuessFormat_word_count': 2, 'GuessFormat_has_numbers': 0, 'RunPosition_position_ratio': 1.1288888888888888, 'RunPosition_early_question': 0, 'RunPosition_late_question': 1, 'QuestionKeyword_signal_for_ten_points': 0, 'QuestionKeyword_signal_name_this': 0, 'QuestionKeyword_signal_identify_this': 0, 'QuestionKeyword_signal_what_is': 0, 'QuestionKeyword_signal_who_is': 0, 'QuestionKeyword_signal_this_author': 0, 'QuestionKeyword_signal_this_work': 0, 'QuestionKeyword_signal_this_character': 0, 'QuestionKeyword_signal_this_person': 0, 'QuestionKeyword_signal_this_country': 0, 'QuestionKeyword_signal_this_battle': 0, 'QuestionKeyword_signal_this_composer': 0, 'QuestionKeyword_signal_this_painting': 0, 'GuessQuality_proper_noun': 1, 'GuessQuality_single_word': 0, 'GuessQuality_has_title_case': 1, 'AnswerType_expects_person': 0, 'AnswerType_expects_work': 0, 'AnswerType_expects_place': 0, 'final': np.False_}"
True,19,5,7,Fossil,0.00,"{'Gpr_confidence': -0.18499228650000002, 'Length_char': 553, 'Length_word': 93, 'Length_guess': 6, 'Length_ten_points': 0, 'Frequency_guess': 0.6931471805599453, 'GuessFormat_has_parentheses': 0, 'GuessFormat_has_quotes': 0, 'GuessFormat_word_count': 1, 'GuessFormat_has_numbers': 0, 'RunPosition_position_ratio': 1.228888888888889, 'RunPosition_early_question': 0, 'RunPosition_late_question': 1, 'QuestionKeyword_signal_for_ten_points': 0, 'QuestionKeyword_signal_name_this': 0, 'QuestionKeyword_signal_identify_this': 0, 'QuestionKeyword_signal_what_is': 0, 'QuestionKeyword_signal_who_is': 0, 'QuestionKeyword_signal_this_author': 0, 'QuestionKeyword_signal_this_work': 0, 'QuestionKeyword_signal_this_character': 0, 'QuestionKeyword_signal_this_person': 0, 'QuestionKeyword_signal_this_country': 0, 'QuestionKeyword_signal_this_battle': 0, 'QuestionKeyword_signal_this_composer': 0, 'QuestionKeyword_signal_this_painting': 0, 'GuessQuality_proper_noun': 1, 'GuessQuality_single_word': 1, 'GuessQuality_has_title_case': 1, 'AnswerType_expects_person': 0, 'AnswerType_expects_work': 0, 'AnswerType_expects_place': 0, 'final': np.True_}"
True,19,5,13,Fossil,0.00,"{'Gpr_confidence': -0.07925793222, 'Length_char': 581, 'Length_word': 99, 'Length_guess': 6, 'Length_ten_points': 0, 'Frequency_guess': 0.6931471805599453, 'GuessFormat_has_parentheses': 0, 'GuessFormat_has_quotes': 0, 'GuessFormat_word_count': 1, 'GuessFormat_has_numbers': 0, 'RunPosition_position_ratio': 1.291111111111111, 'RunPosition_early_question': 0, 'RunPosition_late_question': 1, 'QuestionKeyword_signal_for_ten_points': 0, 'QuestionKeyword_signal_name_this': 0, 'QuestionKeyword_signal_identify_this': 0, 'QuestionKeyword_signal_what_is': 0, 'QuestionKeyword_signal_who_is': 0, 'QuestionKeyword_signal_this_author': 0, 'QuestionKeyword_signal_this_work': 0, 'QuestionKeyword_signal_this_character': 0, 'QuestionKeyword_signal_this_person': 0, 'QuestionKeyword_signal_this_country': 0, 'QuestionKeyword_signal_this_battle': 0, 'QuestionKeyword_signal_this_composer': 0, 'QuestionKeyword_signal_this_painting': 0, 'GuessQuality_proper_noun': 1, 'GuessQuality_single_word': 1, 'GuessQuality_has_title_case': 1, 'AnswerType_expects_person': 0, 'AnswerType_expects_work': 0, 'AnswerType_expects_place': 0, 'final': np.True_}"
False,19,5,20,Dinosaur Fossil,0.00,"{'Gpr_confidence': -0.311834176975, 'Length_char': 615, 'Length_word': 106, 'Length_guess': 15, 'Length_ten_points': 0, 'Frequency_guess': 0.0, 'GuessFormat_has_parentheses': 0, 'GuessFormat_has_quotes': 0, 'GuessFormat_word_count': 2, 'GuessFormat_has_numbers': 0, 'RunPosition_position_ratio': 1.3666666666666667, 'RunPosition_early_question': 0, 'RunPosition_late_question': 1, 'QuestionKeyword_signal_for_ten_points': 0, 'QuestionKeyword_signal_name_this': 0, 'QuestionKeyword_signal_identify_this': 0, 'QuestionKeyword_signal_what_is': 0, 'QuestionKeyword_signal_who_is': 0, 'QuestionKeyword_signal_this_author': 0, 'QuestionKeyword_signal_this_work': 0, 'QuestionKeyword_signal_this_character': 0, 'QuestionKeyword_signal_this_person': 0, 'QuestionKeyword_signal_this_country': 0, 'QuestionKeyword_signal_this_battle': 0, 'QuestionKeyword_signal_this_composer': 0, 'QuestionKeyword_signal_this_painting': 0, 'GuessQuality_proper_noun': 1, 'GuessQuality_single_word': 0, 'GuessQuality_has_title_case': 1, 'AnswerType_expects_person': 0, 'AnswerType_expects_work': 0, 'AnswerType_expects_place': 0, 'final': np.False_}"
True,19,5,26,Fossil,0.00,"{'Gpr_confidence': -0.3326163038, 'Length_char': 655, 'Length_word': 112, 'Length_guess': 6, 'Length_ten_points': 0, 'Frequency_guess': 0.6931471805599453, 'GuessFormat_has_parentheses': 0, 'GuessFormat_has_quotes': 0, 'GuessFormat_word_count': 1, 'GuessFormat_has_numbers': 0, 'RunPosition_position_ratio': 1.4555555555555555, 'RunPosition_early_question': 0, 'RunPosition_late_question': 1, 'QuestionKeyword_signal_for_ten_points': 0, 'QuestionKeyword_signal_name_this': 0, 'QuestionKeyword_signal_identify_this': 0, 'QuestionKeyword_signal_what_is': 0, 'QuestionKeyword_signal_who_is': 0, 'QuestionKeyword_signal_this_author': 0, 'QuestionKeyword_signal_this_work': 0, 'QuestionKeyword_signal_this_character': 0, 'QuestionKeyword_signal_this_person': 0, 'QuestionKeyword_signal_this_country': 0, 'QuestionKeyword_signal_this_battle': 0, 'QuestionKeyword_signal_this_composer': 0, 'QuestionKeyword_signal_this_painting': 0, 'GuessQuality_proper_noun': 1, 'GuessQuality_single_word': 1, 'GuessQuality_has_title_case': 1, 'AnswerType_expects_person': 0, 'AnswerType_expects_work': 0, 'AnswerType_expects_place': 1, 'final': np.True_}"
True,19,6,7,Fossil,0.00,"{'Gpr_confidence': -0.266887217, 'Length_char': 695, 'Length_word': 119, 'Length_guess': 6, 'Length_ten_points': 0, 'Frequency_guess': 0.6931471805599453, 'GuessFormat_has_parentheses': 0, 'GuessFormat_has_quotes': 0, 'GuessFormat_word_count': 1, 'GuessFormat_has_numbers': 0, 'RunPosition_position_ratio': 1.5444444444444445, 'RunPosition_early_question': 0, 'RunPosition_late_question': 1, 'QuestionKeyword_signal_for_ten_points': 0, 'QuestionKeyword_signal_name_this': 0, 'QuestionKeyword_signal_identify_this': 0, 'QuestionKeyword_signal_what_is': 0, 'QuestionKeyword_signal_who_is': 0, 'QuestionKeyword_signal_this_author': 0, 'QuestionKeyword_signal_this_work': 0, 'QuestionKeyword_signal_this_character': 0, 'QuestionKeyword_signal_this_person': 0, 'QuestionKeyword_signal_this_country': 0, 'QuestionKeyword_signal_this_battle': 0, 'QuestionKeyword_signal_this_composer': 0, 'QuestionKeyword_signal_this_painting': 0, 'GuessQuality_proper_noun': 1, 'GuessQuality_single_word': 1, 'GuessQuality_has_title_case': 1, 'AnswerType_expects_person': 0, 'AnswerType_expects_work': 0, 'AnswerType_expects_place': 1, 'final': np.True_}"
True,19,6,11,Fossil,0.00,"{'Gpr_confidence': -0.10058064550000001, 'Length_char': 727, 'Length_word': 123, 'Length_guess': 6, 'Length_ten_points': 0, 'Frequency_guess': 0.6931471805599453, 'GuessFormat_has_parentheses': 0, 'GuessFormat_has_quotes': 0, 'GuessFormat_word_count': 1, 'GuessFormat_has_numbers': 0, 'RunPosition_position_ratio': 1.6155555555555556, 'RunPosition_early_question': 0, 'RunPosition_late_question': 1, 'QuestionKeyword_signal_for_ten_points': 0, 'QuestionKeyword_signal_name_this': 0, 'QuestionKeyword_signal_identify_this': 0, 'QuestionKeyword_signal_what_is': 0, 'QuestionKeyword_signal_who_is': 0, 'QuestionKeyword_signal_this_author': 0, 'QuestionKeyword_signal_this_work': 0, 'QuestionKeyword_signal_this_character': 0, 'QuestionKeyword_signal_this_person': 0, 'QuestionKeyword_signal_this_country': 0, 'QuestionKeyword_signal_this_battle': 0, 'QuestionKeyword_signal_this_composer': 0, 'QuestionKeyword_signal_this_painting': 0, 'GuessQuality_proper_noun': 1, 'GuessQuality_single_word': 1, 'GuessQuality_has_title_case': 1, 'AnswerType_expects_person': 0, 'AnswerType_expects_work': 0, 'AnswerType_expects_place': 1, 'final': np.True_}"
True,19,6,17,Fossil,0.00,"{'Gpr_confidence': -0.022150844500000003, 'Length_char': 757, 'Length_word': 129, 'Length_guess': 6, 'Length_ten_points': 0, 'Frequency_guess': 0.6931471805599453, 'GuessFormat_has_parentheses': 0, 'GuessFormat_has_quotes': 0, 'GuessFormat_word_count': 1, 'GuessFormat_has_numbers': 0, 'RunPosition_position_ratio': 1.6822222222222223, 'RunPosition_early_question': 0, 'RunPosition_late_question': 1, 'QuestionKeyword_signal_for_ten_points': 0, 'QuestionKeyword_signal_name_this': 0, 'QuestionKeyword_signal_identify_this': 0, 'QuestionKeyword_signal_what_is': 0, 'QuestionKeyword_signal_who_is': 0, 'QuestionKeyword_signal_this_author': 0, 'QuestionKeyword_signal_this_work': 0, 'QuestionKeyword_signal_this_character': 0, 'QuestionKeyword_signal_this_person': 0, 'QuestionKeyword_signal_this_country': 0, 'QuestionKeyword_signal_this_battle': 0, 'QuestionKeyword_signal_this_composer': 0, 'QuestionKeyword_signal_this_painting': 0, 'GuessQuality_proper_noun': 1, 'GuessQuality_single_word': 1, 'GuessQuality_has_title_case': 1, 'AnswerType_expects_person': 0, 'AnswerType_expects_work': 0, 'AnswerType_expects_place': 1, 'final': np.True_}"
True,19,6,17,Fossil,0.00,"{'Gpr_confidence': -0.022150844500000003, 'Length_char': 757, 'Length_word': 129, 'Length_guess': 6, 'Length_ten_points': 0, 'Frequency_guess': 0.6931471805599453, 'GuessFormat_has_parentheses': 0, 'GuessFormat_has_quotes': 0, 'GuessFormat_word_count': 1, 'GuessFormat_has_numbers': 0, 'RunPosition_position_ratio': 1.6822222222222223, 'RunPosition_early_question': 0, 'RunPosition_late_question': 1, 'QuestionKeyword_signal_for_ten_points': 0, 'QuestionKeyword_signal_name_this': 0, 'QuestionKeyword_signal_identify_this': 0, 'QuestionKeyword_signal_what_is': 0, 'QuestionKeyword_signal_who_is': 0, 'QuestionKeyword_signal_this_author': 0, 'QuestionKeyword_signal_this_work': 0, 'QuestionKeyword_signal_this_character': 0, 'QuestionKeyword_signal_this_person': 0, 'QuestionKeyword_signal_this_country': 0, 'QuestionKeyword_signal_this_battle': 0, 'QuestionKeyword_signal_this_composer': 0, 'QuestionKeyword_signal_this_painting': 0, 'GuessQuality_proper_noun': 1, 'GuessQuality_single_word': 1, 'GuessQuality_has_title_case': 1, 'AnswerType_expects_person': 0, 'AnswerType_expects_work': 0, 'AnswerType_expects_place': 1, 'final': np.True_}"
False,20,0,8,Short story,0.00,"{'Gpr_confidence': -0.50165737, 'Length_char': 38, 'Length_word': 8, 'Length_guess': 11, 'Length_ten_points': 0, 'Frequency_guess': 1.0986122886681098, 'GuessFormat_has_parentheses': 0, 'GuessFormat_has_quotes': 0, 'GuessFormat_word_count': 2, 'GuessFormat_has_numbers': 0, 'RunPosition_position_ratio': 0.08444444444444445, 'RunPosition_early_question': 1, 'RunPosition_late_question': 0, 'QuestionKeyword_signal_for_ten_points': 0, 'QuestionKeyword_signal_name_this': 0, 'QuestionKeyword_signal_identify_this': 0, 'QuestionKeyword_signal_what_is': 0, 'QuestionKeyword_signal_who_is': 0, 'QuestionKeyword_signal_this_author': 1, 'QuestionKeyword_signal_this_work': 0, 'QuestionKeyword_signal_this_character': 0, 'QuestionKeyword_signal_this_person': 0, 'QuestionKeyword_signal_this_country': 0, 'QuestionKeyword_signal_this_battle': 0, 'QuestionKeyword_signal_this_composer': 0, 'QuestionKeyword_signal_this_painting': 0, 'GuessQuality_proper_noun': 1, 'GuessQuality_single_word': 0, 'GuessQuality_has_title_case': 0, 'AnswerType_expects_person': 1, 'AnswerType_expects_work': 0, 'AnswerType_expects_place': 0, 'final': np.False_}"
True,20,0,12,The Catcher in the Rye,0.00,"{'Gpr_confidence': -0.132975281985, 'Length_char': 70, 'Length_word': 12, 'Length_guess': 22, 'Length_ten_points': 0, 'Frequency_guess': 2.5649493574615367, 'GuessFormat_has_parentheses': 0, 'GuessFormat_has_quotes': 0, 'GuessFormat_word_count': 5, 'GuessFormat_has_numbers': 0, 'RunPosition_position_ratio': 0.15555555555555556, 'RunPosition_early_question': 1, 'RunPosition_late_question': 0, 'QuestionKeyword_signal_for_ten_points': 0, 'QuestionKeyword_signal_name_this': 0, 'QuestionKeyword_signal_identify_this': 0, 'QuestionKeyword_signal_what_is': 0, 'QuestionKeyword_signal_who_is': 0, 'QuestionKeyword_signal_this_author': 1, 'QuestionKeyword_signal_this_work': 0, 'QuestionKeyword_signal_this_character': 0, 'QuestionKeyword_signal_this_person': 0, 'QuestionKeyword_signal_this_country': 0, 'QuestionKeyword_signal_this_battle': 0, 'QuestionKeyword_signal_this_composer': 0, 'QuestionKeyword_signal_this_painting': 0, 'GuessQuality_proper_noun': 1, 'GuessQuality_single_word': 0, 'GuessQuality_has_title_case': 0, 'AnswerType_expects_person': 1, 'AnswerType_expects_work': 0, 'AnswerType_expects_place': 0, 'final': np.True_}"
False,20,0,20,Peter Pan,0.00,"{'Gpr_confidence': -0.297202115, 'Length_char': 108, 'Length_word': 20, 'Length_guess': 9, 'Length_ten_points': 0, 'Frequency_guess': 1.0986122886681098, 'GuessFormat_has_parentheses': 0, 'GuessFormat_has_quotes': 0, 'GuessFormat_word_count': 2, 'GuessFormat_has_numbers': 0, 'RunPosition_position_ratio': 0.24, 'RunPosition_early_question': 1, 'RunPosition_late_question': 0, 'QuestionKeyword_signal_for_ten_points': 0, 'QuestionKeyword_signal_name_this': 0, 'QuestionKeyword_signal_identify_this': 0, 'QuestionKeyword_signal_what_is': 0, 'QuestionKeyword_signal_who_is': 0, 'QuestionKeyword_signal_this_author': 1, 'QuestionKeyword_signal_this_work': 0, 'QuestionKeyword_signal_this_character': 0, 'QuestionKeyword_signal_this_person': 0, 'QuestionKeyword_signal_this_country': 0, 'QuestionKeyword_signal_this_battle': 0, 'QuestionKeyword_signal_this_composer': 0, 'QuestionKeyword_signal_this_painting': 0, 'GuessQuality_proper_noun': 1, 'GuessQuality_single_word': 0, 'GuessQuality_has_title_case': 1, 'AnswerType_expects_person': 1, 'AnswerType_expects_work': 0, 'AnswerType_expects_place': 0, 'final': np.False_}"
False,20,0,27,The Little Match Girl,0.00,"{'Gpr_confidence': -0.3944472262075, 'Length_char': 140, 'Length_word': 27, 'Length_guess': 21, 'Length_ten_points': 0, 'Frequency_guess': 0.0, 'GuessFormat_has_parentheses': 0, 'GuessFormat_has_quotes': 0, 'GuessFormat_word_count': 4, 'GuessFormat_has_numbers': 0, 'RunPosition_position_ratio': 0.3111111111111111, 'RunPosition_early_question': 0, 'RunPosition_late_question': 0, 'QuestionKeyword_signal_for_ten_points': 0, 'QuestionKeyword_signal_name_this': 0, 'QuestionKeyword_signal_identify_this': 0, 'QuestionKeyword_signal_what_is': 0, 'QuestionKeyword_signal_who_is': 0, 'QuestionKeyword_signal_this_author': 1, 'QuestionKeyword_signal_this_work': 0, 'QuestionKeyword_signal_this_character': 0, 'QuestionKeyword_signal_this_person': 0, 'QuestionKeyword_signal_this_country': 0, 'QuestionKeyword_signal_this_battle': 0, 'QuestionKeyword_signal_this_composer': 0, 'QuestionKeyword_signal_this_painting': 0, 'GuessQuality_proper_noun': 1, 'GuessQuality_single_word': 0, 'GuessQuality_has_title_case': 1, 'AnswerType_expects_person': 1, 'AnswerType_expects_work': 0, 'AnswerType_expects_place': 0, 'final': np.False_}"
False,20,0,31,The Happy Prince and Other Tales,0.00,"{'Gpr_confidence': -0.24386344193349999, 'Length_char': 167, 'Length_word': 31, 'Length_guess': 32, 'Length_ten_points': 0, 'Frequency_guess': 0.0, 'GuessFormat_has_parentheses': 0, 'GuessFormat_has_quotes': 0, 'GuessFormat_word_count': 6, 'GuessFormat_has_numbers': 0, 'RunPosition_position_ratio': 0.3711111111111111, 'RunPosition_early_question': 0, 'RunPosition_late_question': 0, 'QuestionKeyword_signal_for_ten_points': 0, 'QuestionKeyword_signal_name_this': 0, 'QuestionKeyword_signal_identify_this': 0, 'QuestionKeyword_signal_what_is': 0, 'QuestionKeyword_signal_who_is': 0, 'QuestionKeyword_signal_this_author': 1, 'QuestionKeyword_signal_this_work': 0, 'QuestionKeyword_signal_this_character': 0, 'QuestionKeyword_signal_this_person': 0, 'QuestionKeyword_signal_this_country': 0, 'QuestionKeyword_signal_this_battle': 0, 'QuestionKeyword_signal_this_composer': 0, 'QuestionKeyword_signal_this_painting': 0, 'GuessQuality_proper_noun': 1, 'GuessQuality_single_word': 0, 'GuessQuality_has_title_case': 0, 'AnswerType_expects_person': 1, 'AnswerType_expects_work': 0, 'AnswerType_expects_place': 0, 'final': np.False_}"
False,20,1,7,The Happy Prince,0.00,"{'Gpr_confidence': -0.07475900201133333, 'Length_char': 205, 'Length_word': 38, 'Length_guess': 16, 'Length_ten_points': 0, 'Frequency_guess': 0.0, 'GuessFormat_has_parentheses': 0, 'GuessFormat_has_quotes': 0, 'GuessFormat_word_count': 3, 'GuessFormat_has_numbers': 0, 'RunPosition_position_ratio': 0.45555555555555555, 'RunPosition_early_question': 0, 'RunPosition_late_question': 0, 'QuestionKeyword_signal_for_ten_points': 0, 'QuestionKeyword_signal_name_this': 0, 'QuestionKeyword_signal_identify_this': 0, 'QuestionKeyword_signal_what_is': 0, 'QuestionKeyword_signal_who_is': 0, 'QuestionKeyword_signal_this_author': 1, 'QuestionKeyword_signal_this_work': 0, 'QuestionKeyword_signal_this_character': 0, 'QuestionKeyword_signal_this_person': 0, 'QuestionKeyword_signal_this_country': 0, 'QuestionKeyword_signal_this_battle': 0, 'QuestionKeyword_signal_this_composer': 0, 'QuestionKeyword_signal_this_painting': 0, 'GuessQuality_proper_noun': 1, 'GuessQuality_single_word': 0, 'GuessQuality_has_title_case': 1, 'AnswerType_expects_person': 1, 'AnswerType_expects_work': 0, 'AnswerType_expects_place': 0, 'final': np.False_}"
False,20,1,14,The Happy Prince,0.00,"{'Gpr_confidence': -0.03678169920866667, 'Length_char': 240, 'Length_word': 45, 'Length_guess': 16, 'Length_ten_points': 0, 'Frequency_guess': 0.0, 'GuessFormat_has_parentheses': 0, 'GuessFormat_has_quotes': 0, 'GuessFormat_word_count': 3, 'GuessFormat_has_numbers': 0, 'RunPosition_position_ratio': 0.5333333333333333, 'RunPosition_early_question': 0, 'RunPosition_late_question': 0, 'QuestionKeyword_signal_for_ten_points': 0, 'QuestionKeyword_signal_name_this': 0, 'QuestionKeyword_signal_identify_this': 0, 'QuestionKeyword_signal_what_is': 0, 'QuestionKeyword_signal_who_is': 0, 'QuestionKeyword_signal_this_author': 1, 'QuestionKeyword_signal_this_work': 0, 'QuestionKeyword_signal_this_character': 0, 'QuestionKeyword_signal_this_person': 0, 'QuestionKeyword_signal_this_country': 0, 'QuestionKeyword_signal_this_battle': 0, 'QuestionKeyword_signal_this_composer': 0, 'QuestionKeyword_signal_this_painting': 0, 'GuessQuality_proper_noun': 1, 'GuessQuality_single_word': 0, 'GuessQuality_has_title_case': 1, 'AnswerType_expects_person': 1, 'AnswerType_expects_work': 0, 'AnswerType_expects_place': 0, 'final': np.False_}"
False,20,1,20,The Happy Prince and Other Tales,0.00,"{'Gpr_confidence': -0.057540984800100003, 'Length_char': 279, 'Length_word': 51, 'Length_guess': 32, 'Length_ten_points': 0, 'Frequency_guess': 0.0, 'GuessFormat_has_parentheses': 0, 'GuessFormat_has_quotes': 0, 'GuessFormat_word_count': 6, 'GuessFormat_has_numbers': 0, 'RunPosition_position_ratio': 0.62, 'RunPosition_early_question': 0, 'RunPosition_late_question': 0, 'QuestionKeyword_signal_for_ten_points': 0, 'QuestionKeyword_signal_name_this': 0, 'QuestionKeyword_signal_identify_this': 0, 'QuestionKeyword_signal_what_is': 0, 'QuestionKeyword_signal_who_is': 0, 'QuestionKeyword_signal_this_author': 1, 'QuestionKeyword_signal_this_work': 0, 'QuestionKeyword_signal_this_character': 0, 'QuestionKeyword_signal_this_person': 0, 'QuestionKeyword_signal_this_country': 0, 'QuestionKeyword_signal_this_battle': 0, 'QuestionKeyword_signal_this_composer': 0, 'QuestionKeyword_signal_this_painting': 0, 'GuessQuality_proper_noun': 1, 'GuessQuality_single_word': 0, 'GuessQuality_has_title_case': 0, 'AnswerType_expects_person': 1, 'AnswerType_expects_work': 0, 'AnswerType_expects_place': 0, 'final': np.False_}"
False,20,1,25,The Happy Prince and Other Tales,0.00,"{'Gpr_confidence': -0.06853250559493333, 'Length_char': 304, 'Length_word': 56, 'Length_guess': 32, 'Length_ten_points': 0, 'Frequency_guess': 0.0, 'GuessFormat_has_parentheses': 0, 'GuessFormat_has_quotes': 0, 'GuessFormat_word_count': 6, 'GuessFormat_has_numbers': 0, 'RunPosition_position_ratio': 0.6755555555555556, 'RunPosition_early_question': 0, 'RunPosition_late_question': 0, 'QuestionKeyword_signal_for_ten_points': 0, 'QuestionKeyword_signal_name_this': 0, 'QuestionKeyword_signal_identify_this': 0, 'QuestionKeyword_signal_what_is': 0, 'QuestionKeyword_signal_who_is': 0, 'QuestionKeyword_signal_this_author': 1, 'QuestionKeyword_signal_this_work': 0, 'QuestionKeyword_signal_this_character': 0, 'QuestionKeyword_signal_this_person': 0, 'QuestionKeyword_signal_this_country': 0, 'QuestionKeyword_signal_this_battle': 0, 'QuestionKeyword_signal_this_composer': 0, 'QuestionKeyword_signal_this_painting': 0, 'GuessQuality_proper_noun': 1, 'GuessQuality_single_word': 0, 'GuessQuality_has_title_case': 0, 'AnswerType_expects_person': 1, 'AnswerType_expects_work': 0, 'AnswerType_expects_place': 0, 'final': np.False_}"
True,20,2,9,Oscar Wilde,0.00,"{'Gpr_confidence': -0.2659019611, 'Length_char': 348, 'Length_word': 65, 'Length_guess': 11, 'Length_ten_points': 0, 'Frequency_guess': 3.8918202981106265, 'GuessFormat_has_parentheses': 0, 'GuessFormat_has_quotes': 0, 'GuessFormat_word_count': 2, 'GuessFormat_has_numbers': 0, 'RunPosition_position_ratio': 0.7733333333333333, 'RunPosition_early_question': 0, 'RunPosition_late_question': 1, 'QuestionKeyword_signal_for_ten_points': 0, 'QuestionKeyword_signal_name_this': 0, 'QuestionKeyword_signal_identify_this': 0, 'QuestionKeyword_signal_what_is': 0, 'QuestionKeyword_signal_who_is': 0, 'QuestionKeyword_signal_this_author': 1, 'QuestionKeyword_signal_this_work': 0, 'QuestionKeyword_signal_this_character': 0, 'QuestionKeyword_signal_this_person': 0, 'QuestionKeyword_signal_this_country': 0, 'QuestionKeyword_signal_this_battle': 0, 'QuestionKeyword_signal_this_composer': 0, 'QuestionKeyword_signal_this_painting': 0, 'GuessQuality_proper_noun': 1, 'GuessQuality_single_word': 0, 'GuessQuality_has_title_case': 1, 'AnswerType_expects_person': 1, 'AnswerType_expects_work': 1, 'AnswerType_expects_place': 0, 'final': np.True_}"
True,20,2,14,Oscar Wilde,0.00,"{'Gpr_confidence': -0.025561075166666666, 'Length_char': 381, 'Length_word': 70, 'Length_guess': 11, 'Length_ten_points': 0, 'Frequency_guess': 3.8918202981106265, 'GuessFormat_has_parentheses': 0, 'GuessFormat_has_quotes': 0, 'GuessFormat_word_count': 2, 'GuessFormat_has_numbers': 0, 'RunPosition_position_ratio': 0.8466666666666667, 'RunPosition_early_question': 0, 'RunPosition_late_question': 1, 'QuestionKeyword_signal_for_ten_points': 0, 'QuestionKeyword_signal_name_this': 0, 'QuestionKeyword_signal_identify_this': 0, 'QuestionKeyword_signal_what_is': 0, 'QuestionKeyword_signal_who_is': 0, 'QuestionKeyword_signal_this_author': 1, 'QuestionKeyword_signal_this_work': 0, 'QuestionKeyword_signal_this_character': 0, 'QuestionKeyword_signal_this_person': 0, 'QuestionKeyword_signal_this_country': 0, 'QuestionKeyword_signal_this_battle': 0, 'QuestionKeyword_signal_this_composer': 0, 'QuestionKeyword_signal_this_painting': 0, 'GuessQuality_proper_noun': 1, 'GuessQuality_single_word': 0, 'GuessQuality_has_title_case': 1, 'AnswerType_expects_person': 1, 'AnswerType_expects_work': 1, 'AnswerType_expects_place': 0, 'final': np.True_}"
True,20,2,21,Oscar Wilde,0.00,"{'Gpr_confidence': -0.011363390033333332, 'Length_char': 414, 'Length_word': 77, 'Length_guess': 11, 'Length_ten_points': 0, 'Frequency_guess': 3.8918202981106265, 'GuessFormat_has_parentheses': 0, 'GuessFormat_has_quotes': 0, 'GuessFormat_word_count': 2, 'GuessFormat_has_numbers': 0, 'RunPosition_position_ratio': 0.92, 'RunPosition_early_question': 0, 'RunPosition_late_question': 1, 'QuestionKeyword_signal_for_ten_points': 0, 'QuestionKeyword_signal_name_this': 0, 'QuestionKeyword_signal_identify_this': 0, 'QuestionKeyword_signal_what_is': 0, 'QuestionKeyword_signal_who_is': 0, 'QuestionKeyword_signal_this_author': 1, 'QuestionKeyword_signal_this_work': 0, 'QuestionKeyword_signal_this_character': 0, 'QuestionKeyword_signal_this_person': 0, 'QuestionKeyword_signal_this_country': 0, 'QuestionKeyword_signal_this_battle': 0, 'QuestionKeyword_signal_this_composer': 0, 'QuestionKeyword_signal_this_painting': 0, 'GuessQuality_proper_noun': 1, 'GuessQuality_single_word': 0, 'GuessQuality_has_title_case': 1, 'AnswerType_expects_person': 1, 'AnswerType_expects_work': 1, 'AnswerType_expects_place': 0, 'final': np.True_}"
True,20,2,28,Oscar Wilde,0.00,"{'Gpr_confidence': -0.014600695413333335, 'Length_char': 453, 'Length_word': 84, 'Length_guess': 11, 'Length_ten_points': 0, 'Frequency_guess': 3.8918202981106265, 'GuessFormat_has_parentheses': 0, 'GuessFormat_has_quotes': 0, 'GuessFormat_word_count': 2, 'GuessFormat_has_numbers': 0, 'RunPosition_position_ratio': 1.0066666666666666, 'RunPosition_early_question': 0, 'RunPosition_late_question': 1, 'QuestionKeyword_signal_for_ten_points': 0, 'QuestionKeyword_signal_name_this': 0, 'QuestionKeyword_signal_identify_this': 0, 'QuestionKeyword_signal_what_is': 0, 'QuestionKeyword_signal_who_is': 0, 'QuestionKeyword_signal_this_author': 1, 'QuestionKeyword_signal_this_work': 0, 'QuestionKeyword_signal_this_character': 0, 'QuestionKeyword_signal_this_person': 0, 'QuestionKeyword_signal_this_country': 0, 'QuestionKeyword_signal_this_battle': 0, 'QuestionKeyword_signal_this_composer': 0, 'QuestionKeyword_signal_this_painting': 0, 'GuessQuality_proper_noun': 1, 'GuessQuality_single_word': 0, 'GuessQuality_has_title_case': 1, 'AnswerType_expects_person': 1, 'AnswerType_expects_work': 1, 'AnswerType_expects_place': 0, 'final': np.True_}"
True,20,2,33,Oscar Wilde,0.00,"{'Gpr_confidence': -0.04554341562, 'Length_char': 484, 'Length_word': 89, 'Length_guess': 11, 'Length_ten_points': 0, 'Frequency_guess': 3.8918202981106265, 'GuessFormat_has_parentheses': 0, 'GuessFormat_has_quotes': 0, 'GuessFormat_word_count': 2, 'GuessFormat_has_numbers': 0, 'RunPosition_position_ratio': 1.0755555555555556, 'RunPosition_early_question': 0, 'RunPosition_late_question': 1, 'QuestionKeyword_signal_for_ten_points': 0, 'QuestionKeyword_signal_name_this': 0, 'QuestionKeyword_signal_identify_this': 0, 'QuestionKeyword_signal_what_is': 0, 'QuestionKeyword_signal_who_is': 0, 'QuestionKeyword_signal_this_author': 1, 'QuestionKeyword_signal_this_work': 0, 'QuestionKeyword_signal_this_character': 0, 'QuestionKeyword_signal_this_person': 0, 'QuestionKeyword_signal_this_country': 0, 'QuestionKeyword_signal_this_battle': 0, 'QuestionKeyword_signal_this_composer': 0, 'QuestionKeyword_signal_this_painting': 0, 'GuessQuality_proper_noun': 1, 'GuessQuality_single_word': 0, 'GuessQuality_has_title_case': 1, 'AnswerType_expects_person': 1, 'AnswerType_expects_work': 1, 'AnswerType_expects_place': 0, 'final': np.True_}"
True,20,2,34,Oscar Wilde,0.00,"{'Gpr_confidence': -0.007934480266666667, 'Length_char': 497, 'Length_word': 90, 'Length_guess': 11, 'Length_ten_points': 0, 'Frequency_guess': 3.8918202981106265, 'GuessFormat_has_parentheses': 0, 'GuessFormat_has_quotes': 0, 'GuessFormat_word_count': 2, 'GuessFormat_has_numbers': 0, 'RunPosition_position_ratio': 1.1044444444444443, 'RunPosition_early_question': 0, 'RunPosition_late_question': 1, 'QuestionKeyword_signal_for_ten_points': 0, 'QuestionKeyword_signal_name_this': 0, 'QuestionKeyword_signal_identify_this': 0, 'QuestionKeyword_signal_what_is': 0, 'QuestionKeyword_signal_who_is': 0, 'QuestionKeyword_signal_this_author': 1, 'QuestionKeyword_signal_this_work': 0, 'QuestionKeyword_signal_this_character': 0, 'QuestionKeyword_signal_this_person': 0, 'QuestionKeyword_signal_this_country': 0, 'QuestionKeyword_signal_this_battle': 0, 'QuestionKeyword_signal_this_composer': 0, 'QuestionKeyword_signal_this_painting': 0, 'GuessQuality_proper_noun': 1, 'GuessQuality_single_word': 0, 'GuessQuality_has_title_case': 1, 'AnswerType_expects_person': 1, 'AnswerType_expects_work': 1, 'AnswerType_expects_place': 0, 'final': np.True_}"
True,20,3,7,Oscar Wilde,0.00,"{'Gpr_confidence': -0.0006673295375500001, 'Length_char': 538, 'Length_word': 97, 'Length_guess': 11, 'Length_ten_points': 0, 'Frequency_guess': 3.8918202981106265, 'GuessFormat_has_parentheses': 0, 'GuessFormat_has_quotes': 0, 'GuessFormat_word_count': 2, 'GuessFormat_has_numbers': 0, 'RunPosition_position_ratio': 1.1955555555555555, 'RunPosition_early_question': 0, 'RunPosition_late_question': 1, 'QuestionKeyword_signal_for_ten_points': 0, 'QuestionKeyword_signal_name_this': 0, 'QuestionKeyword_signal_identify_this': 0, 'QuestionKeyword_signal_what_is': 0, 'QuestionKeyword_signal_who_is': 0, 'QuestionKeyword_signal_this_author': 1, 'QuestionKeyword_signal_this_work': 0, 'QuestionKeyword_signal_this_character': 0, 'QuestionKeyword_signal_this_person': 0, 'QuestionKeyword_signal_this_country': 0, 'QuestionKeyword_signal_this_battle': 0, 'QuestionKeyword_signal_this_composer': 0, 'QuestionKeyword_signal_this_painting': 0, 'GuessQuality_proper_noun': 1, 'GuessQuality_single_word': 0, 'GuessQuality_has_title_case': 1, 'AnswerType_expects_person': 1, 'AnswerType_expects_work': 1, 'AnswerType_expects_place': 0, 'final': np.True_}"
True,20,3,14,Oscar Wilde,0.00,"{'Gpr_confidence': -0.0027354698666666663, 'Length_char': 577, 'Length_word': 104, 'Length_guess': 11, 'Length_ten_points': 0, 'Frequency_guess': 3.8918202981106265, 'GuessFormat_has_parentheses': 0, 'GuessFormat_has_quotes': 0, 'GuessFormat_word_count': 2, 'GuessFormat_has_numbers': 0, 'RunPosition_position_ratio': 1.2822222222222222, 'RunPosition_early_question': 0, 'RunPosition_late_question': 1, 'QuestionKeyword_signal_for_ten_points': 0, 'QuestionKeyword_signal_name_this': 0, 'QuestionKeyword_signal_identify_this': 0, 'QuestionKeyword_signal_what_is': 0, 'QuestionKeyword_signal_who_is': 0, 'QuestionKeyword_signal_this_author': 1, 'QuestionKeyword_signal_this_work': 0, 'QuestionKeyword_signal_this_character': 0, 'QuestionKeyword_signal_this_person': 0, 'QuestionKeyword_signal_this_country': 0, 'QuestionKeyword_signal_this_battle': 0, 'QuestionKeyword_signal_this_composer': 0, 'QuestionKeyword_signal_this_painting': 0, 'GuessQuality_proper_noun': 1, 'GuessQuality_single_word': 0, 'GuessQuality_has_title_case': 1, 'AnswerType_expects_person': 1, 'AnswerType_expects_work': 1, 'AnswerType_expects_place': 0, 'final': np.True_}"
True,20,3,19,Oscar Wilde,0.00,"{'Gpr_confidence': -0.0035297880000000003, 'Length_char': 606, 'Length_word': 109, 'Length_guess': 11, 'Length_ten_points': 0, 'Frequency_guess': 3.8918202981106265, 'GuessFormat_has_parentheses': 0, 'GuessFormat_has_quotes': 0, 'GuessFormat_word_count': 2, 'GuessFormat_has_numbers': 0, 'RunPosition_position_ratio': 1.3466666666666667, 'RunPosition_early_question': 0, 'RunPosition_late_question': 1, 'QuestionKeyword_signal_for_ten_points': 0, 'QuestionKeyword_signal_name_this': 0, 'QuestionKeyword_signal_identify_this': 0, 'QuestionKeyword_signal_what_is': 0, 'QuestionKeyword_signal_who_is': 0, 'QuestionKeyword_signal_this_author': 1, 'QuestionKeyword_signal_this_work': 0, 'QuestionKeyword_signal_this_character': 0, 'QuestionKeyword_signal_this_person': 0, 'QuestionKeyword_signal_this_country': 0, 'QuestionKeyword_signal_this_battle': 0, 'QuestionKeyword_signal_this_composer': 0, 'QuestionKeyword_signal_this_painting': 0, 'GuessQuality_proper_noun': 1, 'GuessQuality_single_word': 0, 'GuessQuality_has_title_case': 1, 'AnswerType_expects_person': 1, 'AnswerType_expects_work': 1, 'AnswerType_expects_place': 0, 'final': np.True_}"
True,20,3,24,Oscar Wilde,0.00,"{'Gpr_confidence': -0.004440153233333333, 'Length_char': 642, 'Length_word': 114, 'Length_guess': 11, 'Length_ten_points': 0, 'Frequency_guess': 3.8918202981106265, 'GuessFormat_has_parentheses': 0, 'GuessFormat_has_quotes': 0, 'GuessFormat_word_count': 2, 'GuessFormat_has_numbers': 0, 'RunPosition_position_ratio': 1.4266666666666667, 'RunPosition_early_question': 0, 'RunPosition_late_question': 1, 'QuestionKeyword_signal_for_ten_points': 0, 'QuestionKeyword_signal_name_this': 0, 'QuestionKeyword_signal_identify_this': 0, 'QuestionKeyword_signal_what_is': 0, 'QuestionKeyword_signal_who_is': 0, 'QuestionKeyword_signal_this_author': 1, 'QuestionKeyword_signal_this_work': 0, 'QuestionKeyword_signal_this_character': 0, 'QuestionKeyword_signal_this_person': 0, 'QuestionKeyword_signal_this_country': 0, 'QuestionKeyword_signal_this_battle': 0, 'QuestionKeyword_signal_this_composer': 0, 'QuestionKeyword_signal_this_painting': 0, 'GuessQuality_proper_noun': 1, 'GuessQuality_single_word': 0, 'GuessQuality_has_title_case': 1, 'AnswerType_expects_person': 1, 'AnswerType_expects_work': 1, 'AnswerType_expects_place': 0, 'final': np.True_}"
True,20,3,29,Oscar Wilde,0.00,"{'Gpr_confidence': -0.00318113403755, 'Length_char': 675, 'Length_word': 119, 'Length_guess': 11, 'Length_ten_points': 0, 'Frequency_guess': 3.8918202981106265, 'GuessFormat_has_parentheses': 0, 'GuessFormat_has_quotes': 0, 'GuessFormat_word_count': 2, 'GuessFormat_has_numbers': 0, 'RunPosition_position_ratio': 1.5, 'RunPosition_early_question': 0, 'RunPosition_late_question': 1, 'QuestionKeyword_signal_for_ten_points': 0, 'QuestionKeyword_signal_name_this': 0, 'QuestionKeyword_signal_identify_this': 0, 'QuestionKeyword_signal_what_is': 0, 'QuestionKeyword_signal_who_is': 0, 'QuestionKeyword_signal_this_author': 1, 'QuestionKeyword_signal_this_work': 0, 'QuestionKeyword_signal_this_character': 0, 'QuestionKeyword_signal_this_person': 0, 'QuestionKeyword_signal_this_country': 0, 'QuestionKeyword_signal_this_battle': 0, 'QuestionKeyword_signal_this_composer': 0, 'QuestionKeyword_signal_this_painting': 0, 'GuessQuality_proper_noun': 1, 'GuessQuality_single_word': 0, 'GuessQuality_has_title_case': 1, 'AnswerType_expects_person': 1, 'AnswerType_expects_work': 2, 'AnswerType_expects_place': 0, 'final': np.True_}"
True,20,4,8,Oscar Wilde,0.00,"{'Gpr_confidence': -0.0040104210375500006, 'Length_char': 715, 'Length_word': 127, 'Length_guess': 11, 'Length_ten_points': 0, 'Frequency_guess': 3.8918202981106265, 'GuessFormat_has_parentheses': 0, 'GuessFormat_has_quotes': 0, 'GuessFormat_word_count': 2, 'GuessFormat_has_numbers': 0, 'RunPosition_position_ratio': 1.5888888888888888, 'RunPosition_early_question': 0, 'RunPosition_late_question': 1, 'QuestionKeyword_signal_for_ten_points': 0, 'QuestionKeyword_signal_name_this': 1, 'QuestionKeyword_signal_identify_this': 0, 'QuestionKeyword_signal_what_is': 0, 'QuestionKeyword_signal_who_is': 0, 'QuestionKeyword_signal_this_author': 1, 'QuestionKeyword_signal_this_work': 0, 'QuestionKeyword_signal_this_character': 0, 'QuestionKeyword_signal_this_person': 0, 'QuestionKeyword_signal_this_country': 0, 'QuestionKeyword_signal_this_battle': 0, 'QuestionKeyword_signal_this_composer': 0, 'QuestionKeyword_signal_this_painting': 0, 'GuessQuality_proper_noun': 1, 'GuessQuality_single_word': 0, 'GuessQuality_has_title_case': 1, 'AnswerType_expects_person': 1, 'AnswerType_expects_work': 2, 'AnswerType_expects_place': 0, 'final': np.True_}"
True,20,4,12,Oscar Wilde,0.00,"{'Gpr_confidence': -0.00047951217088333333, 'Length_char': 739, 'Length_word': 131, 'Length_guess': 11, 'Length_ten_points': 0, 'Frequency_guess': 3.8918202981106265, 'GuessFormat_has_parentheses': 0, 'GuessFormat_has_quotes': 0, 'GuessFormat_word_count': 2, 'GuessFormat_has_numbers': 0, 'RunPosition_position_ratio': 1.6422222222222222, 'RunPosition_early_question': 0, 'RunPosition_late_question': 1, 'QuestionKeyword_signal_for_ten_points': 0, 'QuestionKeyword_signal_name_this': 1, 'QuestionKeyword_signal_identify_this': 0, 'QuestionKeyword_signal_what_is': 0, 'QuestionKeyword_signal_who_is': 0, 'QuestionKeyword_signal_this_author': 1, 'QuestionKeyword_signal_this_work': 0, 'QuestionKeyword_signal_this_character': 0, 'QuestionKeyword_signal_this_person': 0, 'QuestionKeyword_signal_this_country': 0, 'QuestionKeyword_signal_this_battle': 0, 'QuestionKeyword_signal_this_composer': 0, 'QuestionKeyword_signal_this_painting': 0, 'GuessQuality_proper_noun': 1, 'GuessQuality_single_word': 0, 'GuessQuality_has_title_case': 1, 'AnswerType_expects_person': 1, 'AnswerType_expects_work': 2, 'AnswerType_expects_place': 0, 'final': np.True_}"
True,20,4,12,Oscar Wilde,0.00,"{'Gpr_confidence': -0.00047951217088333333, 'Length_char': 739, 'Length_word': 131, 'Length_guess': 11, 'Length_ten_points': 0, 'Frequency_guess': 3.8918202981106265, 'GuessFormat_has_parentheses': 0, 'GuessFormat_has_quotes': 0, 'GuessFormat_word_count': 2, 'GuessFormat_has_numbers': 0, 'RunPosition_position_ratio': 1.6422222222222222, 'RunPosition_early_question': 0, 'RunPosition_late_question': 1, 'QuestionKeyword_signal_for_ten_points': 0, 'QuestionKeyword_signal_name_this': 1, 'QuestionKeyword_signal_identify_this': 0, 'QuestionKeyword_signal_what_is': 0, 'QuestionKeyword_signal_who_is': 0, 'QuestionKeyword_signal_this_author': 1, 'QuestionKeyword_signal_this_work': 0, 'QuestionKeyword_signal_this_character': 0, 'QuestionKeyword_signal_this_person': 0, 'QuestionKeyword_signal_this_country': 0, 'QuestionKeyword_signal_this_battle': 0, 'QuestionKeyword_signal_this_composer': 0, 'QuestionKeyword_signal_this_painting': 0, 'GuessQuality_proper_noun': 1, 'GuessQuality_single_word': 0, 'GuessQuality_has_title_case': 1, 'AnswerType_expects_person': 1, 'AnswerType_expects_work': 2, 'AnswerType_expects_place': 0, 'final': np.True_}"
False,21,0,5,Acoustic tomography,0.00,"{'Gpr_confidence': -0.0555122174012, 'Length_char': 36, 'Length_word': 5, 'Length_guess': 19, 'Length_ten_points': 0, 'Frequency_guess': 0.0, 'GuessFormat_has_parentheses': 0, 'GuessFormat_has_quotes': 0, 'GuessFormat_word_count': 2, 'GuessFormat_has_numbers': 0, 'RunPosition_position_ratio': 0.08, 'RunPosition_early_question': 1, 'RunPosition_late_question': 0, 'QuestionKeyword_signal_for_ten_points': 0, 'QuestionKeyword_signal_name_this': 0, 'QuestionKeyword_signal_identify_this': 0, 'QuestionKeyword_signal_what_is': 0, 'QuestionKeyword_signal_who_is': 0, 'QuestionKeyword_signal_this_author': 0, 'QuestionKeyword_signal_this_work': 0, 'QuestionKeyword_signal_this_character': 0, 'QuestionKeyword_signal_this_person': 0, 'QuestionKeyword_signal_this_country': 0, 'QuestionKeyword_signal_this_battle': 0, 'QuestionKeyword_signal_this_composer': 0, 'QuestionKeyword_signal_this_painting': 0, 'GuessQuality_proper_noun': 1, 'GuessQuality_single_word': 0, 'GuessQuality_has_title_case': 0, 'AnswerType_expects_person': 0, 'AnswerType_expects_work': 0, 'AnswerType_expects_place': 0, 'final': np.False_}"
False,21,0,12,Acoustic Tomography,0.00,"{'Gpr_confidence': -0.060082421981, 'Length_char': 74, 'Length_word': 12, 'Length_guess': 19, 'Length_ten_points': 0, 'Frequency_guess': 0.0, 'GuessFormat_has_parentheses': 0, 'GuessFormat_has_quotes': 0, 'GuessFormat_word_count': 2, 'GuessFormat_has_numbers': 0, 'RunPosition_position_ratio': 0.16444444444444445, 'RunPosition_early_question': 1, 'RunPosition_late_question': 0, 'QuestionKeyword_signal_for_ten_points': 0, 'QuestionKeyword_signal_name_this': 0, 'QuestionKeyword_signal_identify_this': 0, 'QuestionKeyword_signal_what_is': 0, 'QuestionKeyword_signal_who_is': 0, 'QuestionKeyword_signal_this_author': 0, 'QuestionKeyword_signal_this_work': 0, 'QuestionKeyword_signal_this_character': 0, 'QuestionKeyword_signal_this_person': 0, 'QuestionKeyword_signal_this_country': 0, 'QuestionKeyword_signal_this_battle': 0, 'QuestionKeyword_signal_this_composer': 0, 'QuestionKeyword_signal_this_painting': 0, 'GuessQuality_proper_noun': 1, 'GuessQuality_single_word': 0, 'GuessQuality_has_title_case': 1, 'AnswerType_expects_person': 0, 'AnswerType_expects_work': 0, 'AnswerType_expects_place': 0, 'final': np.False_}"
False,21,0,18,Acoustic Tomography,0.00,"{'Gpr_confidence': -0.10994545414175, 'Length_char': 108, 'Length_word': 18, 'Length_guess': 19, 'Length_ten_points': 0, 'Frequency_guess': 0.0, 'GuessFormat_has_parentheses': 0, 'GuessFormat_has_quotes': 0, 'GuessFormat_word_count': 2, 'GuessFormat_has_numbers': 0, 'RunPosition_position_ratio': 0.24, 'RunPosition_early_question': 1, 'RunPosition_late_question': 0, 'QuestionKeyword_signal_for_ten_points': 0, 'QuestionKeyword_signal_name_this': 0, 'QuestionKeyword_signal_identify_this': 0, 'QuestionKeyword_signal_what_is': 0, 'QuestionKeyword_signal_who_is': 0, 'QuestionKeyword_signal_this_author': 0, 'QuestionKeyword_signal_this_work': 0, 'QuestionKeyword_signal_this_character': 0, 'QuestionKeyword_signal_this_person': 0, 'QuestionKeyword_signal_this_country': 0, 'QuestionKeyword_signal_this_battle': 0, 'QuestionKeyword_signal_this_composer': 0, 'QuestionKeyword_signal_this_painting': 0, 'GuessQuality_proper_noun': 1, 'GuessQuality_single_word': 0, 'GuessQuality_has_title_case': 1, 'AnswerType_expects_person': 0, 'AnswerType_expects_work': 0, 'AnswerType_expects_place': 0, 'final': np.False_}"
False,21,0,20,Acoustic Tomography,0.00,"{'Gpr_confidence': -0.07381552389925, 'Length_char': 123, 'Length_word': 20, 'Length_guess': 19, 'Length_ten_points': 0, 'Frequency_guess': 0.0, 'GuessFormat_has_parentheses': 0, 'GuessFormat_has_quotes': 0, 'GuessFormat_word_count': 2, 'GuessFormat_has_numbers': 0, 'RunPosition_position_ratio': 0.2733333333333333, 'RunPosition_early_question': 0, 'RunPosition_late_question': 0, 'QuestionKeyword_signal_for_ten_points': 0, 'QuestionKeyword_signal_name_this': 0, 'QuestionKeyword_signal_identify_this': 0, 'QuestionKeyword_signal_what_is': 0, 'QuestionKeyword_signal_who_is': 0, 'QuestionKeyword_signal_this_author': 0, 'QuestionKeyword_signal_this_work': 0, 'QuestionKeyword_signal_this_character': 0, 'QuestionKeyword_signal_this_person': 0, 'QuestionKeyword_signal_this_country': 0, 'QuestionKeyword_signal_this_battle': 0, 'QuestionKeyword_signal_this_composer': 0, 'QuestionKeyword_signal_this_painting': 0, 'GuessQuality_proper_noun': 1, 'GuessQuality_single_word': 0, 'GuessQuality_has_title_case': 1, 'AnswerType_expects_person': 0, 'AnswerType_expects_work': 0, 'AnswerType_expects_place': 0, 'final': np.False_}"
False,21,1,6,SOFAR channel,0.00,"{'Gpr_confidence': -0.2050918697215, 'Length_char': 162, 'Length_word': 26, 'Length_guess': 13, 'Length_ten_points': 0, 'Frequency_guess': 0.0, 'GuessFormat_has_parentheses': 0, 'GuessFormat_has_quotes': 0, 'GuessFormat_word_count': 2, 'GuessFormat_has_numbers': 0, 'RunPosition_position_ratio': 0.36, 'RunPosition_early_question': 0, 'RunPosition_late_question': 0, 'QuestionKeyword_signal_for_ten_points': 0, 'QuestionKeyword_signal_name_this': 0, 'QuestionKeyword_signal_identify_this': 0, 'QuestionKeyword_signal_what_is': 0, 'QuestionKeyword_signal_who_is': 0, 'QuestionKeyword_signal_this_author': 0, 'QuestionKeyword_signal_this_work': 0, 'QuestionKeyword_signal_this_character': 0, 'QuestionKeyword_signal_this_person': 0, 'QuestionKeyword_signal_this_country': 0, 'QuestionKeyword_signal_this_battle': 0, 'QuestionKeyword_signal_this_composer': 0, 'QuestionKeyword_signal_this_painting': 0, 'GuessQuality_proper_noun': 1, 'GuessQuality_single_word': 0, 'GuessQuality_has_title_case': 0, 'AnswerType_expects_person': 0, 'AnswerType_expects_work': 0, 'AnswerType_expects_place': 0, 'final': np.False_}"
False,21,1,11,Acoustic Tomography,0.00,"{'Gpr_confidence': -0.1025320648295, 'Length_char': 198, 'Length_word': 31, 'Length_guess': 19, 'Length_ten_points': 0, 'Frequency_guess': 0.0, 'GuessFormat_has_parentheses': 0, 'GuessFormat_has_quotes': 0, 'GuessFormat_word_count': 2, 'GuessFormat_has_numbers': 0, 'RunPosition_position_ratio': 0.44, 'RunPosition_early_question': 0, 'RunPosition_late_question': 0, 'QuestionKeyword_signal_for_ten_points': 0, 'QuestionKeyword_signal_name_this': 0, 'QuestionKeyword_signal_identify_this': 0, 'QuestionKeyword_signal_what_is': 0, 'QuestionKeyword_signal_who_is': 0, 'QuestionKeyword_signal_this_author': 0, 'QuestionKeyword_signal_this_work': 0, 'QuestionKeyword_signal_this_character': 0, 'QuestionKeyword_signal_this_person': 0, 'QuestionKeyword_signal_this_country': 0, 'QuestionKeyword_signal_this_battle': 0, 'QuestionKeyword_signal_this_composer': 0, 'QuestionKeyword_signal_this_painting': 0, 'GuessQuality_proper_noun': 1, 'GuessQuality_single_word': 0, 'GuessQuality_has_title_case': 1, 'AnswerType_expects_person': 0, 'AnswerType_expects_work': 0, 'AnswerType_expects_place': 0, 'final': np.False_}"
False,21,1,17,Sea surface temperature,0.00,"{'Gpr_confidence': -0.45021764333333336, 'Length_char': 232, 'Length_word': 37, 'Length_guess': 23, 'Length_ten_points': 0, 'Frequency_guess': 0.0, 'GuessFormat_has_parentheses': 0, 'GuessFormat_has_quotes': 0, 'GuessFormat_word_count': 3, 'GuessFormat_has_numbers': 0, 'RunPosition_position_ratio': 0.5155555555555555, 'RunPosition_early_question': 0, 'RunPosition_late_question': 0, 'QuestionKeyword_signal_for_ten_points': 0, 'QuestionKeyword_signal_name_this': 0, 'QuestionKeyword_signal_identify_this': 0, 'QuestionKeyword_signal_what_is': 0, 'QuestionKeyword_signal_who_is': 0, 'QuestionKeyword_signal_this_author': 0, 'QuestionKeyword_signal_this_work': 0, 'QuestionKeyword_signal_this_character': 0, 'QuestionKeyword_signal_this_person': 0, 'QuestionKeyword_signal_this_country': 0, 'QuestionKeyword_signal_this_battle': 0, 'QuestionKeyword_signal_this_composer': 0, 'QuestionKeyword_signal_this_painting': 0, 'GuessQuality_proper_noun': 1, 'GuessQuality_single_word': 0, 'GuessQuality_has_title_case': 0, 'AnswerType_expects_person': 0, 'AnswerType_expects_work': 0, 'AnswerType_expects_place': 0, 'final': np.False_}"
False,21,1,23,Sea Surface Temperature,0.00,"{'Gpr_confidence': -0.3283111436666667, 'Length_char': 270, 'Length_word': 43, 'Length_guess': 23, 'Length_ten_points': 0, 'Frequency_guess': 0.0, 'GuessFormat_has_parentheses': 0, 'GuessFormat_has_quotes': 0, 'GuessFormat_word_count': 3, 'GuessFormat_has_numbers': 0, 'RunPosition_position_ratio': 0.6, 'RunPosition_early_question': 0, 'RunPosition_late_question': 0, 'QuestionKeyword_signal_for_ten_points': 0, 'QuestionKeyword_signal_name_this': 0, 'QuestionKeyword_signal_identify_this': 0, 'QuestionKeyword_signal_what_is': 0, 'QuestionKeyword_signal_who_is': 0, 'QuestionKeyword_signal_this_author': 0, 'QuestionKeyword_signal_this_work': 0, 'QuestionKeyword_signal_this_character': 0, 'QuestionKeyword_signal_this_person': 0, 'QuestionKeyword_signal_this_country': 0, 'QuestionKeyword_signal_this_battle': 0, 'QuestionKeyword_signal_this_composer': 0, 'QuestionKeyword_signal_this_painting': 0, 'GuessQuality_proper_noun': 1, 'GuessQuality_single_word': 0, 'GuessQuality_has_title_case': 1, 'AnswerType_expects_person': 0, 'AnswerType_expects_work': 0, 'AnswerType_expects_place': 0, 'final': np.False_}"
False,21,2,5,Sea Surface Temperature,0.00,"{'Gpr_confidence': -0.21771501999999998, 'Length_char': 311, 'Length_word': 48, 'Length_guess': 23, 'Length_ten_points': 0, 'Frequency_guess': 0.0, 'GuessFormat_has_parentheses': 0, 'GuessFormat_has_quotes': 0, 'GuessFormat_word_count': 3, 'GuessFormat_has_numbers': 0, 'RunPosition_position_ratio': 0.6911111111111111, 'RunPosition_early_question': 0, 'RunPosition_late_question': 0, 'QuestionKeyword_signal_for_ten_points': 0, 'QuestionKeyword_signal_name_this': 0, 'QuestionKeyword_signal_identify_this': 0, 'QuestionKeyword_signal_what_is': 0, 'QuestionKeyword_signal_who_is': 0, 'QuestionKeyword_signal_this_author': 0, 'QuestionKeyword_signal_this_work': 0, 'QuestionKeyword_signal_this_character': 0, 'QuestionKeyword_signal_this_person': 0, 'QuestionKeyword_signal_this_country': 0, 'QuestionKeyword_signal_this_battle': 0, 'QuestionKeyword_signal_this_composer': 0, 'QuestionKeyword_signal_this_painting': 0, 'GuessQuality_proper_noun': 1, 'GuessQuality_single_word': 0, 'GuessQuality_has_title_case': 1, 'AnswerType_expects_person': 0, 'AnswerType_expects_work': 0, 'AnswerType_expects_place': 0, 'final': np.False_}"
False,21,2,12,Sea Surface Temperature,0.00,"{'Gpr_confidence': -0.3181905016666667, 'Length_char': 345, 'Length_word': 55, 'Length_guess': 23, 'Length_ten_points': 0, 'Frequency_guess': 0.0, 'GuessFormat_has_parentheses': 0, 'GuessFormat_has_quotes': 0, 'GuessFormat_word_count': 3, 'GuessFormat_has_numbers': 0, 'RunPosition_position_ratio': 0.7666666666666667, 'RunPosition_early_question': 0, 'RunPosition_late_question': 1, 'QuestionKeyword_signal_for_ten_points': 0, 'QuestionKeyword_signal_name_this': 0, 'QuestionKeyword_signal_identify_this': 0, 'QuestionKeyword_signal_what_is': 0, 'QuestionKeyword_signal_who_is': 0, 'QuestionKeyword_signal_this_author': 0, 'QuestionKeyword_signal_this_work': 0, 'QuestionKeyword_signal_this_character': 0, 'QuestionKeyword_signal_this_person': 0, 'QuestionKeyword_signal_this_country': 0, 'QuestionKeyword_signal_this_battle': 0, 'QuestionKeyword_signal_this_composer': 0, 'QuestionKeyword_signal_this_painting': 0, 'GuessQuality_proper_noun': 1, 'GuessQuality_single_word': 0, 'GuessQuality_has_title_case': 1, 'AnswerType_expects_person': 0, 'AnswerType_expects_work': 0, 'AnswerType_expects_place': 0, 'final': np.False_}"
False,21,2,18,Sea surface temperature,0.00,"{'Gpr_confidence': -0.4819328633333333, 'Length_char': 380, 'Length_word': 61, 'Length_guess': 23, 'Length_ten_points': 0, 'Frequency_guess': 0.0, 'GuessFormat_has_parentheses': 0, 'GuessFormat_has_quotes': 0, 'GuessFormat_word_count': 3, 'GuessFormat_has_numbers': 0, 'RunPosition_position_ratio': 0.8444444444444444, 'RunPosition_early_question': 0, 'RunPosition_late_question': 1, 'QuestionKeyword_signal_for_ten_points': 0, 'QuestionKeyword_signal_name_this': 0, 'QuestionKeyword_signal_identify_this': 0, 'QuestionKeyword_signal_what_is': 0, 'QuestionKeyword_signal_who_is': 0, 'QuestionKeyword_signal_this_author': 0, 'QuestionKeyword_signal_this_work': 0, 'QuestionKeyword_signal_this_character': 0, 'QuestionKeyword_signal_this_person': 0, 'QuestionKeyword_signal_this_country': 0, 'QuestionKeyword_signal_this_battle': 0, 'QuestionKeyword_signal_this_composer': 0, 'QuestionKeyword_signal_this_painting': 0, 'GuessQuality_proper_noun': 1, 'GuessQuality_single_word': 0, 'GuessQuality_has_title_case': 0, 'AnswerType_expects_person': 0, 'AnswerType_expects_work': 0, 'AnswerType_expects_place': 0, 'final': np.False_}"
False,21,2,19,Thermocline,0.00,"{'Gpr_confidence': -0.15522081824616, 'Length_char': 387, 'Length_word': 62, 'Length_guess': 11, 'Length_ten_points': 0, 'Frequency_guess': 0.6931471805599453, 'GuessFormat_has_parentheses': 0, 'GuessFormat_has_quotes': 0, 'GuessFormat_word_count': 1, 'GuessFormat_has_numbers': 0, 'RunPosition_position_ratio': 0.86, 'RunPosition_early_question': 0, 'RunPosition_late_question': 1, 'QuestionKeyword_signal_for_ten_points': 0, 'QuestionKeyword_signal_name_this': 0, 'QuestionKeyword_signal_identify_this': 0, 'QuestionKeyword_signal_what_is': 0, 'QuestionKeyword_signal_who_is': 0, 'QuestionKeyword_signal_this_author': 0, 'QuestionKeyword_signal_this_work': 0, 'QuestionKeyword_signal_this_character': 0, 'QuestionKeyword_signal_this_person': 0, 'QuestionKeyword_signal_this_country': 0, 'QuestionKeyword_signal_this_battle': 0, 'QuestionKeyword_signal_this_composer': 0, 'QuestionKeyword_signal_this_painting': 0, 'GuessQuality_proper_noun': 1, 'GuessQuality_single_word': 1, 'GuessQuality_has_title_case': 1, 'AnswerType_expects_person': 0, 'AnswerType_expects_work': 0, 'AnswerType_expects_place': 0, 'final': np.False_}"
True,21,3,6,Thermocline,0.00,"{'Gpr_confidence': -0.15462903448107498, 'Length_char': 426, 'Length_word': 68, 'Length_guess': 11, 'Length_ten_points': 0, 'Frequency_guess': 0.6931471805599453, 'GuessFormat_has_parentheses': 0, 'GuessFormat_has_quotes': 0, 'GuessFormat_word_count': 1, 'GuessFormat_has_numbers': 0, 'RunPosition_position_ratio': 0.9466666666666667, 'RunPosition_early_question': 0, 'RunPosition_late_question': 1, 'QuestionKeyword_signal_for_ten_points': 0, 'QuestionKeyword_signal_name_this': 0, 'QuestionKeyword_signal_identify_this': 0, 'QuestionKeyword_signal_what_is': 0, 'QuestionKeyword_signal_who_is': 0, 'QuestionKeyword_signal_this_author': 0, 'QuestionKeyword_signal_this_work': 0, 'QuestionKeyword_signal_this_character': 0, 'QuestionKeyword_signal_this_person': 0, 'QuestionKeyword_signal_this_country': 0, 'QuestionKeyword_signal_this_battle': 0, 'QuestionKeyword_signal_this_composer': 0, 'QuestionKeyword_signal_this_painting': 0, 'GuessQuality_proper_noun': 1, 'GuessQuality_single_word': 1, 'GuessQuality_has_title_case': 1, 'AnswerType_expects_person': 0, 'AnswerType_expects_work': 0, 'AnswerType_expects_place': 0, 'final': np.True_}"
True,21,3,13,Thermocline,0.00,"{'Gpr_confidence': -0.1754549056669125, 'Length_char': 460, 'Length_word': 75, 'Length_guess': 11, 'Length_ten_points': 0, 'Frequency_guess': 0.6931471805599453, 'GuessFormat_has_parentheses': 0, 'GuessFormat_has_quotes': 0, 'GuessFormat_word_count': 1, 'GuessFormat_has_numbers': 0, 'RunPosition_position_ratio': 1.0222222222222221, 'RunPosition_early_question': 0, 'RunPosition_late_question': 1, 'QuestionKeyword_signal_for_ten_points': 0, 'QuestionKeyword_signal_name_this': 0, 'QuestionKeyword_signal_identify_this': 0, 'QuestionKeyword_signal_what_is': 0, 'QuestionKeyword_signal_who_is': 0, 'QuestionKeyword_signal_this_author': 0, 'QuestionKeyword_signal_this_work': 0, 'QuestionKeyword_signal_this_character': 0, 'QuestionKeyword_signal_this_person': 0, 'QuestionKeyword_signal_this_country': 0, 'QuestionKeyword_signal_this_battle': 0, 'QuestionKeyword_signal_this_composer': 0, 'QuestionKeyword_signal_this_painting': 0, 'GuessQuality_proper_noun': 1, 'GuessQuality_single_word': 1, 'GuessQuality_has_title_case': 1, 'AnswerType_expects_person': 0, 'AnswerType_expects_work': 0, 'AnswerType_expects_place': 0, 'final': np.True_}"
False,21,3,17,Thermocline,0.00,"{'Gpr_confidence': -0.2657495087440825, 'Length_char': 486, 'Length_word': 79, 'Length_guess': 11, 'Length_ten_points': 0, 'Frequency_guess': 0.6931471805599453, 'GuessFormat_has_parentheses': 0, 'GuessFormat_has_quotes': 0, 'GuessFormat_word_count': 1, 'GuessFormat_has_numbers': 0, 'RunPosition_position_ratio': 1.08, 'RunPosition_early_question': 0, 'RunPosition_late_question': 1, 'QuestionKeyword_signal_for_ten_points': 0, 'QuestionKeyword_signal_name_this': 0, 'QuestionKeyword_signal_identify_this': 0, 'QuestionKeyword_signal_what_is': 0, 'QuestionKeyword_signal_who_is': 0, 'QuestionKeyword_signal_this_author': 0, 'QuestionKeyword_signal_this_work': 0, 'QuestionKeyword_signal_this_character': 0, 'QuestionKeyword_signal_this_person': 0, 'QuestionKeyword_signal_this_country': 0, 'QuestionKeyword_signal_this_battle': 0, 'QuestionKeyword_signal_this_composer': 0, 'QuestionKeyword_signal_this_painting': 0, 'GuessQuality_proper_noun': 1, 'GuessQuality_single_word': 1, 'GuessQuality_has_title_case': 1, 'AnswerType_expects_person': 0, 'AnswerType_expects_work': 0, 'AnswerType_expects_place': 0, 'final': np.False_}"
False,21,4,7,Sea Surface Temperature,0.00,"{'Gpr_confidence': -0.4235230433333333, 'Length_char': 527, 'Length_word': 86, 'Length_guess': 23, 'Length_ten_points': 0, 'Frequency_guess': 0.0, 'GuessFormat_has_parentheses': 0, 'GuessFormat_has_quotes': 0, 'GuessFormat_word_count': 3, 'GuessFormat_has_numbers': 0, 'RunPosition_position_ratio': 1.1711111111111112, 'RunPosition_early_question': 0, 'RunPosition_late_question': 1, 'QuestionKeyword_signal_for_ten_points': 0, 'QuestionKeyword_signal_name_this': 0, 'QuestionKeyword_signal_identify_this': 0, 'QuestionKeyword_signal_what_is': 0, 'QuestionKeyword_signal_who_is': 0, 'QuestionKeyword_signal_this_author': 0, 'QuestionKeyword_signal_this_work': 0, 'QuestionKeyword_signal_this_character': 0, 'QuestionKeyword_signal_this_person': 0, 'QuestionKeyword_signal_this_country': 0, 'QuestionKeyword_signal_this_battle': 0, 'QuestionKeyword_signal_this_composer': 0, 'QuestionKeyword_signal_this_painting': 0, 'GuessQuality_proper_noun': 1, 'GuessQuality_single_word': 0, 'GuessQuality_has_title_case': 1, 'AnswerType_expects_person': 0, 'AnswerType_expects_work': 0, 'AnswerType_expects_place': 0, 'final': np.False_}"
False,21,4,13,Ocean temperature,0.00,"{'Gpr_confidence': -0.71801385, 'Length_char': 568, 'Length_word': 92, 'Length_guess': 17, 'Length_ten_points': 0, 'Frequency_guess': 0.0, 'GuessFormat_has_parentheses': 0, 'GuessFormat_has_quotes': 0, 'GuessFormat_word_count': 2, 'GuessFormat_has_numbers': 0, 'RunPosition_position_ratio': 1.2622222222222221, 'RunPosition_early_question': 0, 'RunPosition_late_question': 1, 'QuestionKeyword_signal_for_ten_points': 0, 'QuestionKeyword_signal_name_this': 0, 'QuestionKeyword_signal_identify_this': 0, 'QuestionKeyword_signal_what_is': 0, 'QuestionKeyword_signal_who_is': 0, 'QuestionKeyword_signal_this_author': 0, 'QuestionKeyword_signal_this_work': 0, 'QuestionKeyword_signal_this_character': 0, 'QuestionKeyword_signal_this_person': 0, 'QuestionKeyword_signal_this_country': 0, 'QuestionKeyword_signal_this_battle': 0, 'QuestionKeyword_signal_this_composer': 0, 'QuestionKeyword_signal_this_painting': 0, 'GuessQuality_proper_noun': 1, 'GuessQuality_single_word': 0, 'GuessQuality_has_title_case': 0, 'AnswerType_expects_person': 0, 'AnswerType_expects_work': 0, 'AnswerType_expects_place': 0, 'final': np.False_}"
False,21,4,16,Ocean temperature,0.00,"{'Gpr_confidence': -0.72042495, 'Length_char': 596, 'Length_word': 95, 'Length_guess': 17, 'Length_ten_points': 0, 'Frequency_guess': 0.0, 'GuessFormat_has_parentheses': 0, 'GuessFormat_has_quotes': 0, 'GuessFormat_word_count': 2, 'GuessFormat_has_numbers': 0, 'RunPosition_position_ratio': 1.3244444444444445, 'RunPosition_early_question': 0, 'RunPosition_late_question': 1, 'QuestionKeyword_signal_for_ten_points': 0, 'QuestionKeyword_signal_name_this': 0, 'QuestionKeyword_signal_identify_this': 0, 'QuestionKeyword_signal_what_is': 0, 'QuestionKeyword_signal_who_is': 0, 'QuestionKeyword_signal_this_author': 0, 'QuestionKeyword_signal_this_work': 0, 'QuestionKeyword_signal_this_character': 0, 'QuestionKeyword_signal_this_person': 0, 'QuestionKeyword_signal_this_country': 0, 'QuestionKeyword_signal_this_battle': 0, 'QuestionKeyword_signal_this_composer': 0, 'QuestionKeyword_signal_this_painting': 0, 'GuessQuality_proper_noun': 1, 'GuessQuality_single_word': 0, 'GuessQuality_has_title_case': 0, 'AnswerType_expects_person': 0, 'AnswerType_expects_work': 0, 'AnswerType_expects_place': 0, 'final': np.False_}"
False,21,5,8,Ocean temperature,0.00,"{'Gpr_confidence': -0.63964748, 'Length_char': 637, 'Length_word': 103, 'Length_guess': 17, 'Length_ten_points': 0, 'Frequency_guess': 0.0, 'GuessFormat_has_parentheses': 0, 'GuessFormat_has_quotes': 0, 'GuessFormat_word_count': 2, 'GuessFormat_has_numbers': 0, 'RunPosition_position_ratio': 1.4155555555555555, 'RunPosition_early_question': 0, 'RunPosition_late_question': 1, 'QuestionKeyword_signal_for_ten_points': 0, 'QuestionKeyword_signal_name_this': 0, 'QuestionKeyword_signal_identify_this': 0, 'QuestionKeyword_signal_what_is': 0, 'QuestionKeyword_signal_who_is': 0, 'QuestionKeyword_signal_this_author': 0, 'QuestionKeyword_signal_this_work': 0, 'QuestionKeyword_signal_this_character': 0, 'QuestionKeyword_signal_this_person': 0, 'QuestionKeyword_signal_this_country': 0, 'QuestionKeyword_signal_this_battle': 0, 'QuestionKeyword_signal_this_composer': 0, 'QuestionKeyword_signal_this_painting': 0, 'GuessQuality_proper_noun': 1, 'GuessQuality_single_word': 0, 'GuessQuality_has_title_case': 0, 'AnswerType_expects_person': 0, 'AnswerType_expects_work': 0, 'AnswerType_expects_place': 0, 'final': np.False_}"
False,21,5,14,Ocean temperature,0.00,"{'Gpr_confidence': -0.40888234999999995, 'Length_char': 675, 'Length_word': 109, 'Length_guess': 17, 'Length_ten_points': 0, 'Frequency_guess': 0.0, 'GuessFormat_has_parentheses': 0, 'GuessFormat_has_quotes': 0, 'GuessFormat_word_count': 2, 'GuessFormat_has_numbers': 0, 'RunPosition_position_ratio': 1.5, 'RunPosition_early_question': 0, 'RunPosition_late_question': 1, 'QuestionKeyword_signal_for_ten_points': 0, 'QuestionKeyword_signal_name_this': 0, 'QuestionKeyword_signal_identify_this': 0, 'QuestionKeyword_signal_what_is': 0, 'QuestionKeyword_signal_who_is': 0, 'QuestionKeyword_signal_this_author': 0, 'QuestionKeyword_signal_this_work': 0, 'QuestionKeyword_signal_this_character': 0, 'QuestionKeyword_signal_this_person': 0, 'QuestionKeyword_signal_this_country': 0, 'QuestionKeyword_signal_this_battle': 0, 'QuestionKeyword_signal_this_composer': 0, 'QuestionKeyword_signal_this_painting': 0, 'GuessQuality_proper_noun': 1, 'GuessQuality_single_word': 0, 'GuessQuality_has_title_case': 0, 'AnswerType_expects_person': 0, 'AnswerType_expects_work': 0, 'AnswerType_expects_place': 0, 'final': np.False_}"
False,21,5,20,Sea Surface Temperature,0.00,"{'Gpr_confidence': -0.5206593311, 'Length_char': 705, 'Length_word': 115, 'Length_guess': 23, 'Length_ten_points': 0, 'Frequency_guess': 0.0, 'GuessFormat_has_parentheses': 0, 'GuessFormat_has_quotes': 0, 'GuessFormat_word_count': 3, 'GuessFormat_has_numbers': 0, 'RunPosition_position_ratio': 1.5666666666666667, 'RunPosition_early_question': 0, 'RunPosition_late_question': 1, 'QuestionKeyword_signal_for_ten_points': 0, 'QuestionKeyword_signal_name_this': 0, 'QuestionKeyword_signal_identify_this': 0, 'QuestionKeyword_signal_what_is': 0, 'QuestionKeyword_signal_who_is': 0, 'QuestionKeyword_signal_this_author': 0, 'QuestionKeyword_signal_this_work': 0, 'QuestionKeyword_signal_this_character': 0, 'QuestionKeyword_signal_this_person': 0, 'QuestionKeyword_signal_this_country': 0, 'QuestionKeyword_signal_this_battle': 0, 'QuestionKeyword_signal_this_composer': 0, 'QuestionKeyword_signal_this_painting': 0, 'GuessQuality_proper_noun': 1, 'GuessQuality_single_word': 0, 'GuessQuality_has_title_case': 1, 'AnswerType_expects_person': 0, 'AnswerType_expects_work': 0, 'AnswerType_expects_place': 0, 'final': np.False_}"
False,21,5,23,Temperature of the Ocean,0.00,"{'Gpr_confidence': -0.42048516204999997, 'Length_char': 719, 'Length_word': 118, 'Length_guess': 24, 'Length_ten_points': 0, 'Frequency_guess': 0.0, 'GuessFormat_has_parentheses': 0, 'GuessFormat_has_quotes': 0, 'GuessFormat_word_count': 4, 'GuessFormat_has_numbers': 0, 'RunPosition_position_ratio': 1.5977777777777777, 'RunPosition_early_question': 0, 'RunPosition_late_question': 1, 'QuestionKeyword_signal_for_ten_points': 0, 'QuestionKeyword_signal_name_this': 0, 'QuestionKeyword_signal_identify_this': 0, 'QuestionKeyword_signal_what_is': 0, 'QuestionKeyword_signal_who_is': 0, 'QuestionKeyword_signal_this_author': 0, 'QuestionKeyword_signal_this_work': 0, 'QuestionKeyword_signal_this_character': 0, 'QuestionKeyword_signal_this_person': 0, 'QuestionKeyword_signal_this_country': 0, 'QuestionKeyword_signal_this_battle': 0, 'QuestionKeyword_signal_this_composer': 0, 'QuestionKeyword_signal_this_painting': 0, 'GuessQuality_proper_noun': 1, 'GuessQuality_single_word': 0, 'GuessQuality_has_title_case': 0, 'AnswerType_expects_person': 0, 'AnswerType_expects_work': 0, 'AnswerType_expects_place': 0, 'final': np.False_}"
False,21,5,23,Temperature of the Ocean,0.00,"{'Gpr_confidence': -0.42048516204999997, 'Length_char': 719, 'Length_word': 118, 'Length_guess': 24, 'Length_ten_points': 0, 'Frequency_guess': 0.0, 'GuessFormat_has_parentheses': 0, 'GuessFormat_has_quotes': 0, 'GuessFormat_word_count': 4, 'GuessFormat_has_numbers': 0, 'RunPosition_position_ratio': 1.5977777777777777, 'RunPosition_early_question': 0, 'RunPosition_late_question': 1, 'QuestionKeyword_signal_for_ten_points': 0, 'QuestionKeyword_signal_name_this': 0, 'QuestionKeyword_signal_identify_this': 0, 'QuestionKeyword_signal_what_is': 0, 'QuestionKeyword_signal_who_is': 0, 'QuestionKeyword_signal_this_author': 0, 'QuestionKeyword_signal_this_work': 0, 'QuestionKeyword_signal_this_character': 0, 'QuestionKeyword_signal_this_person': 0, 'QuestionKeyword_signal_this_country': 0, 'QuestionKeyword_signal_this_battle': 0, 'QuestionKeyword_signal_this_composer': 0, 'QuestionKeyword_signal_this_painting': 0, 'GuessQuality_proper_noun': 1, 'GuessQuality_single_word': 0, 'GuessQuality_has_title_case': 0, 'AnswerType_expects_person': 0, 'AnswerType_expects_work': 0, 'AnswerType_expects_place': 0, 'final': np.False_}"
