final,page,weight,sentence,word,question,evidence,correctness
False,[HIDDEN],0.4,0,7,1,"{'confidence': 0.4, 'final': False, 'ground_truth': 'Franz Kafka', 'is_correct': False}",False
False,[HIDDEN],0.3,0,14,1,"{'confidence': 0.3, 'final': False, 'ground_truth': 'Franz Kafka', 'is_correct': False}",False
False,[HIDDEN],0.6,0,21,1,"{'confidence': 0.6, 'final': False, 'ground_truth': 'Franz Kafka', 'is_correct': False}",False
False,[HIDDEN],0.4,0,28,1,"{'confidence': 0.4, 'final': False, 'ground_truth': 'Franz Kafka', 'is_correct': False}",False
False,[HIDDEN],0.4,1,0,1,"{'confidence': 0.4, 'final': False, 'ground_truth': 'Franz Kafka', 'is_correct': False}",False
False,[HIDDEN],0.4,1,7,1,"{'confidence': 0.4, 'final': False, 'ground_truth': 'Franz Kafka', 'is_correct': False}",False
False,[HIDDEN],0.4,1,14,1,"{'confidence': 0.4, 'final': False, 'ground_truth': 'Franz Kafka', 'is_correct': False}",False
False,[HIDDEN],0.4,1,21,1,"{'confidence': 0.4, 'final': False, 'ground_truth': 'Franz Kafka', 'is_correct': False}",False
False,[HIDDEN],0.4,2,0,1,"{'confidence': 0.4, 'final': False, 'ground_truth': 'Franz Kafka', 'is_correct': False}",False
False,[HIDDEN],0.6,2,7,1,"{'confidence': 0.6, 'final': False, 'ground_truth': 'Franz Kafka', 'is_correct': False}",False
False,[HIDDEN],0.6,2,14,1,"{'confidence': 0.6, 'final': False, 'ground_truth': 'Franz Kafka', 'is_correct': False}",False
False,[HIDDEN],0.3,3,0,1,"{'confidence': 0.3, 'final': False, 'ground_truth': 'Franz Kafka', 'is_correct': False}",False
False,[HIDDEN],0.6,3,7,1,"{'confidence': 0.6, 'final': False, 'ground_truth': 'Franz Kafka', 'is_correct': True}",True
False,[HIDDEN],0.7,3,14,1,"{'confidence': 0.7, 'final': False, 'ground_truth': 'Franz Kafka', 'is_correct': True}",True
True,Franz Kafka,0.8,4,0,1,"{'confidence': 0.8, 'final': True, 'ground_truth': 'Franz Kafka', 'is_correct': True}",True
True,Franz Kafka,0.9,0,0,1,"{'confidence': 0.9, 'final': True, 'ground_truth': 'Franz Kafka', 'is_correct': True}",True
False,[HIDDEN],0.4,0,7,2,"{'confidence': 0.4, 'final': False, 'ground_truth': 'Israel Defense Forces (IDF)', 'is_correct': False}",False
False,[HIDDEN],0.7,0,14,2,"{'confidence': 0.7, 'final': False, 'ground_truth': 'Israel Defense Forces (IDF)', 'is_correct': True}",True
False,[HIDDEN],0.6,1,0,2,"{'confidence': 0.6, 'final': False, 'ground_truth': 'Israel Defense Forces (IDF)', 'is_correct': True}",True
False,[HIDDEN],0.6,1,7,2,"{'confidence': 0.6, 'final': False, 'ground_truth': 'Israel Defense Forces (IDF)', 'is_correct': True}",True
False,[HIDDEN],0.7,1,14,2,"{'confidence': 0.7, 'final': False, 'ground_truth': 'Israel Defense Forces (IDF)', 'is_correct': True}",True
True,Israel Defense Forces (IDF),0.8,1,15,2,"{'confidence': 0.8, 'final': True, 'ground_truth': 'Israel Defense Forces (IDF)', 'is_correct': True}",True
True,Israel Defense Forces (IDF),0.9,7,7,2,"{'confidence': 0.9, 'final': True, 'ground_truth': 'Israel Defense Forces (IDF)', 'is_correct': True}",True
False,[HIDDEN],0.4,0,7,3,"{'confidence': 0.4, 'final': False, 'ground_truth': 'bones', 'is_correct': False}",False
False,[HIDDEN],0.6,0,14,3,"{'confidence': 0.6, 'final': False, 'ground_truth': 'bones', 'is_correct': False}",False
False,[HIDDEN],0.7,1,0,3,"{'confidence': 0.7, 'final': False, 'ground_truth': 'bones', 'is_correct': False}",False
False,[HIDDEN],0.7,1,7,3,"{'confidence': 0.7, 'final': False, 'ground_truth': 'bones', 'is_correct': False}",False
False,[HIDDEN],0.4,1,14,3,"{'confidence': 0.4, 'final': False, 'ground_truth': 'bones', 'is_correct': False}",False
False,[HIDDEN],0.7,1,21,3,"{'confidence': 0.7, 'final': False, 'ground_truth': 'bones', 'is_correct': False}",False
False,[HIDDEN],0.7,2,0,3,"{'confidence': 0.7, 'final': False, 'ground_truth': 'bones', 'is_correct': False}",False
True,skis,-0.8,2,7,3,"{'confidence': 0.8, 'final': True, 'ground_truth': 'bones', 'is_correct': False}",False
True,bones,0.85,0,7,3,"{'confidence': 0.85, 'final': True, 'ground_truth': 'bones', 'is_correct': True}",True
False,[HIDDEN],0.6,0,7,4,"{'confidence': 0.6, 'final': False, 'ground_truth': 'evolution', 'is_correct': False}",False
False,[HIDDEN],0.6,0,14,4,"{'confidence': 0.6, 'final': False, 'ground_truth': 'evolution', 'is_correct': False}",False
False,[HIDDEN],0.6,0,21,4,"{'confidence': 0.6, 'final': False, 'ground_truth': 'evolution', 'is_correct': False}",False
False,[HIDDEN],0.6,1,0,4,"{'confidence': 0.6, 'final': False, 'ground_truth': 'evolution', 'is_correct': True}",True
False,[HIDDEN],0.6,1,7,4,"{'confidence': 0.6, 'final': False, 'ground_truth': 'evolution', 'is_correct': True}",True
False,[HIDDEN],0.6,1,14,4,"{'confidence': 0.6, 'final': False, 'ground_truth': 'evolution', 'is_correct': True}",True
False,[HIDDEN],0.6,2,0,4,"{'confidence': 0.6, 'final': False, 'ground_truth': 'evolution', 'is_correct': True}",True
False,[HIDDEN],0.6,2,7,4,"{'confidence': 0.6, 'final': False, 'ground_truth': 'evolution', 'is_correct': True}",True
False,[HIDDEN],0.7,2,14,4,"{'confidence': 0.7, 'final': False, 'ground_truth': 'evolution', 'is_correct': True}",True
True,evolutionary stable strategy,0.8,2,21,4,"{'confidence': 0.8, 'final': True, 'ground_truth': 'evolution', 'is_correct': True}",True
True,evolution,0.9,0,21,4,"{'confidence': 0.9, 'final': True, 'ground_truth': 'evolution', 'is_correct': True}",True
False,[HIDDEN],0.4,0,7,5,"{'confidence': 0.4, 'final': False, 'ground_truth': 'Otto', 'is_correct': False}",False
False,[HIDDEN],0.6,0,14,5,"{'confidence': 0.6, 'final': False, 'ground_truth': 'Otto', 'is_correct': False}",False
False,[HIDDEN],0.6,1,0,5,"{'confidence': 0.6, 'final': False, 'ground_truth': 'Otto', 'is_correct': False}",False
False,[HIDDEN],0.4,1,7,5,"{'confidence': 0.4, 'final': False, 'ground_truth': 'Otto', 'is_correct': False}",False
False,[HIDDEN],0.4,1,14,5,"{'confidence': 0.4, 'final': False, 'ground_truth': 'Otto', 'is_correct': False}",False
False,[HIDDEN],0.6,2,0,5,"{'confidence': 0.6, 'final': False, 'ground_truth': 'Otto', 'is_correct': False}",False
False,[HIDDEN],0.5,2,7,5,"{'confidence': 0.5, 'final': False, 'ground_truth': 'Otto', 'is_correct': False}",False
False,[HIDDEN],0.6,2,14,5,"{'confidence': 0.6, 'final': False, 'ground_truth': 'Otto', 'is_correct': False}",False
False,[HIDDEN],0.7,2,21,5,"{'confidence': 0.7, 'final': False, 'ground_truth': 'Otto', 'is_correct': False}",False
False,[HIDDEN],0.6,3,0,5,"{'confidence': 0.6, 'final': False, 'ground_truth': 'Otto', 'is_correct': False}",False
False,[HIDDEN],0.6,3,7,5,"{'confidence': 0.6, 'final': False, 'ground_truth': 'Otto', 'is_correct': False}",False
False,[HIDDEN],0.7,3,14,5,"{'confidence': 0.7, 'final': False, 'ground_truth': 'Otto', 'is_correct': True}",True
False,[HIDDEN],0.7,4,0,5,"{'confidence': 0.7, 'final': False, 'ground_truth': 'Otto', 'is_correct': True}",True
False,[HIDDEN],0.7,4,7,5,"{'confidence': 0.7, 'final': False, 'ground_truth': 'Otto', 'is_correct': True}",True
False,[HIDDEN],0.7,4,14,5,"{'confidence': 0.7, 'final': False, 'ground_truth': 'Otto', 'is_correct': True}",True
True,Otto,0.8,5,0,5,"{'confidence': 0.8, 'final': True, 'ground_truth': 'Otto', 'is_correct': True}",True
True,Otto,0.9,6,17,5,"{'confidence': 0.9, 'final': True, 'ground_truth': 'Otto', 'is_correct': True}",True
False,[HIDDEN],0.5,0,7,6,"{'confidence': 0.5, 'final': False, 'ground_truth': 'Monogatari', 'is_correct': False}",False
False,[HIDDEN],0.4,0,14,6,"{'confidence': 0.4, 'final': False, 'ground_truth': 'Monogatari', 'is_correct': False}",False
False,[HIDDEN],0.4,0,21,6,"{'confidence': 0.4, 'final': False, 'ground_truth': 'Monogatari', 'is_correct': False}",False
False,[HIDDEN],0.4,1,0,6,"{'confidence': 0.4, 'final': False, 'ground_truth': 'Monogatari', 'is_correct': False}",False
False,[HIDDEN],0.4,1,7,6,"{'confidence': 0.4, 'final': False, 'ground_truth': 'Monogatari', 'is_correct': False}",False
False,[HIDDEN],0.6,1,14,6,"{'confidence': 0.6, 'final': False, 'ground_truth': 'Monogatari', 'is_correct': False}",False
False,[HIDDEN],0.6,1,21,6,"{'confidence': 0.6, 'final': False, 'ground_truth': 'Monogatari', 'is_correct': False}",False
False,[HIDDEN],0.4,2,0,6,"{'confidence': 0.4, 'final': False, 'ground_truth': 'Monogatari', 'is_correct': False}",False
False,[HIDDEN],0.6,2,7,6,"{'confidence': 0.6, 'final': False, 'ground_truth': 'Monogatari', 'is_correct': False}",False
False,[HIDDEN],0.7,2,14,6,"{'confidence': 0.7, 'final': False, 'ground_truth': 'Monogatari', 'is_correct': False}",False
False,[HIDDEN],0.4,2,21,6,"{'confidence': 0.4, 'final': False, 'ground_truth': 'Monogatari', 'is_correct': True}",True
False,[HIDDEN],0.6,3,0,6,"{'confidence': 0.6, 'final': False, 'ground_truth': 'Monogatari', 'is_correct': True}",True
False,[HIDDEN],0.6,3,7,6,"{'confidence': 0.6, 'final': False, 'ground_truth': 'Monogatari', 'is_correct': True}",True
False,[HIDDEN],0.6,4,0,6,"{'confidence': 0.6, 'final': False, 'ground_truth': 'Monogatari', 'is_correct': True}",True
False,[HIDDEN],0.4,4,7,6,"{'confidence': 0.4, 'final': False, 'ground_truth': 'Monogatari', 'is_correct': True}",True
False,[HIDDEN],0.4,4,14,6,"{'confidence': 0.4, 'final': False, 'ground_truth': 'Monogatari', 'is_correct': True}",True
False,[HIDDEN],0.6,4,21,6,"{'confidence': 0.6, 'final': False, 'ground_truth': 'Monogatari', 'is_correct': True}",True
False,[HIDDEN],0.4,4,28,6,"{'confidence': 0.4, 'final': False, 'ground_truth': 'Monogatari', 'is_correct': True}",True
False,[HIDDEN],0.6,4,31,6,"{'confidence': 0.6, 'final': False, 'ground_truth': 'Monogatari', 'is_correct': True}",True
False,[HIDDEN],0.3,5,6,6,"{'confidence': 0.3, 'final': False, 'ground_truth': 'Monogatari', 'is_correct': True}",True
True, Monogatari,0.6,5,13,6,"{'confidence': 0.6, 'final': False, 'ground_truth': 'Monogatari', 'is_correct': True}",True
True, Monogatari,0.6,5,20,6,"{'confidence': 0.6, 'final': False, 'ground_truth': 'Monogatari', 'is_correct': True}",True
True, Monogatari,0.6,5,23,6,"{'confidence': 0.6, 'final': False, 'ground_truth': 'Monogatari', 'is_correct': True}",True
False,[HIDDEN],0.3,0,7,7,"{'confidence': 0.3, 'final': False, 'ground_truth': 'totalitarianism', 'is_correct': False}",False
False,[HIDDEN],0.4,0,14,7,"{'confidence': 0.4, 'final': False, 'ground_truth': 'totalitarianism', 'is_correct': False}",False
False,[HIDDEN],0.4,1,0,7,"{'confidence': 0.4, 'final': False, 'ground_truth': 'totalitarianism', 'is_correct': False}",False
False,[HIDDEN],0.4,1,7,7,"{'confidence': 0.4, 'final': False, 'ground_truth': 'totalitarianism', 'is_correct': False}",False
False,[HIDDEN],0.4,1,14,7,"{'confidence': 0.4, 'final': False, 'ground_truth': 'totalitarianism', 'is_correct': False}",False
False,[HIDDEN],0.4,1,19,7,"{'confidence': 0.4, 'final': False, 'ground_truth': 'totalitarianism', 'is_correct': False}",False
False,[HIDDEN],0.4,2,6,7,"{'confidence': 0.4, 'final': False, 'ground_truth': 'totalitarianism', 'is_correct': False}",False
False,[HIDDEN],0.3,2,13,7,"{'confidence': 0.3, 'final': False, 'ground_truth': 'totalitarianism', 'is_correct': False}",False
False,[HIDDEN],0.4,2,16,7,"{'confidence': 0.4, 'final': False, 'ground_truth': 'totalitarianism', 'is_correct': False}",False
False,[HIDDEN],0.4,3,6,7,"{'confidence': 0.4, 'final': False, 'ground_truth': 'totalitarianism', 'is_correct': True}",True
False,[HIDDEN],0.6,3,12,7,"{'confidence': 0.6, 'final': False, 'ground_truth': 'totalitarianism', 'is_correct': True}",True
False,[HIDDEN],0.7,4,6,7,"{'confidence': 0.7, 'final': False, 'ground_truth': 'totalitarianism', 'is_correct': True}",True
True,total institutions,0.85,4,13,7,"{'confidence': 0.85, 'final': True, 'ground_truth': 'totalitarianism', 'is_correct': True}",True
True,totalitarianism,0.9,6,15,7,"{'confidence': 0.9, 'final': True, 'ground_truth': 'totalitarianism', 'is_correct': True}",True
False,[HIDDEN],0.4,0,7,8,"{'confidence': 0.4, 'final': False, 'ground_truth': 'Mexican-American War', 'is_correct': False}",False
False,[HIDDEN],0.4,0,14,8,"{'confidence': 0.4, 'final': False, 'ground_truth': 'Mexican-American War', 'is_correct': False}",False
False,[HIDDEN],0.6,1,0,8,"{'confidence': 0.6, 'final': False, 'ground_truth': 'Mexican-American War', 'is_correct': False}",False
False,[HIDDEN],0.6,1,7,8,"{'confidence': 0.6, 'final': False, 'ground_truth': 'Mexican-American War', 'is_correct': True}",True
False,[HIDDEN],0.4,2,0,8,"{'confidence': 0.4, 'final': False, 'ground_truth': 'Mexican-American War', 'is_correct': True}",True
False,[HIDDEN],0.4,2,7,8,"{'confidence': 0.4, 'final': False, 'ground_truth': 'Mexican-American War', 'is_correct': True}",True
False,[HIDDEN],0.6,2,14,8,"{'confidence': 0.6, 'final': False, 'ground_truth': 'Mexican-American War', 'is_correct': True}",True
True,The Reform War,-0.8,2,21,8,"{'confidence': 0.8, 'final': True, 'ground_truth': 'Mexican-American War', 'is_correct': False}",False
True,Mexican-American War,0.9,6,21,8,"{'confidence': 0.9, 'final': True, 'ground_truth': 'Mexican-American War', 'is_correct': True}",True
False,[HIDDEN],0.3,0,7,9,"{'confidence': 0.3, 'final': False, 'ground_truth': ""A Midsummer Night's Dream"", 'is_correct': False}",False
False,[HIDDEN],0.3,0,14,9,"{'confidence': 0.3, 'final': False, 'ground_truth': ""A Midsummer Night's Dream"", 'is_correct': False}",False
False,[HIDDEN],0.4,0,21,9,"{'confidence': 0.4, 'final': False, 'ground_truth': ""A Midsummer Night's Dream"", 'is_correct': False}",False
False,[HIDDEN],0.4,1,0,9,"{'confidence': 0.4, 'final': False, 'ground_truth': ""A Midsummer Night's Dream"", 'is_correct': False}",False
False,[HIDDEN],0.4,1,7,9,"{'confidence': 0.4, 'final': False, 'ground_truth': ""A Midsummer Night's Dream"", 'is_correct': False}",False
False,[HIDDEN],0.4,1,14,9,"{'confidence': 0.4, 'final': False, 'ground_truth': ""A Midsummer Night's Dream"", 'is_correct': False}",False
False,[HIDDEN],0.6,1,18,9,"{'confidence': 0.6, 'final': False, 'ground_truth': ""A Midsummer Night's Dream"", 'is_correct': False}",False
False,[HIDDEN],0.4,2,6,9,"{'confidence': 0.4, 'final': False, 'ground_truth': ""A Midsummer Night's Dream"", 'is_correct': False}",False
False,[HIDDEN],0.4,2,13,9,"{'confidence': 0.4, 'final': False, 'ground_truth': ""A Midsummer Night's Dream"", 'is_correct': False}",False
False,[HIDDEN],0.4,2,19,9,"{'confidence': 0.4, 'final': False, 'ground_truth': ""A Midsummer Night's Dream"", 'is_correct': False}",False
False,[HIDDEN],0.4,3,6,9,"{'confidence': 0.4, 'final': False, 'ground_truth': ""A Midsummer Night's Dream"", 'is_correct': False}",False
False,[HIDDEN],0.4,3,13,9,"{'confidence': 0.4, 'final': False, 'ground_truth': ""A Midsummer Night's Dream"", 'is_correct': False}",False
False,[HIDDEN],0.65,3,17,9,"{'confidence': 0.65, 'final': False, 'ground_truth': ""A Midsummer Night's Dream"", 'is_correct': True}",True
True,"""A Midsummer Night's Dream"" by Felix Mendelssohn",0.8,4,6,9,"{'confidence': 0.8, 'final': True, 'ground_truth': ""A Midsummer Night's Dream"", 'is_correct': True}",True
True,A Midsummer Night's Dream,0.9,5,13,9,"{'confidence': 0.9, 'final': True, 'ground_truth': ""A Midsummer Night's Dream"", 'is_correct': True}",True
False,[HIDDEN],0.6,0,7,10,"{'confidence': 0.6, 'final': False, 'ground_truth': 'chirality', 'is_correct': False}",False
False,[HIDDEN],0.6,0,14,10,"{'confidence': 0.6, 'final': False, 'ground_truth': 'chirality', 'is_correct': True}",True
False,[HIDDEN],0.7,0,21,10,"{'confidence': 0.7, 'final': False, 'ground_truth': 'chirality', 'is_correct': True}",True
False,[HIDDEN],0.7,1,0,10,"{'confidence': 0.7, 'final': False, 'ground_truth': 'chirality', 'is_correct': True}",True
False,[HIDDEN],0.7,1,7,10,"{'confidence': 0.7, 'final': False, 'ground_truth': 'chirality', 'is_correct': True}",True
False,[HIDDEN],0.7,2,0,10,"{'confidence': 0.7, 'final': False, 'ground_truth': 'chirality', 'is_correct': True}",True
False,[HIDDEN],0.7,2,7,10,"{'confidence': 0.7, 'final': False, 'ground_truth': 'chirality', 'is_correct': True}",True
False,[HIDDEN],0.7,3,0,10,"{'confidence': 0.7, 'final': False, 'ground_truth': 'chirality', 'is_correct': False}",False
False,[HIDDEN],0.7,3,7,10,"{'confidence': 0.7, 'final': False, 'ground_truth': 'chirality', 'is_correct': False}",False
True,parity,-0.8,4,0,10,"{'confidence': 0.8, 'final': True, 'ground_truth': 'chirality', 'is_correct': False}",False
True,chirality,0.85,0,0,10,"{'confidence': 0.85, 'final': True, 'ground_truth': 'chirality', 'is_correct': True}",True
False,[HIDDEN],0.4,0,7,11,"{'confidence': 0.4, 'final': False, 'ground_truth': 'wheat', 'is_correct': False}",False
False,[HIDDEN],0.6,1,0,11,"{'confidence': 0.6, 'final': False, 'ground_truth': 'wheat', 'is_correct': True}",True
False,[HIDDEN],0.6,1,7,11,"{'confidence': 0.6, 'final': False, 'ground_truth': 'wheat', 'is_correct': False}",False
True,wheat,0.8,2,0,11,"{'confidence': 0.8, 'final': True, 'ground_truth': 'wheat', 'is_correct': True}",True
True,wheat,0.9,0,0,11,"{'confidence': 0.9, 'final': True, 'ground_truth': 'wheat', 'is_correct': True}",True
False,[HIDDEN],0.3,0,7,12,"{'confidence': 0.3, 'final': False, 'ground_truth': 'Palladium', 'is_correct': False}",False
False,[HIDDEN],0.4,0,14,12,"{'confidence': 0.4, 'final': False, 'ground_truth': 'Palladium', 'is_correct': False}",False
False,[HIDDEN],0.7,1,0,12,"{'confidence': 0.7, 'final': False, 'ground_truth': 'Palladium', 'is_correct': False}",False
False,[HIDDEN],0.7,1,7,12,"{'confidence': 0.7, 'final': False, 'ground_truth': 'Palladium', 'is_correct': False}",False
False,[HIDDEN],0.6,2,0,12,"{'confidence': 0.6, 'final': False, 'ground_truth': 'Palladium', 'is_correct': False}",False
False,[HIDDEN],0.4,2,7,12,"{'confidence': 0.4, 'final': False, 'ground_truth': 'Palladium', 'is_correct': False}",False
False,[HIDDEN],0.7,2,14,12,"{'confidence': 0.7, 'final': False, 'ground_truth': 'Palladium', 'is_correct': True}",True
False,[HIDDEN],0.7,2,21,12,"{'confidence': 0.7, 'final': False, 'ground_truth': 'Palladium', 'is_correct': True}",True
False,[HIDDEN],0.7,3,0,12,"{'confidence': 0.7, 'final': False, 'ground_truth': 'Palladium', 'is_correct': True}",True
False,[HIDDEN],0.7,3,7,12,"{'confidence': 0.7, 'final': False, 'ground_truth': 'Palladium', 'is_correct': True}",True
True,Palladium,0.8,4,0,12,"{'confidence': 0.8, 'final': True, 'ground_truth': 'Palladium', 'is_correct': True}",True
True,Palladium,0.95,0,0,12,"{'confidence': 0.95, 'final': True, 'ground_truth': 'Palladium', 'is_correct': True}",True
False,[HIDDEN],0.6,0,7,13,"{'confidence': 0.6, 'final': False, 'ground_truth': 'Pablo Picasso', 'is_correct': False}",False
False,[HIDDEN],0.4,0,14,13,"{'confidence': 0.4, 'final': False, 'ground_truth': 'Pablo Picasso', 'is_correct': False}",False
False,[HIDDEN],0.6,0,21,13,"{'confidence': 0.6, 'final': False, 'ground_truth': 'Pablo Picasso', 'is_correct': False}",False
False,[HIDDEN],0.6,1,0,13,"{'confidence': 0.6, 'final': False, 'ground_truth': 'Pablo Picasso', 'is_correct': True}",True
False,[HIDDEN],0.4,1,7,13,"{'confidence': 0.4, 'final': False, 'ground_truth': 'Pablo Picasso', 'is_correct': False}",False
False,[HIDDEN],0.4,1,14,13,"{'confidence': 0.4, 'final': False, 'ground_truth': 'Pablo Picasso', 'is_correct': False}",False
False,[HIDDEN],0.4,2,0,13,"{'confidence': 0.4, 'final': False, 'ground_truth': 'Pablo Picasso', 'is_correct': False}",False
False,[HIDDEN],0.3,2,7,13,"{'confidence': 0.3, 'final': False, 'ground_truth': 'Pablo Picasso', 'is_correct': False}",False
False,[HIDDEN],0.4,2,14,13,"{'confidence': 0.4, 'final': False, 'ground_truth': 'Pablo Picasso', 'is_correct': False}",False
False,[HIDDEN],0.4,3,0,13,"{'confidence': 0.4, 'final': False, 'ground_truth': 'Pablo Picasso', 'is_correct': False}",False
False,[HIDDEN],0.4,3,7,13,"{'confidence': 0.4, 'final': False, 'ground_truth': 'Pablo Picasso', 'is_correct': False}",False
False,[HIDDEN],0.2,3,14,13,"{'confidence': 0.2, 'final': False, 'ground_truth': 'Pablo Picasso', 'is_correct': False}",False
False,[HIDDEN],0.3,4,0,13,"{'confidence': 0.3, 'final': False, 'ground_truth': 'Pablo Picasso', 'is_correct': False}",False
False,[HIDDEN],0.4,4,7,13,"{'confidence': 0.4, 'final': False, 'ground_truth': 'Pablo Picasso', 'is_correct': False}",False
False,[HIDDEN],0.3,4,14,13,"{'confidence': 0.3, 'final': False, 'ground_truth': 'Pablo Picasso', 'is_correct': False}",False
True,Pablo Picasso,0.8,5,0,13,"{'confidence': 0.8, 'final': True, 'ground_truth': 'Pablo Picasso', 'is_correct': True}",True
True,Pablo Picasso,0.95,0,0,13,"{'confidence': 0.95, 'final': True, 'ground_truth': 'Pablo Picasso', 'is_correct': True}",True
False,[HIDDEN],0.3,0,7,14,"{'confidence': 0.3, 'final': False, 'ground_truth': 'old age', 'is_correct': False}",False
False,[HIDDEN],0.4,0,14,14,"{'confidence': 0.4, 'final': False, 'ground_truth': 'old age', 'is_correct': False}",False
False,[HIDDEN],0.6,0,21,14,"{'confidence': 0.6, 'final': False, 'ground_truth': 'old age', 'is_correct': False}",False
False,[HIDDEN],0.4,1,0,14,"{'confidence': 0.4, 'final': False, 'ground_truth': 'old age', 'is_correct': False}",False
False,[HIDDEN],0.4,1,7,14,"{'confidence': 0.4, 'final': False, 'ground_truth': 'old age', 'is_correct': False}",False
False,[HIDDEN],0.4,1,14,14,"{'confidence': 0.4, 'final': False, 'ground_truth': 'old age', 'is_correct': False}",False
False,[HIDDEN],0.4,1,21,14,"{'confidence': 0.4, 'final': False, 'ground_truth': 'old age', 'is_correct': False}",False
False,[HIDDEN],0.6,1,28,14,"{'confidence': 0.6, 'final': False, 'ground_truth': 'old age', 'is_correct': False}",False
False,[HIDDEN],0.4,2,6,14,"{'confidence': 0.4, 'final': False, 'ground_truth': 'old age', 'is_correct': False}",False
False,[HIDDEN],0.4,2,13,14,"{'confidence': 0.4, 'final': False, 'ground_truth': 'old age', 'is_correct': False}",False
False,[HIDDEN],0.7,2,20,14,"{'confidence': 0.7, 'final': False, 'ground_truth': 'old age', 'is_correct': False}",False
False,[HIDDEN],0.4,2,22,14,"{'confidence': 0.4, 'final': False, 'ground_truth': 'old age', 'is_correct': False}",False
False,[HIDDEN],0.7,3,5,14,"{'confidence': 0.7, 'final': False, 'ground_truth': 'old age', 'is_correct': False}",False
False,[HIDDEN],0.7,3,12,14,"{'confidence': 0.7, 'final': False, 'ground_truth': 'old age', 'is_correct': False}",False
False,[HIDDEN],0.7,3,14,14,"{'confidence': 0.7, 'final': False, 'ground_truth': 'old age', 'is_correct': False}",False
False,[HIDDEN],0.3,4,5,14,"{'confidence': 0.3, 'final': False, 'ground_truth': 'old age', 'is_correct': False}",False
False,[HIDDEN],0.4,4,12,14,"{'confidence': 0.4, 'final': False, 'ground_truth': 'old age', 'is_correct': False}",False
True,age,-0.8,5,5,14,"{'confidence': 0.8, 'final': True, 'ground_truth': 'old age', 'is_correct': False}",False
True,old age,0.8,8,9,14,"{'confidence': 0.8, 'final': True, 'ground_truth': 'old age', 'is_correct': True}",True
False,[HIDDEN],0.4,0,7,15,"{'confidence': 0.4, 'final': False, 'ground_truth': 'Wicca', 'is_correct': False}",False
False,[HIDDEN],0.4,0,14,15,"{'confidence': 0.4, 'final': False, 'ground_truth': 'Wicca', 'is_correct': False}",False
False,[HIDDEN],0.4,1,0,15,"{'confidence': 0.4, 'final': False, 'ground_truth': 'Wicca', 'is_correct': False}",False
False,[HIDDEN],0.7,1,7,15,"{'confidence': 0.7, 'final': False, 'ground_truth': 'Wicca', 'is_correct': True}",True
False,[HIDDEN],0.7,2,0,15,"{'confidence': 0.7, 'final': False, 'ground_truth': 'Wicca', 'is_correct': True}",True
False,[HIDDEN],0.7,2,7,15,"{'confidence': 0.7, 'final': False, 'ground_truth': 'Wicca', 'is_correct': True}",True
False,[HIDDEN],0.7,2,14,15,"{'confidence': 0.7, 'final': False, 'ground_truth': 'Wicca', 'is_correct': True}",True
False,[HIDDEN],0.7,2,21,15,"{'confidence': 0.7, 'final': False, 'ground_truth': 'Wicca', 'is_correct': True}",True
True,Wicca,0.8,3,0,15,"{'confidence': 0.8, 'final': True, 'ground_truth': 'Wicca', 'is_correct': True}",True
True,Wicca,0.95,0,0,15,"{'confidence': 0.95, 'final': True, 'ground_truth': 'Wicca', 'is_correct': True}",True
False,[HIDDEN],0.4,0,7,16,"{'confidence': 0.4, 'final': False, 'ground_truth': 'dimension', 'is_correct': False}",False
False,[HIDDEN],0.4,0,14,16,"{'confidence': 0.4, 'final': False, 'ground_truth': 'dimension', 'is_correct': False}",False
False,[HIDDEN],0.4,0,21,16,"{'confidence': 0.4, 'final': False, 'ground_truth': 'dimension', 'is_correct': False}",False
False,[HIDDEN],0.3,0,28,16,"{'confidence': 0.3, 'final': False, 'ground_truth': 'dimension', 'is_correct': False}",False
False,[HIDDEN],0.6,1,0,16,"{'confidence': 0.6, 'final': False, 'ground_truth': 'dimension', 'is_correct': True}",True
False,[HIDDEN],0.6,1,7,16,"{'confidence': 0.6, 'final': False, 'ground_truth': 'dimension', 'is_correct': True}",True
False,[HIDDEN],0.6,1,14,16,"{'confidence': 0.6, 'final': False, 'ground_truth': 'dimension', 'is_correct': True}",True
False,[HIDDEN],0.7,1,21,16,"{'confidence': 0.7, 'final': False, 'ground_truth': 'dimension', 'is_correct': True}",True
False,[HIDDEN],0.7,1,28,16,"{'confidence': 0.7, 'final': False, 'ground_truth': 'dimension', 'is_correct': True}",True
False,[HIDDEN],0.6,2,0,16,"{'confidence': 0.6, 'final': False, 'ground_truth': 'dimension', 'is_correct': True}",True
False,[HIDDEN],0.6,2,7,16,"{'confidence': 0.6, 'final': False, 'ground_truth': 'dimension', 'is_correct': True}",True
False,[HIDDEN],0.65,3,0,16,"{'confidence': 0.65, 'final': False, 'ground_truth': 'dimension', 'is_correct': True}",True
False,[HIDDEN],0.7,3,7,16,"{'confidence': 0.7, 'final': False, 'ground_truth': 'dimension', 'is_correct': True}",True
False,[HIDDEN],0.7,3,14,16,"{'confidence': 0.7, 'final': False, 'ground_truth': 'dimension', 'is_correct': True}",True
True,dimension,0.85,4,0,16,"{'confidence': 0.85, 'final': True, 'ground_truth': 'dimension', 'is_correct': True}",True
True,dimension,0.9,0,0,16,"{'confidence': 0.9, 'final': True, 'ground_truth': 'dimension', 'is_correct': True}",True
False,[HIDDEN],0.2,0,7,17,"{'confidence': 0.2, 'final': False, 'ground_truth': 'Junot Díaz', 'is_correct': False}",False
False,[HIDDEN],0.3,0,14,17,"{'confidence': 0.3, 'final': False, 'ground_truth': 'Junot Díaz', 'is_correct': False}",False
False,[HIDDEN],0.7,0,21,17,"{'confidence': 0.7, 'final': False, 'ground_truth': 'Junot Díaz', 'is_correct': False}",False
False,[HIDDEN],0.7,1,0,17,"{'confidence': 0.7, 'final': False, 'ground_truth': 'Junot Díaz', 'is_correct': False}",False
False,[HIDDEN],0.4,1,7,17,"{'confidence': 0.4, 'final': False, 'ground_truth': 'Junot Díaz', 'is_correct': False}",False
False,[HIDDEN],0.7,1,14,17,"{'confidence': 0.7, 'final': False, 'ground_truth': 'Junot Díaz', 'is_correct': False}",False
False,[HIDDEN],0.7,1,21,17,"{'confidence': 0.7, 'final': False, 'ground_truth': 'Junot Díaz', 'is_correct': False}",False
False,[HIDDEN],0.7,2,0,17,"{'confidence': 0.7, 'final': False, 'ground_truth': 'Junot Díaz', 'is_correct': False}",False
False,[HIDDEN],0.7,2,7,17,"{'confidence': 0.7, 'final': False, 'ground_truth': 'Junot Díaz', 'is_correct': False}",False
False,[HIDDEN],0.7,2,14,17,"{'confidence': 0.7, 'final': False, 'ground_truth': 'Junot Díaz', 'is_correct': False}",False
False,[HIDDEN],0.7,2,21,17,"{'confidence': 0.7, 'final': False, 'ground_truth': 'Junot Díaz', 'is_correct': False}",False
True,Junot Díaz,0.8,2,28,17,"{'confidence': 0.8, 'final': True, 'ground_truth': 'Junot Díaz', 'is_correct': True}",True
True,Junot Díaz,0.9,4,20,17,"{'confidence': 0.9, 'final': True, 'ground_truth': 'Junot Díaz', 'is_correct': True}",True
False,[HIDDEN],0.4,0,7,18,"{'confidence': 0.4, 'final': False, 'ground_truth': 'Knickerbocker', 'is_correct': False}",False
False,[HIDDEN],0.7,0,14,18,"{'confidence': 0.7, 'final': False, 'ground_truth': 'Knickerbocker', 'is_correct': False}",False
False,[HIDDEN],0.7,0,21,18,"{'confidence': 0.7, 'final': False, 'ground_truth': 'Knickerbocker', 'is_correct': False}",False
False,[HIDDEN],0.7,1,0,18,"{'confidence': 0.7, 'final': False, 'ground_truth': 'Knickerbocker', 'is_correct': False}",False
False,[HIDDEN],0.3,1,7,18,"{'confidence': 0.3, 'final': False, 'ground_truth': 'Knickerbocker', 'is_correct': False}",False
False,[HIDDEN],0.4,1,14,18,"{'confidence': 0.4, 'final': False, 'ground_truth': 'Knickerbocker', 'is_correct': False}",False
False,[HIDDEN],0.6,2,0,18,"{'confidence': 0.6, 'final': False, 'ground_truth': 'Knickerbocker', 'is_correct': False}",False
False,[HIDDEN],0.4,2,7,18,"{'confidence': 0.4, 'final': False, 'ground_truth': 'Knickerbocker', 'is_correct': False}",False
False,[HIDDEN],0.7,2,14,18,"{'confidence': 0.7, 'final': False, 'ground_truth': 'Knickerbocker', 'is_correct': True}",True
False,[HIDDEN],0.7,2,21,18,"{'confidence': 0.7, 'final': False, 'ground_truth': 'Knickerbocker', 'is_correct': True}",True
False,[HIDDEN],0.7,3,0,18,"{'confidence': 0.7, 'final': False, 'ground_truth': 'Knickerbocker', 'is_correct': True}",True
False,[HIDDEN],0.5,3,7,18,"{'confidence': 0.5, 'final': False, 'ground_truth': 'Knickerbocker', 'is_correct': False}",False
False,[HIDDEN],0.4,3,14,18,"{'confidence': 0.4, 'final': False, 'ground_truth': 'Knickerbocker', 'is_correct': False}",False
False,[HIDDEN],0.7,3,21,18,"{'confidence': 0.7, 'final': False, 'ground_truth': 'Knickerbocker', 'is_correct': True}",True
False,[HIDDEN],0.7,4,0,18,"{'confidence': 0.7, 'final': False, 'ground_truth': 'Knickerbocker', 'is_correct': True}",True
False,[HIDDEN],0.7,4,7,18,"{'confidence': 0.7, 'final': False, 'ground_truth': 'Knickerbocker', 'is_correct': True}",True
False,[HIDDEN],0.7,4,14,18,"{'confidence': 0.7, 'final': False, 'ground_truth': 'Knickerbocker', 'is_correct': True}",True
False,[HIDDEN],0.7,5,0,18,"{'confidence': 0.7, 'final': False, 'ground_truth': 'Knickerbocker', 'is_correct': True}",True
False,[HIDDEN],0.7,5,7,18,"{'confidence': 0.7, 'final': False, 'ground_truth': 'Knickerbocker', 'is_correct': True}",True
True,Knickerbocker,0.8,5,14,18,"{'confidence': 0.8, 'final': True, 'ground_truth': 'Knickerbocker', 'is_correct': True}",True
True,Knickerbocker,0.9,0,14,18,"{'confidence': 0.9, 'final': True, 'ground_truth': 'Knickerbocker', 'is_correct': True}",True
False,[HIDDEN],0.4,0,7,19,"{'confidence': 0.4, 'final': False, 'ground_truth': 'Ireland', 'is_correct': False}",False
False,[HIDDEN],0.4,0,14,19,"{'confidence': 0.4, 'final': False, 'ground_truth': 'Ireland', 'is_correct': False}",False
False,[HIDDEN],0.4,0,21,19,"{'confidence': 0.4, 'final': False, 'ground_truth': 'Ireland', 'is_correct': False}",False
False,[HIDDEN],0.4,1,0,19,"{'confidence': 0.4, 'final': False, 'ground_truth': 'Ireland', 'is_correct': False}",False
False,[HIDDEN],0.4,1,7,19,"{'confidence': 0.4, 'final': False, 'ground_truth': 'Ireland', 'is_correct': False}",False
False,[HIDDEN],0.6,1,14,19,"{'confidence': 0.6, 'final': False, 'ground_truth': 'Ireland', 'is_correct': False}",False
False,[HIDDEN],0.6,1,17,19,"{'confidence': 0.6, 'final': False, 'ground_truth': 'Ireland', 'is_correct': True}",True
False,[HIDDEN],0.6,2,6,19,"{'confidence': 0.6, 'final': False, 'ground_truth': 'Ireland', 'is_correct': False}",False
False,[HIDDEN],0.7,2,13,19,"{'confidence': 0.7, 'final': False, 'ground_truth': 'Ireland', 'is_correct': False}",False
False,[HIDDEN],0.6,2,14,19,"{'confidence': 0.6, 'final': False, 'ground_truth': 'Ireland', 'is_correct': True}",True
False,[HIDDEN],0.6,3,6,19,"{'confidence': 0.6, 'final': False, 'ground_truth': 'Ireland', 'is_correct': True}",True
False,[HIDDEN],0.7,3,13,19,"{'confidence': 0.7, 'final': False, 'ground_truth': 'Ireland', 'is_correct': True}",True
False,[HIDDEN],0.7,3,17,19,"{'confidence': 0.7, 'final': False, 'ground_truth': 'Ireland', 'is_correct': True}",True
False,[HIDDEN],0.7,4,6,19,"{'confidence': 0.7, 'final': False, 'ground_truth': 'Ireland', 'is_correct': True}",True
True,Ireland,0.85,4,13,19,"{'confidence': 0.85, 'final': True, 'ground_truth': 'Ireland', 'is_correct': True}",True
True,Ireland,0.9,6,16,19,"{'confidence': 0.9, 'final': True, 'ground_truth': 'Ireland', 'is_correct': True}",True
False,[HIDDEN],0.4,0,7,20,"{'confidence': 0.4, 'final': False, 'ground_truth': 'Draco', 'is_correct': False}",False
False,[HIDDEN],0.7,0,14,20,"{'confidence': 0.7, 'final': False, 'ground_truth': 'Draco', 'is_correct': False}",False
False,[HIDDEN],0.7,0,21,20,"{'confidence': 0.7, 'final': False, 'ground_truth': 'Draco', 'is_correct': False}",False
True,Peisistratus,-0.8,1,0,20,"{'confidence': 0.8, 'final': True, 'ground_truth': 'Draco', 'is_correct': False}",False
True,Draco,0.85,0,0,20,"{'confidence': 0.85, 'final': True, 'ground_truth': 'Draco', 'is_correct': True}",True
False,[HIDDEN],0.4,0,7,21,"{'confidence': 0.4, 'final': False, 'ground_truth': 'conic sections', 'is_correct': False}",False
False,[HIDDEN],0.4,0,14,21,"{'confidence': 0.4, 'final': False, 'ground_truth': 'conic sections', 'is_correct': False}",False
False,[HIDDEN],0.4,1,0,21,"{'confidence': 0.4, 'final': False, 'ground_truth': 'conic sections', 'is_correct': False}",False
False,[HIDDEN],0.4,1,7,21,"{'confidence': 0.4, 'final': False, 'ground_truth': 'conic sections', 'is_correct': False}",False
False,[HIDDEN],0.4,2,0,21,"{'confidence': 0.4, 'final': False, 'ground_truth': 'conic sections', 'is_correct': False}",False
False,[HIDDEN],0.4,2,7,21,"{'confidence': 0.4, 'final': False, 'ground_truth': 'conic sections', 'is_correct': False}",False
False,[HIDDEN],0.7,3,0,21,"{'confidence': 0.7, 'final': False, 'ground_truth': 'conic sections', 'is_correct': False}",False
False,[HIDDEN],0.6,3,7,21,"{'confidence': 0.6, 'final': False, 'ground_truth': 'conic sections', 'is_correct': True}",True
False,[HIDDEN],0.6,3,14,21,"{'confidence': 0.6, 'final': False, 'ground_truth': 'conic sections', 'is_correct': False}",False
False,[HIDDEN],0.6,4,0,21,"{'confidence': 0.6, 'final': False, 'ground_truth': 'conic sections', 'is_correct': False}",False
False,[HIDDEN],0.7,4,7,21,"{'confidence': 0.7, 'final': False, 'ground_truth': 'conic sections', 'is_correct': True}",True
False,[HIDDEN],0.7,4,14,21,"{'confidence': 0.7, 'final': False, 'ground_truth': 'conic sections', 'is_correct': True}",True
True,cone,0.8,5,0,21,"{'confidence': 0.8, 'final': True, 'ground_truth': 'conic sections', 'is_correct': True}",True
True,conic sections,0.9,0,0,21,"{'confidence': 0.9, 'final': True, 'ground_truth': 'conic sections', 'is_correct': True}",True
False,[HIDDEN],0.7,0,7,22,"{'confidence': 0.7, 'final': False, 'ground_truth': 'Nathaniel Hawthorne', 'is_correct': False}",False
False,[HIDDEN],0.5,0,14,22,"{'confidence': 0.5, 'final': False, 'ground_truth': 'Nathaniel Hawthorne', 'is_correct': False}",False
False,[HIDDEN],0.4,0,21,22,"{'confidence': 0.4, 'final': False, 'ground_truth': 'Nathaniel Hawthorne', 'is_correct': False}",False
False,[HIDDEN],0.7,1,0,22,"{'confidence': 0.7, 'final': False, 'ground_truth': 'Nathaniel Hawthorne', 'is_correct': False}",False
False,[HIDDEN],0.6,1,7,22,"{'confidence': 0.6, 'final': False, 'ground_truth': 'Nathaniel Hawthorne', 'is_correct': False}",False
False,[HIDDEN],0.3,1,14,22,"{'confidence': 0.3, 'final': False, 'ground_truth': 'Nathaniel Hawthorne', 'is_correct': False}",False
False,[HIDDEN],0.6,1,21,22,"{'confidence': 0.6, 'final': False, 'ground_truth': 'Nathaniel Hawthorne', 'is_correct': False}",False
True,Thomas Hardy,0.8,1,28,22,"{'confidence': 0.8, 'final': True, 'ground_truth': 'Nathaniel Hawthorne', 'is_correct': False}",False
True,Nathaniel Hawthorne,0.9,5,0,22,"{'confidence': 0.9, 'final': True, 'ground_truth': 'Nathaniel Hawthorne', 'is_correct': True}",True
False,[HIDDEN],0.4,0,7,23,"{'confidence': 0.4, 'final': False, 'ground_truth': 'Vincent van Gogh', 'is_correct': False}",False
False,[HIDDEN],0.6,0,14,23,"{'confidence': 0.6, 'final': False, 'ground_truth': 'Vincent van Gogh', 'is_correct': False}",False
False,[HIDDEN],0.7,0,21,23,"{'confidence': 0.7, 'final': False, 'ground_truth': 'Vincent van Gogh', 'is_correct': False}",False
False,[HIDDEN],0.6,0,28,23,"{'confidence': 0.6, 'final': False, 'ground_truth': 'Vincent van Gogh', 'is_correct': False}",False
False,[HIDDEN],0.4,1,0,23,"{'confidence': 0.4, 'final': False, 'ground_truth': 'Vincent van Gogh', 'is_correct': False}",False
False,[HIDDEN],0.3,1,7,23,"{'confidence': 0.3, 'final': False, 'ground_truth': 'Vincent van Gogh', 'is_correct': False}",False
False,[HIDDEN],0.4,1,14,23,"{'confidence': 0.4, 'final': False, 'ground_truth': 'Vincent van Gogh', 'is_correct': False}",False
False,[HIDDEN],0.7,2,0,23,"{'confidence': 0.7, 'final': False, 'ground_truth': 'Vincent van Gogh', 'is_correct': False}",False
False,[HIDDEN],0.5,2,7,23,"{'confidence': 0.5, 'final': False, 'ground_truth': 'Vincent van Gogh', 'is_correct': False}",False
False,[HIDDEN],0.4,2,14,23,"{'confidence': 0.4, 'final': False, 'ground_truth': 'Vincent van Gogh', 'is_correct': False}",False
False,[HIDDEN],0.3,3,0,23,"{'confidence': 0.3, 'final': False, 'ground_truth': 'Vincent van Gogh', 'is_correct': False}",False
False,[HIDDEN],0.4,3,7,23,"{'confidence': 0.4, 'final': False, 'ground_truth': 'Vincent van Gogh', 'is_correct': False}",False
False,[HIDDEN],0.4,3,14,23,"{'confidence': 0.4, 'final': False, 'ground_truth': 'Vincent van Gogh', 'is_correct': True}",True
False,[HIDDEN],0.4,3,21,23,"{'confidence': 0.4, 'final': False, 'ground_truth': 'Vincent van Gogh', 'is_correct': False}",False
False,[HIDDEN],0.4,4,0,23,"{'confidence': 0.4, 'final': False, 'ground_truth': 'Vincent van Gogh', 'is_correct': True}",True
False,[HIDDEN],0.5,4,7,23,"{'confidence': 0.5, 'final': False, 'ground_truth': 'Vincent van Gogh', 'is_correct': True}",True
False,[HIDDEN],0.4,4,14,23,"{'confidence': 0.4, 'final': False, 'ground_truth': 'Vincent van Gogh', 'is_correct': True}",True
False,[HIDDEN],0.6,4,21,23,"{'confidence': 0.6, 'final': False, 'ground_truth': 'Vincent van Gogh', 'is_correct': True}",True
False,[HIDDEN],0.6,5,0,23,"{'confidence': 0.6, 'final': False, 'ground_truth': 'Vincent van Gogh', 'is_correct': True}",True
True,Vincent van Gogh,0.8,5,7,23,"{'confidence': 0.8, 'final': True, 'ground_truth': 'Vincent van Gogh', 'is_correct': True}",True
True,Vincent van Gogh,0.9,0,7,23,"{'confidence': 0.9, 'final': True, 'ground_truth': 'Vincent van Gogh', 'is_correct': True}",True
False,[HIDDEN],0.3,0,7,24,"{'confidence': 0.3, 'final': False, 'ground_truth': 'Berbers', 'is_correct': False}",False
False,[HIDDEN],0.4,0,14,24,"{'confidence': 0.4, 'final': False, 'ground_truth': 'Berbers', 'is_correct': False}",False
False,[HIDDEN],0.7,1,0,24,"{'confidence': 0.7, 'final': False, 'ground_truth': 'Berbers', 'is_correct': False}",False
False,[HIDDEN],0.7,1,7,24,"{'confidence': 0.7, 'final': False, 'ground_truth': 'Berbers', 'is_correct': True}",True
False,[HIDDEN],0.6,1,14,24,"{'confidence': 0.6, 'final': False, 'ground_truth': 'Berbers', 'is_correct': True}",True
False,[HIDDEN],0.7,2,0,24,"{'confidence': 0.7, 'final': False, 'ground_truth': 'Berbers', 'is_correct': True}",True
False,[HIDDEN],0.6,2,7,24,"{'confidence': 0.6, 'final': False, 'ground_truth': 'Berbers', 'is_correct': True}",True
True,Berbers,0.8,3,0,24,"{'confidence': 0.8, 'final': True, 'ground_truth': 'Berbers', 'is_correct': True}",True
True,Berbers,0.9,0,0,24,"{'confidence': 0.9, 'final': True, 'ground_truth': 'Berbers', 'is_correct': True}",True
False,[HIDDEN],0.4,0,7,25,"{'confidence': 0.4, 'final': False, 'ground_truth': 'France', 'is_correct': False}",False
False,[HIDDEN],0.6,0,14,25,"{'confidence': 0.6, 'final': False, 'ground_truth': 'France', 'is_correct': False}",False
False,[HIDDEN],0.6,1,0,25,"{'confidence': 0.6, 'final': False, 'ground_truth': 'France', 'is_correct': True}",True
False,[HIDDEN],0.7,1,7,25,"{'confidence': 0.7, 'final': False, 'ground_truth': 'France', 'is_correct': True}",True
False,[HIDDEN],0.7,1,14,25,"{'confidence': 0.7, 'final': False, 'ground_truth': 'France', 'is_correct': False}",False
False,[HIDDEN],0.7,1,21,25,"{'confidence': 0.7, 'final': False, 'ground_truth': 'France', 'is_correct': True}",True
False,[HIDDEN],0.7,2,0,25,"{'confidence': 0.7, 'final': False, 'ground_truth': 'France', 'is_correct': True}",True
False,[HIDDEN],0.7,2,7,25,"{'confidence': 0.7, 'final': False, 'ground_truth': 'France', 'is_correct': False}",False
False,[HIDDEN],0.6,2,14,25,"{'confidence': 0.6, 'final': False, 'ground_truth': 'France', 'is_correct': False}",False
False,[HIDDEN],0.6,2,21,25,"{'confidence': 0.6, 'final': False, 'ground_truth': 'France', 'is_correct': False}",False
False,[HIDDEN],0.7,3,0,25,"{'confidence': 0.7, 'final': False, 'ground_truth': 'France', 'is_correct': False}",False
False,[HIDDEN],0.7,3,7,25,"{'confidence': 0.7, 'final': False, 'ground_truth': 'France', 'is_correct': False}",False
False,[HIDDEN],0.7,3,14,25,"{'confidence': 0.7, 'final': False, 'ground_truth': 'France', 'is_correct': False}",False
False,[HIDDEN],0.7,4,0,25,"{'confidence': 0.7, 'final': False, 'ground_truth': 'France', 'is_correct': True}",True
False,[HIDDEN],0.6,4,7,25,"{'confidence': 0.6, 'final': False, 'ground_truth': 'France', 'is_correct': False}",False
True,France,0.8,4,14,25,"{'confidence': 0.8, 'final': True, 'ground_truth': 'France', 'is_correct': True}",True
True,France,0.9,0,14,25,"{'confidence': 0.9, 'final': True, 'ground_truth': 'France', 'is_correct': True}",True
False,[HIDDEN],0.2,0,7,26,"{'confidence': 0.2, 'final': False, 'ground_truth': 'necklace', 'is_correct': False}",False
False,[HIDDEN],0.4,0,14,26,"{'confidence': 0.4, 'final': False, 'ground_truth': 'necklace', 'is_correct': False}",False
False,[HIDDEN],0.3,0,21,26,"{'confidence': 0.3, 'final': False, 'ground_truth': 'necklace', 'is_correct': False}",False
False,[HIDDEN],0.4,1,0,26,"{'confidence': 0.4, 'final': False, 'ground_truth': 'necklace', 'is_correct': False}",False
False,[HIDDEN],0.3,1,7,26,"{'confidence': 0.3, 'final': False, 'ground_truth': 'necklace', 'is_correct': False}",False
False,[HIDDEN],0.6,1,14,26,"{'confidence': 0.6, 'final': False, 'ground_truth': 'necklace', 'is_correct': False}",False
False,[HIDDEN],0.6,1,21,26,"{'confidence': 0.6, 'final': False, 'ground_truth': 'necklace', 'is_correct': False}",False
False,[HIDDEN],0.6,1,28,26,"{'confidence': 0.6, 'final': False, 'ground_truth': 'necklace', 'is_correct': False}",False
False,[HIDDEN],0.7,2,0,26,"{'confidence': 0.7, 'final': False, 'ground_truth': 'necklace', 'is_correct': False}",False
False,[HIDDEN],0.4,2,7,26,"{'confidence': 0.4, 'final': False, 'ground_truth': 'necklace', 'is_correct': False}",False
False,[HIDDEN],0.7,2,14,26,"{'confidence': 0.7, 'final': False, 'ground_truth': 'necklace', 'is_correct': True}",True
False,[HIDDEN],0.7,3,0,26,"{'confidence': 0.7, 'final': False, 'ground_truth': 'necklace', 'is_correct': False}",False
False,[HIDDEN],0.7,3,7,26,"{'confidence': 0.7, 'final': False, 'ground_truth': 'necklace', 'is_correct': False}",False
True,necklace,0.8,3,14,26,"{'confidence': 0.8, 'final': True, 'ground_truth': 'necklace', 'is_correct': True}",True
True,necklace,0.9,0,14,26,"{'confidence': 0.9, 'final': True, 'ground_truth': 'necklace', 'is_correct': True}",True
False,[HIDDEN],0.4,0,7,27,"{'confidence': 0.4, 'final': False, 'ground_truth': 'pelvis', 'is_correct': False}",False
False,[HIDDEN],0.7,1,0,27,"{'confidence': 0.7, 'final': False, 'ground_truth': 'pelvis', 'is_correct': True}",True
False,[HIDDEN],0.7,1,7,27,"{'confidence': 0.7, 'final': False, 'ground_truth': 'pelvis', 'is_correct': True}",True
False,[HIDDEN],0.6,1,14,27,"{'confidence': 0.6, 'final': False, 'ground_truth': 'pelvis', 'is_correct': True}",True
False,[HIDDEN],0.7,2,0,27,"{'confidence': 0.7, 'final': False, 'ground_truth': 'pelvis', 'is_correct': True}",True
False,[HIDDEN],0.7,2,7,27,"{'confidence': 0.7, 'final': False, 'ground_truth': 'pelvis', 'is_correct': True}",True
True,pelvis,0.8,3,0,27,"{'confidence': 0.8, 'final': True, 'ground_truth': 'pelvis', 'is_correct': True}",True
True,pelvis,0.9,7,15,27,"{'confidence': 0.9, 'final': True, 'ground_truth': 'pelvis', 'is_correct': True}",True
False,[HIDDEN],0.4,0,7,28,"{'confidence': 0.4, 'final': False, 'ground_truth': 'Martin Heidegger', 'is_correct': False}",False
False,[HIDDEN],0.4,0,14,28,"{'confidence': 0.4, 'final': False, 'ground_truth': 'Martin Heidegger', 'is_correct': False}",False
False,[HIDDEN],0.4,0,21,28,"{'confidence': 0.4, 'final': False, 'ground_truth': 'Martin Heidegger', 'is_correct': False}",False
False,[HIDDEN],0.6,1,0,28,"{'confidence': 0.6, 'final': False, 'ground_truth': 'Martin Heidegger', 'is_correct': False}",False
False,[HIDDEN],0.4,1,7,28,"{'confidence': 0.4, 'final': False, 'ground_truth': 'Martin Heidegger', 'is_correct': False}",False
False,[HIDDEN],0.4,2,0,28,"{'confidence': 0.4, 'final': False, 'ground_truth': 'Martin Heidegger', 'is_correct': False}",False
False,[HIDDEN],0.6,2,7,28,"{'confidence': 0.6, 'final': False, 'ground_truth': 'Martin Heidegger', 'is_correct': True}",True
False,[HIDDEN],0.7,2,14,28,"{'confidence': 0.7, 'final': False, 'ground_truth': 'Martin Heidegger', 'is_correct': True}",True
False,[HIDDEN],0.7,3,0,28,"{'confidence': 0.7, 'final': False, 'ground_truth': 'Martin Heidegger', 'is_correct': True}",True
True,Martin Heidegger,0.75,3,7,28,"{'confidence': 0.75, 'final': True, 'ground_truth': 'Martin Heidegger', 'is_correct': True}",True
True,Martin Heidegger,0.95,6,13,28,"{'confidence': 0.95, 'final': True, 'ground_truth': 'Martin Heidegger', 'is_correct': True}",True
False,[HIDDEN],0.1,1,5,29,"{'confidence': 0.1, 'final': False, 'ground_truth': 'The Satanic Verses incident', 'is_correct': False}",False
False,[HIDDEN],0.3,1,12,29,"{'confidence': 0.3, 'final': False, 'ground_truth': 'The Satanic Verses incident', 'is_correct': False}",False
False,[HIDDEN],0.4,1,19,29,"{'confidence': 0.4, 'final': False, 'ground_truth': 'The Satanic Verses incident', 'is_correct': False}",False
False,[HIDDEN],0.6,2,0,29,"{'confidence': 0.6, 'final': False, 'ground_truth': 'The Satanic Verses incident', 'is_correct': False}",False
False,[HIDDEN],0.4,2,7,29,"{'confidence': 0.4, 'final': False, 'ground_truth': 'The Satanic Verses incident', 'is_correct': False}",False
False,[HIDDEN],0.4,3,0,29,"{'confidence': 0.4, 'final': False, 'ground_truth': 'The Satanic Verses incident', 'is_correct': False}",False
False,[HIDDEN],0.4,3,7,29,"{'confidence': 0.4, 'final': False, 'ground_truth': 'The Satanic Verses incident', 'is_correct': False}",False
False,[HIDDEN],0.4,3,14,29,"{'confidence': 0.4, 'final': False, 'ground_truth': 'The Satanic Verses incident', 'is_correct': False}",False
False,[HIDDEN],0.7,4,0,29,"{'confidence': 0.7, 'final': False, 'ground_truth': 'The Satanic Verses incident', 'is_correct': True}",True
False,[HIDDEN],0.7,4,7,29,"{'confidence': 0.7, 'final': False, 'ground_truth': 'The Satanic Verses incident', 'is_correct': True}",True
False,[HIDDEN],0.7,4,14,29,"{'confidence': 0.7, 'final': False, 'ground_truth': 'The Satanic Verses incident', 'is_correct': True}",True
False,[HIDDEN],0.6,5,0,29,"{'confidence': 0.6, 'final': False, 'ground_truth': 'The Satanic Verses incident', 'is_correct': True}",True
False,[HIDDEN],0.7,5,7,29,"{'confidence': 0.7, 'final': False, 'ground_truth': 'The Satanic Verses incident', 'is_correct': True}",True
False,[HIDDEN],0.7,5,14,29,"{'confidence': 0.7, 'final': False, 'ground_truth': 'The Satanic Verses incident', 'is_correct': True}",True
False,[HIDDEN],0.7,5,21,29,"{'confidence': 0.7, 'final': False, 'ground_truth': 'The Satanic Verses incident', 'is_correct': True}",True
False,[HIDDEN],0.7,6,0,29,"{'confidence': 0.7, 'final': False, 'ground_truth': 'The Satanic Verses incident', 'is_correct': True}",True
False,[HIDDEN],0.7,6,7,29,"{'confidence': 0.7, 'final': False, 'ground_truth': 'The Satanic Verses incident', 'is_correct': False}",False
True,Satanic Verses,0.8,6,14,29,"{'confidence': 0.8, 'final': True, 'ground_truth': 'The Satanic Verses incident', 'is_correct': True}",True
True,The Satanic Verses incident,0.9,0,14,29,"{'confidence': 0.9, 'final': True, 'ground_truth': 'The Satanic Verses incident', 'is_correct': True}",True
False,[HIDDEN],0.1,0,7,30,"{'confidence': 0.1, 'final': False, 'ground_truth': 'Blaise Pascal', 'is_correct': False}",False
False,[HIDDEN],0.6,0,14,30,"{'confidence': 0.6, 'final': False, 'ground_truth': 'Blaise Pascal', 'is_correct': False}",False
False,[HIDDEN],0.6,0,21,30,"{'confidence': 0.6, 'final': False, 'ground_truth': 'Blaise Pascal', 'is_correct': True}",True
False,[HIDDEN],0.7,0,28,30,"{'confidence': 0.7, 'final': False, 'ground_truth': 'Blaise Pascal', 'is_correct': True}",True
False,[HIDDEN],0.7,0,35,30,"{'confidence': 0.7, 'final': False, 'ground_truth': 'Blaise Pascal', 'is_correct': True}",True
False,[HIDDEN],0.7,1,0,30,"{'confidence': 0.7, 'final': False, 'ground_truth': 'Blaise Pascal', 'is_correct': True}",True
False,[HIDDEN],0.7,1,7,30,"{'confidence': 0.7, 'final': False, 'ground_truth': 'Blaise Pascal', 'is_correct': True}",True
True,Blaise Pascal,0.8,1,14,30,"{'confidence': 0.8, 'final': True, 'ground_truth': 'Blaise Pascal', 'is_correct': True}",True
True,Blaise Pascal,0.9,6,12,30,"{'confidence': 0.9, 'final': True, 'ground_truth': 'Blaise Pascal', 'is_correct': True}",True
False,[HIDDEN],0.4,0,7,31,"{'confidence': 0.4, 'final': False, 'ground_truth': ""The Monkey's Paw"", 'is_correct': False}",False
False,[HIDDEN],0.6,0,14,31,"{'confidence': 0.6, 'final': False, 'ground_truth': ""The Monkey's Paw"", 'is_correct': False}",False
False,[HIDDEN],0.7,0,21,31,"{'confidence': 0.7, 'final': False, 'ground_truth': ""The Monkey's Paw"", 'is_correct': False}",False
False,[HIDDEN],0.4,1,0,31,"{'confidence': 0.4, 'final': False, 'ground_truth': ""The Monkey's Paw"", 'is_correct': False}",False
False,[HIDDEN],0.4,1,7,31,"{'confidence': 0.4, 'final': False, 'ground_truth': ""The Monkey's Paw"", 'is_correct': False}",False
False,[HIDDEN],0.7,1,14,31,"{'confidence': 0.7, 'final': False, 'ground_truth': ""The Monkey's Paw"", 'is_correct': False}",False
False,[HIDDEN],0.7,1,21,31,"{'confidence': 0.7, 'final': False, 'ground_truth': ""The Monkey's Paw"", 'is_correct': False}",False
True,The Monkey's Paw,0.9,1,28,31,"{'confidence': 0.9, 'final': True, 'ground_truth': ""The Monkey's Paw"", 'is_correct': True}",True
True,The Monkey's Paw,0.9,8,5,31,"{'confidence': 0.9, 'final': True, 'ground_truth': ""The Monkey's Paw"", 'is_correct': True}",True
False,[HIDDEN],0.6,0,7,32,"{'confidence': 0.6, 'final': False, 'ground_truth': 'ships', 'is_correct': False}",False
False,[HIDDEN],0.4,0,14,32,"{'confidence': 0.4, 'final': False, 'ground_truth': 'ships', 'is_correct': False}",False
False,[HIDDEN],0.4,0,21,32,"{'confidence': 0.4, 'final': False, 'ground_truth': 'ships', 'is_correct': False}",False
False,[HIDDEN],0.7,1,0,32,"{'confidence': 0.7, 'final': False, 'ground_truth': 'ships', 'is_correct': False}",False
False,[HIDDEN],0.3,1,7,32,"{'confidence': 0.3, 'final': False, 'ground_truth': 'ships', 'is_correct': False}",False
False,[HIDDEN],0.6,1,14,32,"{'confidence': 0.6, 'final': False, 'ground_truth': 'ships', 'is_correct': False}",False
False,[HIDDEN],0.4,1,21,32,"{'confidence': 0.4, 'final': False, 'ground_truth': 'ships', 'is_correct': False}",False
False,[HIDDEN],0.4,1,28,32,"{'confidence': 0.4, 'final': False, 'ground_truth': 'ships', 'is_correct': False}",False
False,[HIDDEN],0.4,2,0,32,"{'confidence': 0.4, 'final': False, 'ground_truth': 'ships', 'is_correct': False}",False
False,[HIDDEN],0.4,2,7,32,"{'confidence': 0.4, 'final': False, 'ground_truth': 'ships', 'is_correct': True}",True
False,[HIDDEN],0.6,3,0,32,"{'confidence': 0.6, 'final': False, 'ground_truth': 'ships', 'is_correct': True}",True
True,ships,0.8,3,7,32,"{'confidence': 0.8, 'final': True, 'ground_truth': 'ships', 'is_correct': True}",True
True,ships,0.95,0,7,32,"{'confidence': 0.95, 'final': True, 'ground_truth': 'ships', 'is_correct': True}",True
False,[HIDDEN],0.3,0,7,33,"{'confidence': 0.3, 'final': False, 'ground_truth': 'NCAA', 'is_correct': False}",False
False,[HIDDEN],0.4,0,14,33,"{'confidence': 0.4, 'final': False, 'ground_truth': 'NCAA', 'is_correct': False}",False
False,[HIDDEN],0.4,0,21,33,"{'confidence': 0.4, 'final': False, 'ground_truth': 'NCAA', 'is_correct': False}",False
False,[HIDDEN],0.7,2,0,33,"{'confidence': 0.7, 'final': False, 'ground_truth': 'NCAA', 'is_correct': False}",False
False,[HIDDEN],0.7,2,7,33,"{'confidence': 0.7, 'final': False, 'ground_truth': 'NCAA', 'is_correct': False}",False
False,[HIDDEN],0.7,2,14,33,"{'confidence': 0.7, 'final': False, 'ground_truth': 'NCAA', 'is_correct': False}",False
False,[HIDDEN],0.7,2,21,33,"{'confidence': 0.7, 'final': False, 'ground_truth': 'NCAA', 'is_correct': False}",False
False,[HIDDEN],0.7,3,0,33,"{'confidence': 0.7, 'final': False, 'ground_truth': 'NCAA', 'is_correct': False}",False
True,NCAA,-0.8,4,0,33,"{'confidence': 0.8, 'final': True, 'ground_truth': 'NCAA', 'is_correct': False}",False
True,NCAA,-0.9,0,0,33,"{'confidence': 0.9, 'final': True, 'ground_truth': 'NCAA', 'is_correct': False}",False
False,[HIDDEN],0.3,1,4,34,"{'confidence': 0.3, 'final': False, 'ground_truth': 'putsch', 'is_correct': False}",False
False,[HIDDEN],0.4,1,11,34,"{'confidence': 0.4, 'final': False, 'ground_truth': 'putsch', 'is_correct': False}",False
False,[HIDDEN],0.4,1,18,34,"{'confidence': 0.4, 'final': False, 'ground_truth': 'putsch', 'is_correct': False}",False
False,[HIDDEN],0.4,2,0,34,"{'confidence': 0.4, 'final': False, 'ground_truth': 'putsch', 'is_correct': False}",False
False,[HIDDEN],0.4,2,7,34,"{'confidence': 0.4, 'final': False, 'ground_truth': 'putsch', 'is_correct': False}",False
False,[HIDDEN],0.4,2,14,34,"{'confidence': 0.4, 'final': False, 'ground_truth': 'putsch', 'is_correct': False}",False
False,[HIDDEN],0.7,3,0,34,"{'confidence': 0.7, 'final': False, 'ground_truth': 'putsch', 'is_correct': False}",False
False,[HIDDEN],0.6,3,7,34,"{'confidence': 0.6, 'final': False, 'ground_truth': 'putsch', 'is_correct': False}",False
False,[HIDDEN],0.6,3,14,34,"{'confidence': 0.6, 'final': False, 'ground_truth': 'putsch', 'is_correct': False}",False
False,[HIDDEN],0.6,3,21,34,"{'confidence': 0.6, 'final': False, 'ground_truth': 'putsch', 'is_correct': False}",False
False,[HIDDEN],0.7,4,0,34,"{'confidence': 0.7, 'final': False, 'ground_truth': 'putsch', 'is_correct': False}",False
True,Kapp Putsch,0.8,4,7,34,"{'confidence': 0.8, 'final': True, 'ground_truth': 'putsch', 'is_correct': True}",True
True,putsch,0.8,0,7,34,"{'confidence': 0.8, 'final': True, 'ground_truth': 'putsch', 'is_correct': True}",True
False,[HIDDEN],0.4,0,7,35,"{'confidence': 0.4, 'final': False, 'ground_truth': 'drums', 'is_correct': False}",False
True,guitar,-0.8,0,14,35,"{'confidence': 0.8, 'final': True, 'ground_truth': 'drums', 'is_correct': False}",False
True,drums,0.9,7,0,35,"{'confidence': 0.9, 'final': True, 'ground_truth': 'drums', 'is_correct': True}",True
False,[HIDDEN],0.3,0,7,36,"{'confidence': 0.3, 'final': False, 'ground_truth': 'Java', 'is_correct': False}",False
False,[HIDDEN],0.6,1,1,36,"{'confidence': 0.6, 'final': False, 'ground_truth': 'Java', 'is_correct': False}",False
False,[HIDDEN],0.6,1,8,36,"{'confidence': 0.6, 'final': False, 'ground_truth': 'Java', 'is_correct': False}",False
False,[HIDDEN],0.6,1,15,36,"{'confidence': 0.6, 'final': False, 'ground_truth': 'Java', 'is_correct': False}",False
False,[HIDDEN],0.6,2,0,36,"{'confidence': 0.6, 'final': False, 'ground_truth': 'Java', 'is_correct': False}",False
False,[HIDDEN],0.7,2,7,36,"{'confidence': 0.7, 'final': False, 'ground_truth': 'Java', 'is_correct': False}",False
True,Java,0.8,3,0,36,"{'confidence': 0.8, 'final': True, 'ground_truth': 'Java', 'is_correct': True}",True
True,Java,0.9,0,0,36,"{'confidence': 0.9, 'final': True, 'ground_truth': 'Java', 'is_correct': True}",True
False,[HIDDEN],0.7,0,7,37,"{'confidence': 0.7, 'final': False, 'ground_truth': 'Russia', 'is_correct': False}",False
False,[HIDDEN],0.7,0,14,37,"{'confidence': 0.7, 'final': False, 'ground_truth': 'Russia', 'is_correct': True}",True
False,[HIDDEN],0.5,0,21,37,"{'confidence': 0.5, 'final': False, 'ground_truth': 'Russia', 'is_correct': True}",True
False,[HIDDEN],0.7,1,0,37,"{'confidence': 0.7, 'final': False, 'ground_truth': 'Russia', 'is_correct': True}",True
False,[HIDDEN],0.7,1,7,37,"{'confidence': 0.7, 'final': False, 'ground_truth': 'Russia', 'is_correct': True}",True
False,[HIDDEN],0.7,1,14,37,"{'confidence': 0.7, 'final': False, 'ground_truth': 'Russia', 'is_correct': True}",True
False,[HIDDEN],0.7,2,0,37,"{'confidence': 0.7, 'final': False, 'ground_truth': 'Russia', 'is_correct': True}",True
False,[HIDDEN],0.6,2,7,37,"{'confidence': 0.6, 'final': False, 'ground_truth': 'Russia', 'is_correct': True}",True
True,Russia,0.8,2,14,37,"{'confidence': 0.8, 'final': True, 'ground_truth': 'Russia', 'is_correct': True}",True
True,Russia,0.9,5,14,37,"{'confidence': 0.9, 'final': True, 'ground_truth': 'Russia', 'is_correct': True}",True
False,[HIDDEN],0.4,0,7,38,"{'confidence': 0.4, 'final': False, 'ground_truth': 'Fionn mac Cumhaill', 'is_correct': False}",False
False,[HIDDEN],0.4,1,0,38,"{'confidence': 0.4, 'final': False, 'ground_truth': 'Fionn mac Cumhaill', 'is_correct': False}",False
False,[HIDDEN],0.7,1,7,38,"{'confidence': 0.7, 'final': False, 'ground_truth': 'Fionn mac Cumhaill', 'is_correct': False}",False
False,[HIDDEN],0.6,1,14,38,"{'confidence': 0.6, 'final': False, 'ground_truth': 'Fionn mac Cumhaill', 'is_correct': False}",False
False,[HIDDEN],0.7,1,21,38,"{'confidence': 0.7, 'final': False, 'ground_truth': 'Fionn mac Cumhaill', 'is_correct': False}",False
False,[HIDDEN],0.7,2,0,38,"{'confidence': 0.7, 'final': False, 'ground_truth': 'Fionn mac Cumhaill', 'is_correct': True}",True
False,[HIDDEN],0.7,2,7,38,"{'confidence': 0.7, 'final': False, 'ground_truth': 'Fionn mac Cumhaill', 'is_correct': True}",True
False,[HIDDEN],0.6,2,14,38,"{'confidence': 0.6, 'final': False, 'ground_truth': 'Fionn mac Cumhaill', 'is_correct': False}",False
False,[HIDDEN],0.7,2,21,38,"{'confidence': 0.7, 'final': False, 'ground_truth': 'Fionn mac Cumhaill', 'is_correct': True}",True
True,Finn MacCool,0.9,3,0,38,"{'confidence': 0.9, 'final': True, 'ground_truth': 'Fionn mac Cumhaill', 'is_correct': True}",True
True,Fionn mac Cumhaill,0.9,0,0,38,"{'confidence': 0.9, 'final': True, 'ground_truth': 'Fionn mac Cumhaill', 'is_correct': True}",True
False,[HIDDEN],0.4,0,7,39,"{'confidence': 0.4, 'final': False, 'ground_truth': 'Little Rock', 'is_correct': False}",False
False,[HIDDEN],0.4,0,14,39,"{'confidence': 0.4, 'final': False, 'ground_truth': 'Little Rock', 'is_correct': False}",False
False,[HIDDEN],0.7,1,0,39,"{'confidence': 0.7, 'final': False, 'ground_truth': 'Little Rock', 'is_correct': True}",True
False,[HIDDEN],0.7,1,7,39,"{'confidence': 0.7, 'final': False, 'ground_truth': 'Little Rock', 'is_correct': True}",True
False,[HIDDEN],0.7,1,14,39,"{'confidence': 0.7, 'final': False, 'ground_truth': 'Little Rock', 'is_correct': True}",True
False,[HIDDEN],0.7,2,0,39,"{'confidence': 0.7, 'final': False, 'ground_truth': 'Little Rock', 'is_correct': True}",True
False,[HIDDEN],0.7,2,7,39,"{'confidence': 0.7, 'final': False, 'ground_truth': 'Little Rock', 'is_correct': True}",True
False,[HIDDEN],0.7,2,14,39,"{'confidence': 0.7, 'final': False, 'ground_truth': 'Little Rock', 'is_correct': True}",True
False,[HIDDEN],0.7,2,21,39,"{'confidence': 0.7, 'final': False, 'ground_truth': 'Little Rock', 'is_correct': True}",True
True,Little Rock,0.75,3,0,39,"{'confidence': 0.75, 'final': True, 'ground_truth': 'Little Rock', 'is_correct': True}",True
True,Little Rock,0.95,0,0,39,"{'confidence': 0.95, 'final': True, 'ground_truth': 'Little Rock', 'is_correct': True}",True
False,[HIDDEN],0.4,0,7,40,"{'confidence': 0.4, 'final': False, 'ground_truth': 'Neil Simon', 'is_correct': False}",False
False,[HIDDEN],0.6,0,14,40,"{'confidence': 0.6, 'final': False, 'ground_truth': 'Neil Simon', 'is_correct': False}",False
False,[HIDDEN],0.4,0,21,40,"{'confidence': 0.4, 'final': False, 'ground_truth': 'Neil Simon', 'is_correct': False}",False
False,[HIDDEN],0.4,0,28,40,"{'confidence': 0.4, 'final': False, 'ground_truth': 'Neil Simon', 'is_correct': False}",False
False,[HIDDEN],0.7,0,35,40,"{'confidence': 0.7, 'final': False, 'ground_truth': 'Neil Simon', 'is_correct': False}",False
False,[HIDDEN],0.7,0,42,40,"{'confidence': 0.7, 'final': False, 'ground_truth': 'Neil Simon', 'is_correct': False}",False
False,[HIDDEN],0.7,1,0,40,"{'confidence': 0.7, 'final': False, 'ground_truth': 'Neil Simon', 'is_correct': False}",False
False,[HIDDEN],0.7,1,7,40,"{'confidence': 0.7, 'final': False, 'ground_truth': 'Neil Simon', 'is_correct': False}",False
False,[HIDDEN],0.6,1,14,40,"{'confidence': 0.6, 'final': False, 'ground_truth': 'Neil Simon', 'is_correct': False}",False
False,[HIDDEN],0.4,1,21,40,"{'confidence': 0.4, 'final': False, 'ground_truth': 'Neil Simon', 'is_correct': False}",False
False,[HIDDEN],0.7,2,0,40,"{'confidence': 0.7, 'final': False, 'ground_truth': 'Neil Simon', 'is_correct': True}",True
False,[HIDDEN],0.7,2,7,40,"{'confidence': 0.7, 'final': False, 'ground_truth': 'Neil Simon', 'is_correct': True}",True
True,Broadway Bound,-0.9,2,14,40,"{'confidence': 0.9, 'final': True, 'ground_truth': 'Neil Simon', 'is_correct': False}",False
True,Neil Simon,0.9,0,14,40,"{'confidence': 0.9, 'final': True, 'ground_truth': 'Neil Simon', 'is_correct': True}",True
False,[HIDDEN],0.4,0,7,41,"{'confidence': 0.4, 'final': False, 'ground_truth': 'Hamlet', 'is_correct': False}",False
False,[HIDDEN],0.5,0,14,41,"{'confidence': 0.5, 'final': False, 'ground_truth': 'Hamlet', 'is_correct': False}",False
False,[HIDDEN],0.4,0,21,41,"{'confidence': 0.4, 'final': False, 'ground_truth': 'Hamlet', 'is_correct': False}",False
False,[HIDDEN],0.7,1,0,41,"{'confidence': 0.7, 'final': False, 'ground_truth': 'Hamlet', 'is_correct': False}",False
False,[HIDDEN],0.7,1,7,41,"{'confidence': 0.7, 'final': False, 'ground_truth': 'Hamlet', 'is_correct': False}",False
False,[HIDDEN],0.6,1,14,41,"{'confidence': 0.6, 'final': False, 'ground_truth': 'Hamlet', 'is_correct': False}",False
False,[HIDDEN],0.3,1,21,41,"{'confidence': 0.3, 'final': False, 'ground_truth': 'Hamlet', 'is_correct': False}",False
False,[HIDDEN],0.4,1,28,41,"{'confidence': 0.4, 'final': False, 'ground_truth': 'Hamlet', 'is_correct': False}",False
False,[HIDDEN],0.4,2,0,41,"{'confidence': 0.4, 'final': False, 'ground_truth': 'Hamlet', 'is_correct': False}",False
False,[HIDDEN],0.6,2,7,41,"{'confidence': 0.6, 'final': False, 'ground_truth': 'Hamlet', 'is_correct': False}",False
False,[HIDDEN],0.4,2,14,41,"{'confidence': 0.4, 'final': False, 'ground_truth': 'Hamlet', 'is_correct': False}",False
False,[HIDDEN],0.6,3,0,41,"{'confidence': 0.6, 'final': False, 'ground_truth': 'Hamlet', 'is_correct': True}",True
False,[HIDDEN],0.4,3,7,41,"{'confidence': 0.4, 'final': False, 'ground_truth': 'Hamlet', 'is_correct': True}",True
False,[HIDDEN],0.4,3,14,41,"{'confidence': 0.4, 'final': False, 'ground_truth': 'Hamlet', 'is_correct': True}",True
False,[HIDDEN],0.6,3,21,41,"{'confidence': 0.6, 'final': False, 'ground_truth': 'Hamlet', 'is_correct': False}",False
False,[HIDDEN],0.6,4,0,41,"{'confidence': 0.6, 'final': False, 'ground_truth': 'Hamlet', 'is_correct': False}",False
False,[HIDDEN],0.6,4,7,41,"{'confidence': 0.6, 'final': False, 'ground_truth': 'Hamlet', 'is_correct': False}",False
False,[HIDDEN],0.7,4,14,41,"{'confidence': 0.7, 'final': False, 'ground_truth': 'Hamlet', 'is_correct': False}",False
False,[HIDDEN],0.4,4,21,41,"{'confidence': 0.4, 'final': False, 'ground_truth': 'Hamlet', 'is_correct': True}",True
False,[HIDDEN],0.7,4,28,41,"{'confidence': 0.7, 'final': False, 'ground_truth': 'Hamlet', 'is_correct': False}",False
False,[HIDDEN],0.7,5,0,41,"{'confidence': 0.7, 'final': False, 'ground_truth': 'Hamlet', 'is_correct': False}",False
True,Ophelia,-0.8,5,7,41,"{'confidence': 0.8, 'final': True, 'ground_truth': 'Hamlet', 'is_correct': False}",False
True,Hamlet,0.9,0,7,41,"{'confidence': 0.9, 'final': True, 'ground_truth': 'Hamlet', 'is_correct': True}",True
False,[HIDDEN],0.4,0,7,42,"{'confidence': 0.4, 'final': False, 'ground_truth': 'cat', 'is_correct': False}",False
False,[HIDDEN],0.3,0,14,42,"{'confidence': 0.3, 'final': False, 'ground_truth': 'cat', 'is_correct': False}",False
False,[HIDDEN],0.4,0,21,42,"{'confidence': 0.4, 'final': False, 'ground_truth': 'cat', 'is_correct': False}",False
False,[HIDDEN],0.4,1,0,42,"{'confidence': 0.4, 'final': False, 'ground_truth': 'cat', 'is_correct': False}",False
False,[HIDDEN],0.3,1,7,42,"{'confidence': 0.3, 'final': False, 'ground_truth': 'cat', 'is_correct': False}",False
False,[HIDDEN],0.6,1,14,42,"{'confidence': 0.6, 'final': False, 'ground_truth': 'cat', 'is_correct': False}",False
False,[HIDDEN],0.6,1,21,42,"{'confidence': 0.6, 'final': False, 'ground_truth': 'cat', 'is_correct': False}",False
False,[HIDDEN],0.6,2,0,42,"{'confidence': 0.6, 'final': False, 'ground_truth': 'cat', 'is_correct': False}",False
False,[HIDDEN],0.4,2,7,42,"{'confidence': 0.4, 'final': False, 'ground_truth': 'cat', 'is_correct': False}",False
False,[HIDDEN],0.4,2,14,42,"{'confidence': 0.4, 'final': False, 'ground_truth': 'cat', 'is_correct': False}",False
False,[HIDDEN],0.4,3,0,42,"{'confidence': 0.4, 'final': False, 'ground_truth': 'cat', 'is_correct': False}",False
False,[HIDDEN],0.3,3,7,42,"{'confidence': 0.3, 'final': False, 'ground_truth': 'cat', 'is_correct': False}",False
False,[HIDDEN],0.7,3,14,42,"{'confidence': 0.7, 'final': False, 'ground_truth': 'cat', 'is_correct': True}",True
False,[HIDDEN],0.6,3,21,42,"{'confidence': 0.6, 'final': False, 'ground_truth': 'cat', 'is_correct': True}",True
False,[HIDDEN],0.6,4,0,42,"{'confidence': 0.6, 'final': False, 'ground_truth': 'cat', 'is_correct': True}",True
False,[HIDDEN],0.7,5,0,42,"{'confidence': 0.7, 'final': False, 'ground_truth': 'cat', 'is_correct': True}",True
False,[HIDDEN],0.6,5,7,42,"{'confidence': 0.6, 'final': False, 'ground_truth': 'cat', 'is_correct': True}",True
False,[HIDDEN],0.6,5,14,42,"{'confidence': 0.6, 'final': False, 'ground_truth': 'cat', 'is_correct': True}",True
False,[HIDDEN],0.7,6,0,42,"{'confidence': 0.7, 'final': False, 'ground_truth': 'cat', 'is_correct': True}",True
True,cat,0.8,6,7,42,"{'confidence': 0.8, 'final': True, 'ground_truth': 'cat', 'is_correct': True}",True
True,cat,0.9,0,7,42,"{'confidence': 0.9, 'final': True, 'ground_truth': 'cat', 'is_correct': True}",True
False,[HIDDEN],0.4,0,7,43,"{'confidence': 0.4, 'final': False, 'ground_truth': 'thin layer chromatography', 'is_correct': False}",False
False,[HIDDEN],0.6,1,0,43,"{'confidence': 0.6, 'final': False, 'ground_truth': 'thin layer chromatography', 'is_correct': False}",False
False,[HIDDEN],0.7,1,7,43,"{'confidence': 0.7, 'final': False, 'ground_truth': 'thin layer chromatography', 'is_correct': False}",False
False,[HIDDEN],0.7,1,14,43,"{'confidence': 0.7, 'final': False, 'ground_truth': 'thin layer chromatography', 'is_correct': True}",True
False,[HIDDEN],0.7,1,21,43,"{'confidence': 0.7, 'final': False, 'ground_truth': 'thin layer chromatography', 'is_correct': False}",False
True,Western blotting,-0.8,2,0,43,"{'confidence': 0.8, 'final': True, 'ground_truth': 'thin layer chromatography', 'is_correct': False}",False
True,thin layer chromatography,-0.9,0,0,43,"{'confidence': 0.9, 'final': True, 'ground_truth': 'thin layer chromatography', 'is_correct': False}",False
False,[HIDDEN],0.1,0,7,44,"{'confidence': 0.1, 'final': False, 'ground_truth': 'Laos', 'is_correct': False}",False
False,[HIDDEN],0.7,0,14,44,"{'confidence': 0.7, 'final': False, 'ground_truth': 'Laos', 'is_correct': False}",False
False,[HIDDEN],0.6,0,21,44,"{'confidence': 0.6, 'final': False, 'ground_truth': 'Laos', 'is_correct': False}",False
False,[HIDDEN],0.7,1,0,44,"{'confidence': 0.7, 'final': False, 'ground_truth': 'Laos', 'is_correct': False}",False
False,[HIDDEN],0.6,1,7,44,"{'confidence': 0.6, 'final': False, 'ground_truth': 'Laos', 'is_correct': False}",False
False,[HIDDEN],0.6,1,14,44,"{'confidence': 0.6, 'final': False, 'ground_truth': 'Laos', 'is_correct': False}",False
False,[HIDDEN],0.7,2,0,44,"{'confidence': 0.7, 'final': False, 'ground_truth': 'Laos', 'is_correct': True}",True
False,[HIDDEN],0.7,2,7,44,"{'confidence': 0.7, 'final': False, 'ground_truth': 'Laos', 'is_correct': True}",True
False,[HIDDEN],0.7,2,14,44,"{'confidence': 0.7, 'final': False, 'ground_truth': 'Laos', 'is_correct': True}",True
True,Laos,0.8,3,0,44,"{'confidence': 0.8, 'final': True, 'ground_truth': 'Laos', 'is_correct': True}",True
True,Laos,0.9,6,12,44,"{'confidence': 0.9, 'final': True, 'ground_truth': 'Laos', 'is_correct': True}",True
False,[HIDDEN],0.4,0,7,45,"{'confidence': 0.4, 'final': False, 'ground_truth': 'Sergei Rachmaninoff', 'is_correct': False}",False
False,[HIDDEN],0.4,0,14,45,"{'confidence': 0.4, 'final': False, 'ground_truth': 'Sergei Rachmaninoff', 'is_correct': False}",False
False,[HIDDEN],0.7,1,0,45,"{'confidence': 0.7, 'final': False, 'ground_truth': 'Sergei Rachmaninoff', 'is_correct': True}",True
False,[HIDDEN],0.6,1,7,45,"{'confidence': 0.6, 'final': False, 'ground_truth': 'Sergei Rachmaninoff', 'is_correct': True}",True
False,[HIDDEN],0.7,1,14,45,"{'confidence': 0.7, 'final': False, 'ground_truth': 'Sergei Rachmaninoff', 'is_correct': True}",True
True,Sergei Rachmaninoff,0.8,2,0,45,"{'confidence': 0.8, 'final': True, 'ground_truth': 'Sergei Rachmaninoff', 'is_correct': True}",True
True,Sergei Rachmaninoff,0.9,8,17,45,"{'confidence': 0.9, 'final': True, 'ground_truth': 'Sergei Rachmaninoff', 'is_correct': True}",True
False,[HIDDEN],0.4,0,7,46,"{'confidence': 0.4, 'final': False, 'ground_truth': 'Okinawa', 'is_correct': False}",False
False,[HIDDEN],0.4,0,14,46,"{'confidence': 0.4, 'final': False, 'ground_truth': 'Okinawa', 'is_correct': False}",False
False,[HIDDEN],0.4,1,0,46,"{'confidence': 0.4, 'final': False, 'ground_truth': 'Okinawa', 'is_correct': False}",False
False,[HIDDEN],0.6,1,7,46,"{'confidence': 0.6, 'final': False, 'ground_truth': 'Okinawa', 'is_correct': False}",False
False,[HIDDEN],0.6,1,14,46,"{'confidence': 0.6, 'final': False, 'ground_truth': 'Okinawa', 'is_correct': False}",False
False,[HIDDEN],0.7,2,0,46,"{'confidence': 0.7, 'final': False, 'ground_truth': 'Okinawa', 'is_correct': True}",True
False,[HIDDEN],0.7,2,7,46,"{'confidence': 0.7, 'final': False, 'ground_truth': 'Okinawa', 'is_correct': True}",True
True,Okinawa,0.8,2,14,46,"{'confidence': 0.8, 'final': True, 'ground_truth': 'Okinawa', 'is_correct': True}",True
True,Okinawa,0.9,0,14,46,"{'confidence': 0.9, 'final': True, 'ground_truth': 'Okinawa', 'is_correct': True}",True
False,[HIDDEN],0.3,0,7,47,"{'confidence': 0.3, 'final': False, 'ground_truth': 'Kurt Vonnegut', 'is_correct': False}",False
False,[HIDDEN],0.7,0,14,47,"{'confidence': 0.7, 'final': False, 'ground_truth': 'Kurt Vonnegut', 'is_correct': False}",False
False,[HIDDEN],0.7,0,21,47,"{'confidence': 0.7, 'final': False, 'ground_truth': 'Kurt Vonnegut', 'is_correct': False}",False
True,John Grisham,-0.8,1,0,47,"{'confidence': 0.8, 'final': True, 'ground_truth': 'Kurt Vonnegut', 'is_correct': False}",False
True,Kurt Vonnegut,0.9,0,0,47,"{'confidence': 0.9, 'final': True, 'ground_truth': 'Kurt Vonnegut', 'is_correct': True}",True
False,[HIDDEN],0.6,0,7,48,"{'confidence': 0.6, 'final': False, 'ground_truth': ""Campbell's Soup Cans"", 'is_correct': False}",False
False,[HIDDEN],0.5,0,14,48,"{'confidence': 0.5, 'final': False, 'ground_truth': ""Campbell's Soup Cans"", 'is_correct': True}",True
False,[HIDDEN],0.4,1,0,48,"{'confidence': 0.4, 'final': False, 'ground_truth': ""Campbell's Soup Cans"", 'is_correct': True}",True
False,[HIDDEN],0.4,1,7,48,"{'confidence': 0.4, 'final': False, 'ground_truth': ""Campbell's Soup Cans"", 'is_correct': True}",True
False,[HIDDEN],0.7,1,14,48,"{'confidence': 0.7, 'final': False, 'ground_truth': ""Campbell's Soup Cans"", 'is_correct': True}",True
False,[HIDDEN],0.7,2,0,48,"{'confidence': 0.7, 'final': False, 'ground_truth': ""Campbell's Soup Cans"", 'is_correct': True}",True
False,[HIDDEN],0.7,2,7,48,"{'confidence': 0.7, 'final': False, 'ground_truth': ""Campbell's Soup Cans"", 'is_correct': True}",True
False,[HIDDEN],0.4,2,14,48,"{'confidence': 0.4, 'final': False, 'ground_truth': ""Campbell's Soup Cans"", 'is_correct': True}",True
False,[HIDDEN],0.7,3,0,48,"{'confidence': 0.7, 'final': False, 'ground_truth': ""Campbell's Soup Cans"", 'is_correct': True}",True
False,[HIDDEN],0.7,3,7,48,"{'confidence': 0.7, 'final': False, 'ground_truth': ""Campbell's Soup Cans"", 'is_correct': True}",True
False,[HIDDEN],0.6,4,1,48,"{'confidence': 0.6, 'final': False, 'ground_truth': ""Campbell's Soup Cans"", 'is_correct': False}",False
False,[HIDDEN],0.6,5,5,48,"{'confidence': 0.6, 'final': False, 'ground_truth': ""Campbell's Soup Cans"", 'is_correct': True}",True
False,[HIDDEN],0.6,5,11,48,"{'confidence': 0.6, 'final': False, 'ground_truth': ""Campbell's Soup Cans"", 'is_correct': True}",True
False,[HIDDEN],0.4,6,6,48,"{'confidence': 0.4, 'final': False, 'ground_truth': ""Campbell's Soup Cans"", 'is_correct': True}",True
False,[HIDDEN],0.6,6,13,48,"{'confidence': 0.6, 'final': False, 'ground_truth': ""Campbell's Soup Cans"", 'is_correct': True}",True
False,[HIDDEN],0.7,7,6,48,"{'confidence': 0.7, 'final': False, 'ground_truth': ""Campbell's Soup Cans"", 'is_correct': True}",True
False,[HIDDEN],0.7,7,11,48,"{'confidence': 0.7, 'final': False, 'ground_truth': ""Campbell's Soup Cans"", 'is_correct': True}",True
True,Campbell's Soup Cans,0.8,8,6,48,"{'confidence': 0.8, 'final': True, 'ground_truth': ""Campbell's Soup Cans"", 'is_correct': True}",True
True,Campbell's Soup Cans,0.9,8,15,48,"{'confidence': 0.9, 'final': True, 'ground_truth': ""Campbell's Soup Cans"", 'is_correct': True}",True
False,[HIDDEN],0.4,0,7,49,"{'confidence': 0.4, 'final': False, 'ground_truth': 'Franklin D. Roosevelt', 'is_correct': False}",False
False,[HIDDEN],0.4,0,14,49,"{'confidence': 0.4, 'final': False, 'ground_truth': 'Franklin D. Roosevelt', 'is_correct': False}",False
False,[HIDDEN],0.6,1,0,49,"{'confidence': 0.6, 'final': False, 'ground_truth': 'Franklin D. Roosevelt', 'is_correct': False}",False
False,[HIDDEN],0.4,1,7,49,"{'confidence': 0.4, 'final': False, 'ground_truth': 'Franklin D. Roosevelt', 'is_correct': False}",False
False,[HIDDEN],0.4,1,14,49,"{'confidence': 0.4, 'final': False, 'ground_truth': 'Franklin D. Roosevelt', 'is_correct': False}",False
False,[HIDDEN],0.4,2,0,49,"{'confidence': 0.4, 'final': False, 'ground_truth': 'Franklin D. Roosevelt', 'is_correct': True}",True
False,[HIDDEN],0.6,2,7,49,"{'confidence': 0.6, 'final': False, 'ground_truth': 'Franklin D. Roosevelt', 'is_correct': False}",False
False,[HIDDEN],0.6,2,14,49,"{'confidence': 0.6, 'final': False, 'ground_truth': 'Franklin D. Roosevelt', 'is_correct': False}",False
False,[HIDDEN],0.4,2,21,49,"{'confidence': 0.4, 'final': False, 'ground_truth': 'Franklin D. Roosevelt', 'is_correct': True}",True
False,[HIDDEN],0.4,3,0,49,"{'confidence': 0.4, 'final': False, 'ground_truth': 'Franklin D. Roosevelt', 'is_correct': True}",True
False,[HIDDEN],0.4,3,7,49,"{'confidence': 0.4, 'final': False, 'ground_truth': 'Franklin D. Roosevelt', 'is_correct': True}",True
False,[HIDDEN],0.7,3,14,49,"{'confidence': 0.7, 'final': False, 'ground_truth': 'Franklin D. Roosevelt', 'is_correct': True}",True
False,[HIDDEN],0.6,4,0,49,"{'confidence': 0.6, 'final': False, 'ground_truth': 'Franklin D. Roosevelt', 'is_correct': True}",True
True,Franklin D. Roosevelt,0.85,4,7,49,"{'confidence': 0.85, 'final': True, 'ground_truth': 'Franklin D. Roosevelt', 'is_correct': True}",True
True,Franklin D. Roosevelt,0.9,0,7,49,"{'confidence': 0.9, 'final': True, 'ground_truth': 'Franklin D. Roosevelt', 'is_correct': True}",True
False,[HIDDEN],0.6,0,7,50,"{'confidence': 0.6, 'final': False, 'ground_truth': 'Euclid', 'is_correct': False}",False
False,[HIDDEN],0.6,0,14,50,"{'confidence': 0.6, 'final': False, 'ground_truth': 'Euclid', 'is_correct': True}",True
False,[HIDDEN],0.7,0,21,50,"{'confidence': 0.7, 'final': False, 'ground_truth': 'Euclid', 'is_correct': True}",True
False,[HIDDEN],0.6,1,0,50,"{'confidence': 0.6, 'final': False, 'ground_truth': 'Euclid', 'is_correct': False}",False
False,[HIDDEN],0.7,1,7,50,"{'confidence': 0.7, 'final': False, 'ground_truth': 'Euclid', 'is_correct': True}",True
False,[HIDDEN],0.6,1,14,50,"{'confidence': 0.6, 'final': False, 'ground_truth': 'Euclid', 'is_correct': True}",True
False,[HIDDEN],0.4,2,0,50,"{'confidence': 0.4, 'final': False, 'ground_truth': 'Euclid', 'is_correct': False}",False
False,[HIDDEN],0.7,2,7,50,"{'confidence': 0.7, 'final': False, 'ground_truth': 'Euclid', 'is_correct': True}",True
False,[HIDDEN],0.7,2,14,50,"{'confidence': 0.7, 'final': False, 'ground_truth': 'Euclid', 'is_correct': True}",True
False,[HIDDEN],0.7,3,0,50,"{'confidence': 0.7, 'final': False, 'ground_truth': 'Euclid', 'is_correct': True}",True
False,[HIDDEN],0.7,3,7,50,"{'confidence': 0.7, 'final': False, 'ground_truth': 'Euclid', 'is_correct': True}",True
False,[HIDDEN],0.7,3,14,50,"{'confidence': 0.7, 'final': False, 'ground_truth': 'Euclid', 'is_correct': True}",True
True,Euclid,0.8,4,0,50,"{'confidence': 0.8, 'final': True, 'ground_truth': 'Euclid', 'is_correct': True}",True
True,Euclid,0.9,0,0,50,"{'confidence': 0.9, 'final': True, 'ground_truth': 'Euclid', 'is_correct': True}",True
False,[HIDDEN],0.4,0,7,51,"{'confidence': 0.4, 'final': False, 'ground_truth': 'Joseon Dynasty', 'is_correct': False}",False
False,[HIDDEN],0.4,0,14,51,"{'confidence': 0.4, 'final': False, 'ground_truth': 'Joseon Dynasty', 'is_correct': False}",False
False,[HIDDEN],0.7,1,0,51,"{'confidence': 0.7, 'final': False, 'ground_truth': 'Joseon Dynasty', 'is_correct': False}",False
False,[HIDDEN],0.7,1,7,51,"{'confidence': 0.7, 'final': False, 'ground_truth': 'Joseon Dynasty', 'is_correct': False}",False
False,[HIDDEN],0.7,1,14,51,"{'confidence': 0.7, 'final': False, 'ground_truth': 'Joseon Dynasty', 'is_correct': False}",False
False,[HIDDEN],0.7,1,21,51,"{'confidence': 0.7, 'final': False, 'ground_truth': 'Joseon Dynasty', 'is_correct': False}",False
False,[HIDDEN],0.7,2,0,51,"{'confidence': 0.7, 'final': False, 'ground_truth': 'Joseon Dynasty', 'is_correct': False}",False
False,[HIDDEN],0.7,2,7,51,"{'confidence': 0.7, 'final': False, 'ground_truth': 'Joseon Dynasty', 'is_correct': True}",True
False,[HIDDEN],0.7,2,14,51,"{'confidence': 0.7, 'final': False, 'ground_truth': 'Joseon Dynasty', 'is_correct': False}",False
True,Joseon Dynasty,0.8,2,21,51,"{'confidence': 0.8, 'final': True, 'ground_truth': 'Joseon Dynasty', 'is_correct': True}",True
True,Joseon Dynasty,0.8,0,21,51,"{'confidence': 0.8, 'final': True, 'ground_truth': 'Joseon Dynasty', 'is_correct': True}",True
False,[HIDDEN],0.7,0,7,52,"{'confidence': 0.7, 'final': False, 'ground_truth': 'speech', 'is_correct': False}",False
False,[HIDDEN],0.7,0,14,52,"{'confidence': 0.7, 'final': False, 'ground_truth': 'speech', 'is_correct': False}",False
False,[HIDDEN],0.7,1,0,52,"{'confidence': 0.7, 'final': False, 'ground_truth': 'speech', 'is_correct': False}",False
False,[HIDDEN],0.7,1,7,52,"{'confidence': 0.7, 'final': False, 'ground_truth': 'speech', 'is_correct': False}",False
False,[HIDDEN],0.7,1,14,52,"{'confidence': 0.7, 'final': False, 'ground_truth': 'speech', 'is_correct': False}",False
False,[HIDDEN],0.6,1,21,52,"{'confidence': 0.6, 'final': False, 'ground_truth': 'speech', 'is_correct': False}",False
False,[HIDDEN],0.7,2,0,52,"{'confidence': 0.7, 'final': False, 'ground_truth': 'speech', 'is_correct': True}",True
False,[HIDDEN],0.7,2,7,52,"{'confidence': 0.7, 'final': False, 'ground_truth': 'speech', 'is_correct': False}",False
False,[HIDDEN],0.7,2,14,52,"{'confidence': 0.7, 'final': False, 'ground_truth': 'speech', 'is_correct': True}",True
False,[HIDDEN],0.7,3,0,52,"{'confidence': 0.7, 'final': False, 'ground_truth': 'speech', 'is_correct': False}",False
False,[HIDDEN],0.7,3,7,52,"{'confidence': 0.7, 'final': False, 'ground_truth': 'speech', 'is_correct': True}",True
True,speech production,0.8,4,0,52,"{'confidence': 0.8, 'final': True, 'ground_truth': 'speech', 'is_correct': True}",True
True,speech,0.9,0,0,52,"{'confidence': 0.9, 'final': True, 'ground_truth': 'speech', 'is_correct': True}",True
False,[HIDDEN],0.4,0,7,53,"{'confidence': 0.4, 'final': False, 'ground_truth': 'polymerization reactions', 'is_correct': False}",False
False,[HIDDEN],0.6,0,14,53,"{'confidence': 0.6, 'final': False, 'ground_truth': 'polymerization reactions', 'is_correct': False}",False
False,[HIDDEN],0.6,1,0,53,"{'confidence': 0.6, 'final': False, 'ground_truth': 'polymerization reactions', 'is_correct': False}",False
True,Nobel Prize in Chemistry,-0.8,1,7,53,"{'confidence': 0.8, 'final': True, 'ground_truth': 'polymerization reactions', 'is_correct': False}",False
True,polymerization reactions,0.85,0,7,53,"{'confidence': 0.85, 'final': True, 'ground_truth': 'polymerization reactions', 'is_correct': True}",True
False,[HIDDEN],0.4,0,7,54,"{'confidence': 0.4, 'final': False, 'ground_truth': 'knight', 'is_correct': False}",False
False,[HIDDEN],0.4,0,14,54,"{'confidence': 0.4, 'final': False, 'ground_truth': 'knight', 'is_correct': True}",True
False,[HIDDEN],0.4,1,0,54,"{'confidence': 0.4, 'final': False, 'ground_truth': 'knight', 'is_correct': True}",True
False,[HIDDEN],0.7,1,7,54,"{'confidence': 0.7, 'final': False, 'ground_truth': 'knight', 'is_correct': True}",True
False,[HIDDEN],0.7,2,0,54,"{'confidence': 0.7, 'final': False, 'ground_truth': 'knight', 'is_correct': True}",True
False,[HIDDEN],0.7,2,7,54,"{'confidence': 0.7, 'final': False, 'ground_truth': 'knight', 'is_correct': True}",True
False,[HIDDEN],0.7,2,14,54,"{'confidence': 0.7, 'final': False, 'ground_truth': 'knight', 'is_correct': True}",True
True,knight,0.8,2,21,54,"{'confidence': 0.8, 'final': True, 'ground_truth': 'knight', 'is_correct': True}",True
True,knight,0.9,0,21,54,"{'confidence': 0.9, 'final': True, 'ground_truth': 'knight', 'is_correct': True}",True
False,[HIDDEN],0.3,0,7,55,"{'confidence': 0.3, 'final': False, 'ground_truth': 'Tutsi', 'is_correct': False}",False
False,[HIDDEN],0.4,0,14,55,"{'confidence': 0.4, 'final': False, 'ground_truth': 'Tutsi', 'is_correct': False}",False
False,[HIDDEN],0.4,0,21,55,"{'confidence': 0.4, 'final': False, 'ground_truth': 'Tutsi', 'is_correct': False}",False
False,[HIDDEN],0.7,1,0,55,"{'confidence': 0.7, 'final': False, 'ground_truth': 'Tutsi', 'is_correct': False}",False
False,[HIDDEN],0.7,1,7,55,"{'confidence': 0.7, 'final': False, 'ground_truth': 'Tutsi', 'is_correct': False}",False
False,[HIDDEN],0.7,1,14,55,"{'confidence': 0.7, 'final': False, 'ground_truth': 'Tutsi', 'is_correct': False}",False
False,[HIDDEN],0.7,2,0,55,"{'confidence': 0.7, 'final': False, 'ground_truth': 'Tutsi', 'is_correct': False}",False
False,[HIDDEN],0.6,2,7,55,"{'confidence': 0.6, 'final': False, 'ground_truth': 'Tutsi', 'is_correct': False}",False
False,[HIDDEN],0.7,2,14,55,"{'confidence': 0.7, 'final': False, 'ground_truth': 'Tutsi', 'is_correct': False}",False
False,[HIDDEN],0.7,2,21,55,"{'confidence': 0.7, 'final': False, 'ground_truth': 'Tutsi', 'is_correct': False}",False
False,[HIDDEN],0.7,3,0,55,"{'confidence': 0.7, 'final': False, 'ground_truth': 'Tutsi', 'is_correct': False}",False
True,Tutsi,0.8,3,7,55,"{'confidence': 0.8, 'final': True, 'ground_truth': 'Tutsi', 'is_correct': True}",True
True,Tutsi,0.9,5,21,55,"{'confidence': 0.9, 'final': True, 'ground_truth': 'Tutsi', 'is_correct': True}",True
False,[HIDDEN],0.7,0,7,56,"{'confidence': 0.7, 'final': False, 'ground_truth': 'Charles Darwin', 'is_correct': True}",True
False,[HIDDEN],0.7,0,14,56,"{'confidence': 0.7, 'final': False, 'ground_truth': 'Charles Darwin', 'is_correct': True}",True
False,[HIDDEN],0.6,1,0,56,"{'confidence': 0.6, 'final': False, 'ground_truth': 'Charles Darwin', 'is_correct': True}",True
False,[HIDDEN],0.7,1,7,56,"{'confidence': 0.7, 'final': False, 'ground_truth': 'Charles Darwin', 'is_correct': True}",True
False,[HIDDEN],0.7,1,14,56,"{'confidence': 0.7, 'final': False, 'ground_truth': 'Charles Darwin', 'is_correct': True}",True
False,[HIDDEN],0.6,2,0,56,"{'confidence': 0.6, 'final': False, 'ground_truth': 'Charles Darwin', 'is_correct': True}",True
False,[HIDDEN],0.7,2,7,56,"{'confidence': 0.7, 'final': False, 'ground_truth': 'Charles Darwin', 'is_correct': False}",False
False,[HIDDEN],0.7,2,14,56,"{'confidence': 0.7, 'final': False, 'ground_truth': 'Charles Darwin', 'is_correct': False}",False
False,[HIDDEN],0.7,2,15,56,"{'confidence': 0.7, 'final': False, 'ground_truth': 'Charles Darwin', 'is_correct': False}",False
True,Charles Darwin,0.85,3,6,56,"{'confidence': 0.85, 'final': True, 'ground_truth': 'Charles Darwin', 'is_correct': True}",True
True,Charles Darwin,0.95,6,13,56,"{'confidence': 0.95, 'final': True, 'ground_truth': 'Charles Darwin', 'is_correct': True}",True
False,[HIDDEN],0.1,0,7,57,"{'confidence': 0.1, 'final': False, 'ground_truth': 'electromagnetic radiation', 'is_correct': False}",False
False,[HIDDEN],0.4,0,14,57,"{'confidence': 0.4, 'final': False, 'ground_truth': 'electromagnetic radiation', 'is_correct': False}",False
False,[HIDDEN],0.4,0,21,57,"{'confidence': 0.4, 'final': False, 'ground_truth': 'electromagnetic radiation', 'is_correct': False}",False
False,[HIDDEN],0.6,1,0,57,"{'confidence': 0.6, 'final': False, 'ground_truth': 'electromagnetic radiation', 'is_correct': False}",False
False,[HIDDEN],0.6,1,7,57,"{'confidence': 0.6, 'final': False, 'ground_truth': 'electromagnetic radiation', 'is_correct': False}",False
False,[HIDDEN],0.6,2,0,57,"{'confidence': 0.6, 'final': False, 'ground_truth': 'electromagnetic radiation', 'is_correct': False}",False
False,[HIDDEN],0.6,2,7,57,"{'confidence': 0.6, 'final': False, 'ground_truth': 'electromagnetic radiation', 'is_correct': True}",True
False,[HIDDEN],0.7,3,0,57,"{'confidence': 0.7, 'final': False, 'ground_truth': 'electromagnetic radiation', 'is_correct': True}",True
False,[HIDDEN],0.6,3,7,57,"{'confidence': 0.6, 'final': False, 'ground_truth': 'electromagnetic radiation', 'is_correct': True}",True
False,[HIDDEN],0.7,3,14,57,"{'confidence': 0.7, 'final': False, 'ground_truth': 'electromagnetic radiation', 'is_correct': True}",True
False,[HIDDEN],0.7,4,0,57,"{'confidence': 0.7, 'final': False, 'ground_truth': 'electromagnetic radiation', 'is_correct': False}",False
True,radiation,0.8,4,7,57,"{'confidence': 0.8, 'final': True, 'ground_truth': 'electromagnetic radiation', 'is_correct': True}",True
True,electromagnetic radiation,0.9,0,7,57,"{'confidence': 0.9, 'final': True, 'ground_truth': 'electromagnetic radiation', 'is_correct': True}",True
False,[HIDDEN],0.3,0,7,58,"{'confidence': 0.3, 'final': False, 'ground_truth': 'Katherine Mansfield', 'is_correct': False}",False
False,[HIDDEN],0.7,0,14,58,"{'confidence': 0.7, 'final': False, 'ground_truth': 'Katherine Mansfield', 'is_correct': False}",False
False,[HIDDEN],0.4,0,21,58,"{'confidence': 0.4, 'final': False, 'ground_truth': 'Katherine Mansfield', 'is_correct': False}",False
False,[HIDDEN],0.7,1,0,58,"{'confidence': 0.7, 'final': False, 'ground_truth': 'Katherine Mansfield', 'is_correct': False}",False
False,[HIDDEN],0.7,1,7,58,"{'confidence': 0.7, 'final': False, 'ground_truth': 'Katherine Mansfield', 'is_correct': True}",True
False,[HIDDEN],0.7,1,14,58,"{'confidence': 0.7, 'final': False, 'ground_truth': 'Katherine Mansfield', 'is_correct': True}",True
True,Katherine Mansfield,0.8,2,0,58,"{'confidence': 0.8, 'final': True, 'ground_truth': 'Katherine Mansfield', 'is_correct': True}",True
True,Katherine Mansfield,0.9,5,18,58,"{'confidence': 0.9, 'final': True, 'ground_truth': 'Katherine Mansfield', 'is_correct': True}",True
False,[HIDDEN],0.4,0,7,59,"{'confidence': 0.4, 'final': False, 'ground_truth': 'da Gama family', 'is_correct': False}",False
False,[HIDDEN],0.4,0,14,59,"{'confidence': 0.4, 'final': False, 'ground_truth': 'da Gama family', 'is_correct': False}",False
False,[HIDDEN],0.6,0,21,59,"{'confidence': 0.6, 'final': False, 'ground_truth': 'da Gama family', 'is_correct': False}",False
False,[HIDDEN],0.4,0,28,59,"{'confidence': 0.4, 'final': False, 'ground_truth': 'da Gama family', 'is_correct': False}",False
False,[HIDDEN],0.4,1,0,59,"{'confidence': 0.4, 'final': False, 'ground_truth': 'da Gama family', 'is_correct': False}",False
False,[HIDDEN],0.4,1,7,59,"{'confidence': 0.4, 'final': False, 'ground_truth': 'da Gama family', 'is_correct': False}",False
False,[HIDDEN],0.4,1,14,59,"{'confidence': 0.4, 'final': False, 'ground_truth': 'da Gama family', 'is_correct': False}",False
False,[HIDDEN],0.2,2,0,59,"{'confidence': 0.2, 'final': False, 'ground_truth': 'da Gama family', 'is_correct': False}",False
False,[HIDDEN],0.3,2,7,59,"{'confidence': 0.3, 'final': False, 'ground_truth': 'da Gama family', 'is_correct': False}",False
False,[HIDDEN],0.4,2,14,59,"{'confidence': 0.4, 'final': False, 'ground_truth': 'da Gama family', 'is_correct': False}",False
False,[HIDDEN],0.2,2,21,59,"{'confidence': 0.2, 'final': False, 'ground_truth': 'da Gama family', 'is_correct': False}",False
False,[HIDDEN],0.3,3,0,59,"{'confidence': 0.3, 'final': False, 'ground_truth': 'da Gama family', 'is_correct': False}",False
False,[HIDDEN],0.6,3,7,59,"{'confidence': 0.6, 'final': False, 'ground_truth': 'da Gama family', 'is_correct': False}",False
False,[HIDDEN],0.6,3,14,59,"{'confidence': 0.6, 'final': False, 'ground_truth': 'da Gama family', 'is_correct': False}",False
False,[HIDDEN],0.6,3,21,59,"{'confidence': 0.6, 'final': False, 'ground_truth': 'da Gama family', 'is_correct': False}",False
False,[HIDDEN],0.4,3,28,59,"{'confidence': 0.4, 'final': False, 'ground_truth': 'da Gama family', 'is_correct': False}",False
False,[HIDDEN],0.6,4,0,59,"{'confidence': 0.6, 'final': False, 'ground_truth': 'da Gama family', 'is_correct': False}",False
False,[HIDDEN],0.6,4,7,59,"{'confidence': 0.6, 'final': False, 'ground_truth': 'da Gama family', 'is_correct': False}",False
False,[HIDDEN],0.3,5,0,59,"{'confidence': 0.3, 'final': False, 'ground_truth': 'da Gama family', 'is_correct': False}",False
False,[HIDDEN],0.7,5,7,59,"{'confidence': 0.7, 'final': False, 'ground_truth': 'da Gama family', 'is_correct': True}",True
False,[HIDDEN],0.6,5,14,59,"{'confidence': 0.6, 'final': False, 'ground_truth': 'da Gama family', 'is_correct': True}",True
True,da Gama family,0.9,0,14,59,"{'confidence': 0.9, 'final': True, 'ground_truth': 'da Gama family', 'is_correct': True}",True
False,[HIDDEN],0.6,0,7,60,"{'confidence': 0.6, 'final': False, 'ground_truth': 'double bass', 'is_correct': False}",False
False,[HIDDEN],0.4,0,14,60,"{'confidence': 0.4, 'final': False, 'ground_truth': 'double bass', 'is_correct': False}",False
False,[HIDDEN],0.7,1,0,60,"{'confidence': 0.7, 'final': False, 'ground_truth': 'double bass', 'is_correct': False}",False
False,[HIDDEN],0.6,1,7,60,"{'confidence': 0.6, 'final': False, 'ground_truth': 'double bass', 'is_correct': False}",False
False,[HIDDEN],0.6,1,14,60,"{'confidence': 0.6, 'final': False, 'ground_truth': 'double bass', 'is_correct': False}",False
False,[HIDDEN],0.4,1,21,60,"{'confidence': 0.4, 'final': False, 'ground_truth': 'double bass', 'is_correct': False}",False
False,[HIDDEN],0.4,1,28,60,"{'confidence': 0.4, 'final': False, 'ground_truth': 'double bass', 'is_correct': False}",False
False,[HIDDEN],0.4,2,0,60,"{'confidence': 0.4, 'final': False, 'ground_truth': 'double bass', 'is_correct': False}",False
False,[HIDDEN],0.7,2,7,60,"{'confidence': 0.7, 'final': False, 'ground_truth': 'double bass', 'is_correct': False}",False
False,[HIDDEN],0.7,2,14,60,"{'confidence': 0.7, 'final': False, 'ground_truth': 'double bass', 'is_correct': False}",False
False,[HIDDEN],0.6,2,21,60,"{'confidence': 0.6, 'final': False, 'ground_truth': 'double bass', 'is_correct': False}",False
False,[HIDDEN],0.6,3,0,60,"{'confidence': 0.6, 'final': False, 'ground_truth': 'double bass', 'is_correct': False}",False
False,[HIDDEN],0.7,3,7,60,"{'confidence': 0.7, 'final': False, 'ground_truth': 'double bass', 'is_correct': True}",True
False,[HIDDEN],0.7,4,0,60,"{'confidence': 0.7, 'final': False, 'ground_truth': 'double bass', 'is_correct': True}",True
True,double bass,0.8,4,7,60,"{'confidence': 0.8, 'final': True, 'ground_truth': 'double bass', 'is_correct': True}",True
True,double bass,0.9,0,7,60,"{'confidence': 0.9, 'final': True, 'ground_truth': 'double bass', 'is_correct': True}",True
False,[HIDDEN],0.3,0,7,61,"{'confidence': 0.3, 'final': False, 'ground_truth': 'Lollardy', 'is_correct': False}",False
False,[HIDDEN],0.6,0,14,61,"{'confidence': 0.6, 'final': False, 'ground_truth': 'Lollardy', 'is_correct': False}",False
False,[HIDDEN],0.7,1,0,61,"{'confidence': 0.7, 'final': False, 'ground_truth': 'Lollardy', 'is_correct': True}",True
False,[HIDDEN],0.6,1,7,61,"{'confidence': 0.6, 'final': False, 'ground_truth': 'Lollardy', 'is_correct': True}",True
False,[HIDDEN],0.6,1,14,61,"{'confidence': 0.6, 'final': False, 'ground_truth': 'Lollardy', 'is_correct': True}",True
False,[HIDDEN],0.7,2,0,61,"{'confidence': 0.7, 'final': False, 'ground_truth': 'Lollardy', 'is_correct': True}",True
False,[HIDDEN],0.6,2,7,61,"{'confidence': 0.6, 'final': False, 'ground_truth': 'Lollardy', 'is_correct': False}",False
False,[HIDDEN],0.7,2,14,61,"{'confidence': 0.7, 'final': False, 'ground_truth': 'Lollardy', 'is_correct': True}",True
False,[HIDDEN],0.7,3,0,61,"{'confidence': 0.7, 'final': False, 'ground_truth': 'Lollardy', 'is_correct': True}",True
False,[HIDDEN],0.7,3,7,61,"{'confidence': 0.7, 'final': False, 'ground_truth': 'Lollardy', 'is_correct': True}",True
False,[HIDDEN],0.7,3,14,61,"{'confidence': 0.7, 'final': False, 'ground_truth': 'Lollardy', 'is_correct': True}",True
True,Lollardy,0.8,4,0,61,"{'confidence': 0.8, 'final': True, 'ground_truth': 'Lollardy', 'is_correct': True}",True
True,Lollardy,0.9,6,13,61,"{'confidence': 0.9, 'final': True, 'ground_truth': 'Lollardy', 'is_correct': True}",True
False,[HIDDEN],0.3,0,7,62,"{'confidence': 0.3, 'final': False, 'ground_truth': 'gas station', 'is_correct': False}",False
False,[HIDDEN],0.4,0,14,62,"{'confidence': 0.4, 'final': False, 'ground_truth': 'gas station', 'is_correct': False}",False
False,[HIDDEN],0.7,1,0,62,"{'confidence': 0.7, 'final': False, 'ground_truth': 'gas station', 'is_correct': True}",True
False,[HIDDEN],0.6,1,7,62,"{'confidence': 0.6, 'final': False, 'ground_truth': 'gas station', 'is_correct': False}",False
False,[HIDDEN],0.7,1,14,62,"{'confidence': 0.7, 'final': False, 'ground_truth': 'gas station', 'is_correct': True}",True
False,[HIDDEN],0.7,1,21,62,"{'confidence': 0.7, 'final': False, 'ground_truth': 'gas station', 'is_correct': False}",False
False,[HIDDEN],0.4,2,0,62,"{'confidence': 0.4, 'final': False, 'ground_truth': 'gas station', 'is_correct': False}",False
False,[HIDDEN],0.6,2,7,62,"{'confidence': 0.6, 'final': False, 'ground_truth': 'gas station', 'is_correct': True}",True
False,[HIDDEN],0.5,2,14,62,"{'confidence': 0.5, 'final': False, 'ground_truth': 'gas station', 'is_correct': False}",False
False,[HIDDEN],0.6,2,21,62,"{'confidence': 0.6, 'final': False, 'ground_truth': 'gas station', 'is_correct': False}",False
False,[HIDDEN],0.6,4,3,62,"{'confidence': 0.6, 'final': False, 'ground_truth': 'gas station', 'is_correct': False}",False
False,[HIDDEN],0.4,5,0,62,"{'confidence': 0.4, 'final': False, 'ground_truth': 'gas station', 'is_correct': False}",False
False,[HIDDEN],0.6,5,7,62,"{'confidence': 0.6, 'final': False, 'ground_truth': 'gas station', 'is_correct': False}",False
False,[HIDDEN],0.3,6,0,62,"{'confidence': 0.3, 'final': False, 'ground_truth': 'gas station', 'is_correct': False}",False
False,[HIDDEN],0.6,6,7,62,"{'confidence': 0.6, 'final': False, 'ground_truth': 'gas station', 'is_correct': False}",False
False,[HIDDEN],0.7,6,14,62,"{'confidence': 0.7, 'final': False, 'ground_truth': 'gas station', 'is_correct': True}",True
False,[HIDDEN],0.7,7,0,62,"{'confidence': 0.7, 'final': False, 'ground_truth': 'gas station', 'is_correct': True}",True
True,gas station,0.8,7,7,62,"{'confidence': 0.8, 'final': True, 'ground_truth': 'gas station', 'is_correct': True}",True
True,gas station,0.9,0,7,62,"{'confidence': 0.9, 'final': True, 'ground_truth': 'gas station', 'is_correct': True}",True
False,[HIDDEN],0.6,1,5,63,"{'confidence': 0.6, 'final': False, 'ground_truth': ""measuring the Earth's circumference"", 'is_correct': False}",False
False,[HIDDEN],0.6,1,12,63,"{'confidence': 0.6, 'final': False, 'ground_truth': ""measuring the Earth's circumference"", 'is_correct': False}",False
False,[HIDDEN],0.6,1,19,63,"{'confidence': 0.6, 'final': False, 'ground_truth': ""measuring the Earth's circumference"", 'is_correct': False}",False
False,[HIDDEN],0.6,1,26,63,"{'confidence': 0.6, 'final': False, 'ground_truth': ""measuring the Earth's circumference"", 'is_correct': False}",False
False,[HIDDEN],0.6,2,0,63,"{'confidence': 0.6, 'final': False, 'ground_truth': ""measuring the Earth's circumference"", 'is_correct': False}",False
False,[HIDDEN],0.6,2,7,63,"{'confidence': 0.6, 'final': False, 'ground_truth': ""measuring the Earth's circumference"", 'is_correct': False}",False
False,[HIDDEN],0.7,2,14,63,"{'confidence': 0.7, 'final': False, 'ground_truth': ""measuring the Earth's circumference"", 'is_correct': False}",False
False,[HIDDEN],0.6,3,0,63,"{'confidence': 0.6, 'final': False, 'ground_truth': ""measuring the Earth's circumference"", 'is_correct': False}",False
False,[HIDDEN],0.6,3,7,63,"{'confidence': 0.6, 'final': False, 'ground_truth': ""measuring the Earth's circumference"", 'is_correct': False}",False
False,[HIDDEN],0.6,3,14,63,"{'confidence': 0.6, 'final': False, 'ground_truth': ""measuring the Earth's circumference"", 'is_correct': False}",False
False,[HIDDEN],0.7,3,21,63,"{'confidence': 0.7, 'final': False, 'ground_truth': ""measuring the Earth's circumference"", 'is_correct': False}",False
False,[HIDDEN],0.7,4,0,63,"{'confidence': 0.7, 'final': False, 'ground_truth': ""measuring the Earth's circumference"", 'is_correct': False}",False
False,[HIDDEN],0.6,4,7,63,"{'confidence': 0.6, 'final': False, 'ground_truth': ""measuring the Earth's circumference"", 'is_correct': False}",False
False,[HIDDEN],0.6,5,0,63,"{'confidence': 0.6, 'final': False, 'ground_truth': ""measuring the Earth's circumference"", 'is_correct': False}",False
False,[HIDDEN],0.6,5,7,63,"{'confidence': 0.6, 'final': False, 'ground_truth': ""measuring the Earth's circumference"", 'is_correct': False}",False
False,[HIDDEN],0.7,5,14,63,"{'confidence': 0.7, 'final': False, 'ground_truth': ""measuring the Earth's circumference"", 'is_correct': False}",False
False,[HIDDEN],0.7,6,0,63,"{'confidence': 0.7, 'final': False, 'ground_truth': ""measuring the Earth's circumference"", 'is_correct': False}",False
False,[HIDDEN],0.7,6,7,63,"{'confidence': 0.7, 'final': False, 'ground_truth': ""measuring the Earth's circumference"", 'is_correct': False}",False
False,[HIDDEN],0.6,6,14,63,"{'confidence': 0.6, 'final': False, 'ground_truth': ""measuring the Earth's circumference"", 'is_correct': False}",False
True,measuring the Earth's circumference,-0.85,0,14,63,"{'confidence': 0.85, 'final': True, 'ground_truth': ""measuring the Earth's circumference"", 'is_correct': False}",False
False,[HIDDEN],0.7,0,7,64,"{'confidence': 0.7, 'final': False, 'ground_truth': 'nitrogen fixation', 'is_correct': False}",False
False,[HIDDEN],0.4,1,0,64,"{'confidence': 0.4, 'final': False, 'ground_truth': 'nitrogen fixation', 'is_correct': True}",True
False,[HIDDEN],0.7,1,7,64,"{'confidence': 0.7, 'final': False, 'ground_truth': 'nitrogen fixation', 'is_correct': False}",False
False,[HIDDEN],0.4,1,14,64,"{'confidence': 0.4, 'final': False, 'ground_truth': 'nitrogen fixation', 'is_correct': True}",True
False,[HIDDEN],0.6,2,0,64,"{'confidence': 0.6, 'final': False, 'ground_truth': 'nitrogen fixation', 'is_correct': False}",False
False,[HIDDEN],0.6,2,7,64,"{'confidence': 0.6, 'final': False, 'ground_truth': 'nitrogen fixation', 'is_correct': False}",False
False,[HIDDEN],0.7,3,0,64,"{'confidence': 0.7, 'final': False, 'ground_truth': 'nitrogen fixation', 'is_correct': True}",True
False,[HIDDEN],0.5,3,7,64,"{'confidence': 0.5, 'final': False, 'ground_truth': 'nitrogen fixation', 'is_correct': True}",True
False,[HIDDEN],0.7,3,14,64,"{'confidence': 0.7, 'final': False, 'ground_truth': 'nitrogen fixation', 'is_correct': True}",True
False,[HIDDEN],0.7,3,21,64,"{'confidence': 0.7, 'final': False, 'ground_truth': 'nitrogen fixation', 'is_correct': True}",True
True,nitrogen fixation,0.8,4,0,64,"{'confidence': 0.8, 'final': True, 'ground_truth': 'nitrogen fixation', 'is_correct': True}",True
True,nitrogen fixation,0.9,0,0,64,"{'confidence': 0.9, 'final': True, 'ground_truth': 'nitrogen fixation', 'is_correct': True}",True
False,[HIDDEN],0.4,0,7,65,"{'confidence': 0.4, 'final': False, 'ground_truth': 'Set', 'is_correct': False}",False
False,[HIDDEN],0.3,0,14,65,"{'confidence': 0.3, 'final': False, 'ground_truth': 'Set', 'is_correct': False}",False
False,[HIDDEN],0.7,1,0,65,"{'confidence': 0.7, 'final': False, 'ground_truth': 'Set', 'is_correct': False}",False
False,[HIDDEN],0.6,1,7,65,"{'confidence': 0.6, 'final': False, 'ground_truth': 'Set', 'is_correct': True}",True
False,[HIDDEN],0.6,1,14,65,"{'confidence': 0.6, 'final': False, 'ground_truth': 'Set', 'is_correct': True}",True
False,[HIDDEN],0.7,2,0,65,"{'confidence': 0.7, 'final': False, 'ground_truth': 'Set', 'is_correct': True}",True
False,[HIDDEN],0.7,2,7,65,"{'confidence': 0.7, 'final': False, 'ground_truth': 'Set', 'is_correct': True}",True
False,[HIDDEN],0.7,2,14,65,"{'confidence': 0.7, 'final': False, 'ground_truth': 'Set', 'is_correct': True}",True
False,[HIDDEN],0.7,3,0,65,"{'confidence': 0.7, 'final': False, 'ground_truth': 'Set', 'is_correct': True}",True
False,[HIDDEN],0.7,3,7,65,"{'confidence': 0.7, 'final': False, 'ground_truth': 'Set', 'is_correct': True}",True
False,[HIDDEN],0.7,4,0,65,"{'confidence': 0.7, 'final': False, 'ground_truth': 'Set', 'is_correct': True}",True
False,[HIDDEN],0.7,4,7,65,"{'confidence': 0.7, 'final': False, 'ground_truth': 'Set', 'is_correct': True}",True
True,Set,0.8,4,14,65,"{'confidence': 0.8, 'final': True, 'ground_truth': 'Set', 'is_correct': True}",True
True,Set,0.9,0,14,65,"{'confidence': 0.9, 'final': True, 'ground_truth': 'Set', 'is_correct': True}",True
False,[HIDDEN],0.4,0,7,66,"{'confidence': 0.4, 'final': False, 'ground_truth': ""The Wife of Bath's Tale"", 'is_correct': False}",False
False,[HIDDEN],0.4,0,14,66,"{'confidence': 0.4, 'final': False, 'ground_truth': ""The Wife of Bath's Tale"", 'is_correct': False}",False
False,[HIDDEN],0.4,0,21,66,"{'confidence': 0.4, 'final': False, 'ground_truth': ""The Wife of Bath's Tale"", 'is_correct': False}",False
False,[HIDDEN],0.7,1,0,66,"{'confidence': 0.7, 'final': False, 'ground_truth': ""The Wife of Bath's Tale"", 'is_correct': False}",False
False,[HIDDEN],0.7,1,7,66,"{'confidence': 0.7, 'final': False, 'ground_truth': ""The Wife of Bath's Tale"", 'is_correct': False}",False
False,[HIDDEN],0.6,1,14,66,"{'confidence': 0.6, 'final': False, 'ground_truth': ""The Wife of Bath's Tale"", 'is_correct': False}",False
False,[HIDDEN],0.3,1,19,66,"{'confidence': 0.3, 'final': False, 'ground_truth': ""The Wife of Bath's Tale"", 'is_correct': False}",False
False,[HIDDEN],0.4,2,6,66,"{'confidence': 0.4, 'final': False, 'ground_truth': ""The Wife of Bath's Tale"", 'is_correct': False}",False
False,[HIDDEN],0.4,2,13,66,"{'confidence': 0.4, 'final': False, 'ground_truth': ""The Wife of Bath's Tale"", 'is_correct': False}",False
False,[HIDDEN],0.7,2,20,66,"{'confidence': 0.7, 'final': False, 'ground_truth': ""The Wife of Bath's Tale"", 'is_correct': True}",True
False,[HIDDEN],0.7,2,27,66,"{'confidence': 0.7, 'final': False, 'ground_truth': ""The Wife of Bath's Tale"", 'is_correct': True}",True
False,[HIDDEN],0.7,2,31,66,"{'confidence': 0.7, 'final': False, 'ground_truth': ""The Wife of Bath's Tale"", 'is_correct': True}",True
False,[HIDDEN],0.7,3,6,66,"{'confidence': 0.7, 'final': False, 'ground_truth': ""The Wife of Bath's Tale"", 'is_correct': True}",True
False,[HIDDEN],0.7,3,13,66,"{'confidence': 0.7, 'final': False, 'ground_truth': ""The Wife of Bath's Tale"", 'is_correct': True}",True
False,[HIDDEN],0.7,3,20,66,"{'confidence': 0.7, 'final': False, 'ground_truth': ""The Wife of Bath's Tale"", 'is_correct': True}",True
False,[HIDDEN],0.7,3,24,66,"{'confidence': 0.7, 'final': False, 'ground_truth': ""The Wife of Bath's Tale"", 'is_correct': True}",True
False,[HIDDEN],0.6,4,6,66,"{'confidence': 0.6, 'final': False, 'ground_truth': ""The Wife of Bath's Tale"", 'is_correct': False}",False
False,[HIDDEN],0.7,4,13,66,"{'confidence': 0.7, 'final': False, 'ground_truth': ""The Wife of Bath's Tale"", 'is_correct': False}",False
False,[HIDDEN],0.4,4,20,66,"{'confidence': 0.4, 'final': False, 'ground_truth': ""The Wife of Bath's Tale"", 'is_correct': False}",False
True,The Wife of Bath's Tale,0.8,5,6,66,"{'confidence': 0.8, 'final': True, 'ground_truth': ""The Wife of Bath's Tale"", 'is_correct': True}",True
True,The Wife of Bath's Tale,0.9,5,14,66,"{'confidence': 0.9, 'final': True, 'ground_truth': ""The Wife of Bath's Tale"", 'is_correct': True}",True
True,Artemis,0.8,0,7,67,"{'confidence': 0.8, 'final': True, 'ground_truth': 'Artemis', 'is_correct': True}",True
True,Artemis,0.9,0,7,67,"{'confidence': 0.9, 'final': True, 'ground_truth': 'Artemis', 'is_correct': True}",True
False,[HIDDEN],0.6,0,7,68,"{'confidence': 0.6, 'final': False, 'ground_truth': ""Marie de' Medici"", 'is_correct': False}",False
False,[HIDDEN],0.6,0,14,68,"{'confidence': 0.6, 'final': False, 'ground_truth': ""Marie de' Medici"", 'is_correct': False}",False
False,[HIDDEN],0.4,1,0,68,"{'confidence': 0.4, 'final': False, 'ground_truth': ""Marie de' Medici"", 'is_correct': False}",False
False,[HIDDEN],0.4,1,7,68,"{'confidence': 0.4, 'final': False, 'ground_truth': ""Marie de' Medici"", 'is_correct': False}",False
False,[HIDDEN],0.6,1,14,68,"{'confidence': 0.6, 'final': False, 'ground_truth': ""Marie de' Medici"", 'is_correct': False}",False
False,[HIDDEN],0.6,1,21,68,"{'confidence': 0.6, 'final': False, 'ground_truth': ""Marie de' Medici"", 'is_correct': False}",False
False,[HIDDEN],0.6,2,0,68,"{'confidence': 0.6, 'final': False, 'ground_truth': ""Marie de' Medici"", 'is_correct': False}",False
False,[HIDDEN],0.6,2,7,68,"{'confidence': 0.6, 'final': False, 'ground_truth': ""Marie de' Medici"", 'is_correct': False}",False
False,[HIDDEN],0.4,2,14,68,"{'confidence': 0.4, 'final': False, 'ground_truth': ""Marie de' Medici"", 'is_correct': False}",False
False,[HIDDEN],0.4,2,21,68,"{'confidence': 0.4, 'final': False, 'ground_truth': ""Marie de' Medici"", 'is_correct': False}",False
False,[HIDDEN],0.6,3,0,68,"{'confidence': 0.6, 'final': False, 'ground_truth': ""Marie de' Medici"", 'is_correct': False}",False
False,[HIDDEN],0.6,3,7,68,"{'confidence': 0.6, 'final': False, 'ground_truth': ""Marie de' Medici"", 'is_correct': False}",False
False,[HIDDEN],0.6,3,14,68,"{'confidence': 0.6, 'final': False, 'ground_truth': ""Marie de' Medici"", 'is_correct': False}",False
False,[HIDDEN],0.4,3,21,68,"{'confidence': 0.4, 'final': False, 'ground_truth': ""Marie de' Medici"", 'is_correct': False}",False
False,[HIDDEN],0.6,3,28,68,"{'confidence': 0.6, 'final': False, 'ground_truth': ""Marie de' Medici"", 'is_correct': False}",False
False,[HIDDEN],0.7,3,35,68,"{'confidence': 0.7, 'final': False, 'ground_truth': ""Marie de' Medici"", 'is_correct': False}",False
False,[HIDDEN],0.3,3,42,68,"{'confidence': 0.3, 'final': False, 'ground_truth': ""Marie de' Medici"", 'is_correct': False}",False
False,[HIDDEN],0.7,4,0,68,"{'confidence': 0.7, 'final': False, 'ground_truth': ""Marie de' Medici"", 'is_correct': True}",True
False,[HIDDEN],0.6,4,7,68,"{'confidence': 0.6, 'final': False, 'ground_truth': ""Marie de' Medici"", 'is_correct': False}",False
True,Marie de' Medici,0.8,4,14,68,"{'confidence': 0.8, 'final': True, 'ground_truth': ""Marie de' Medici"", 'is_correct': True}",True
True,Marie de' Medici,0.9,0,14,68,"{'confidence': 0.9, 'final': True, 'ground_truth': ""Marie de' Medici"", 'is_correct': True}",True
False,[HIDDEN],0.6,0,7,69,"{'confidence': 0.6, 'final': False, 'ground_truth': 'Gupta Empire', 'is_correct': False}",False
False,[HIDDEN],0.6,0,14,69,"{'confidence': 0.6, 'final': False, 'ground_truth': 'Gupta Empire', 'is_correct': False}",False
False,[HIDDEN],0.6,1,0,69,"{'confidence': 0.6, 'final': False, 'ground_truth': 'Gupta Empire', 'is_correct': False}",False
False,[HIDDEN],0.6,1,7,69,"{'confidence': 0.6, 'final': False, 'ground_truth': 'Gupta Empire', 'is_correct': False}",False
False,[HIDDEN],0.4,1,14,69,"{'confidence': 0.4, 'final': False, 'ground_truth': 'Gupta Empire', 'is_correct': False}",False
False,[HIDDEN],0.4,1,21,69,"{'confidence': 0.4, 'final': False, 'ground_truth': 'Gupta Empire', 'is_correct': False}",False
False,[HIDDEN],0.4,2,0,69,"{'confidence': 0.4, 'final': False, 'ground_truth': 'Gupta Empire', 'is_correct': False}",False
False,[HIDDEN],0.7,2,7,69,"{'confidence': 0.7, 'final': False, 'ground_truth': 'Gupta Empire', 'is_correct': True}",True
False,[HIDDEN],0.4,2,14,69,"{'confidence': 0.4, 'final': False, 'ground_truth': 'Gupta Empire', 'is_correct': False}",False
False,[HIDDEN],0.7,3,0,69,"{'confidence': 0.7, 'final': False, 'ground_truth': 'Gupta Empire', 'is_correct': True}",True
False,[HIDDEN],0.7,3,7,69,"{'confidence': 0.7, 'final': False, 'ground_truth': 'Gupta Empire', 'is_correct': True}",True
True,Gupta Empire,0.8,4,0,69,"{'confidence': 0.8, 'final': True, 'ground_truth': 'Gupta Empire', 'is_correct': True}",True
True,Gupta Empire,0.9,0,0,69,"{'confidence': 0.9, 'final': True, 'ground_truth': 'Gupta Empire', 'is_correct': True}",True
