ID,Statement Number,Word Count,Sentence Number,Chunk ID,Chunk,Answer,Confidence Score,Answered?
0,0,5,1," As the original ""Invisible Man"",",4fc399d1,Correct.,-1.76565765e-06,No
0,0,15,2," As the original ""Invisible Man"", Jack Griffin dies at the end of the 1933 film.",34350f68,"Um, actually, Jack Griffin is not the original ""Invisible Man"" character, as the character was first created by H.G. Wells in his 1897 novel *The Invisible Man*. Jack Griffin is the film adaptation's version of the protagonist, based on the unnamed character in the book.",-0.43984942063201865,Yes
0,0,26,3," As the original ""Invisible Man"", Jack Griffin dies at the end of the 1933 film. Universal decided to continue the franchise focusing on other invisible characters.",acb103b5,Correct.,-2.75611825e-07,No
0,0,39,4," As the original ""Invisible Man"", Jack Griffin dies at the end of the 1933 film. Universal decided to continue the franchise focusing on other invisible characters. Those films include ""Invisible Agent,"" where Griffin's grandson becomes invisible to fight Nazis,",d042637d,Correct.,-4.5441732e-07,No
0,0,52,5," As the original ""Invisible Man"", Jack Griffin dies at the end of the 1933 film. Universal decided to continue the franchise focusing on other invisible characters. Those films include ""Invisible Agent,"" where Griffin's grandson becomes invisible to fight Nazis, ""The Invisible Boy,"" where Griffin's great-grandson becomes invisible to fight an evil supercomputer,",e3d56eef,"Um, actually, ""The Invisible Boy"" does not involve Jack Griffin's great-grandson or any connection to ""The Invisible Man"" storyline. Instead, it is about a boy who uses a robot to become invisible and fight an evil supercomputer.",-0.152292779417622,Yes
0,0,69,6," As the original ""Invisible Man"", Jack Griffin dies at the end of the 1933 film. Universal decided to continue the franchise focusing on other invisible characters. Those films include ""Invisible Agent,"" where Griffin's grandson becomes invisible to fight Nazis, ""The Invisible Boy,"" where Griffin's great-grandson becomes invisible to fight an evil supercomputer, and ""The Invisible Woman"" where a former department store model becomes invisible to punish her former boss.",65fa6106,"Um, actually, ""The Invisible Boy"" is not a film where Jack Griffin's great-grandson becomes invisible to fight an evil supercomputer. It is a standalone science fiction film unrelated to the Jack Griffin/""The Invisible Man"" storyline.",-0.1050719690234554,Yes
0,0,69,7," As the original ""Invisible Man"", Jack Griffin dies at the end of the 1933 film. Universal decided to continue the franchise focusing on other invisible characters. Those films include ""Invisible Agent,"" where Griffin's grandson becomes invisible to fight Nazis, ""The Invisible Boy,"" where Griffin's great-grandson becomes invisible to fight an evil supercomputer, and ""The Invisible Woman"" where a former department store model becomes invisible to punish her former boss. ",9e399cb8,"Um, actually, ""The Invisible Boy"" is not part of the ""Invisible Man"" franchise, and it does not involve Jack Griffin's great-grandson becoming invisible to fight an evil supercomputer. Additionally, while ""The Invisible Woman"" is part of the franchise, her invisibility is not primarily used to punish her former boss, as the statement suggests.",-0.23015599997674696,Yes
1,1,17,1," In the D&D 5e dread adventure ""Curse of Strahd,"" several game mechanics play into the horror theme,",6473c42b,Correct.,-7.524265e-07,No
1,1,29,2," In the D&D 5e dread adventure ""Curse of Strahd,"" several game mechanics play into the horror theme, making it not only scary for the players but also potentially frustrating.",a2220e0c,Correct.,-9.3123195e-07,No
1,1,31,3," In the D&D 5e dread adventure ""Curse of Strahd,"" several game mechanics play into the horror theme, making it not only scary for the players but also potentially frustrating. For instance,",7fed0a61,Correct.,-0.0002790568465,No
1,1,41,4," In the D&D 5e dread adventure ""Curse of Strahd,"" several game mechanics play into the horror theme, making it not only scary for the players but also potentially frustrating. For instance, when Strahd von Zarovich is reduced to 0 hit points,",caddf2ee,"Um, actually, when Strahd von Zarovich is reduced to 0 hit points in ""Curse of Strahd,"" he does not immediately die but instead transforms into mist form unless exposed to sunlight or running water. If he cannot return to his resting place within 2 hours, he is then permanently destroyed. ",-0.2352868537563038,Yes
1,1,54,5," In the D&D 5e dread adventure ""Curse of Strahd,"" several game mechanics play into the horror theme, making it not only scary for the players but also potentially frustrating. For instance, when Strahd von Zarovich is reduced to 0 hit points, he doesn't actually die but turns into mist and retreats to his coffin.",c04df217,Correct.,-2.75611825e-07,No
1,1,76,6," In the D&D 5e dread adventure ""Curse of Strahd,"" several game mechanics play into the horror theme, making it not only scary for the players but also potentially frustrating. For instance, when Strahd von Zarovich is reduced to 0 hit points, he doesn't actually die but turns into mist and retreats to his coffin. The Mists of Ravenloft are a deadly fog surrounding the land of Barovia that magically prevent all characters and creatures from leaving.",218475ca,"Um, actually, the Mists of Ravenloft are not universally described as ""deadly"" in ""Curse of Strahd,"" and they do not magically prevent *all* characters from leaving Barovia; certain exceptions can apply depending on the context and Dungeon Master's discretion.",-0.4121628789007584,Yes
1,1,84,7," In the D&D 5e dread adventure ""Curse of Strahd,"" several game mechanics play into the horror theme, making it not only scary for the players but also potentially frustrating. For instance, when Strahd von Zarovich is reduced to 0 hit points, he doesn't actually die but turns into mist and retreats to his coffin. The Mists of Ravenloft are a deadly fog surrounding the land of Barovia that magically prevent all characters and creatures from leaving. Spells cast with the purpose of leaving Barovia,",7e8b64bf,Correct.,-8.7163015e-07,No
1,1,86,8," In the D&D 5e dread adventure ""Curse of Strahd,"" several game mechanics play into the horror theme, making it not only scary for the players but also potentially frustrating. For instance, when Strahd von Zarovich is reduced to 0 hit points, he doesn't actually die but turns into mist and retreats to his coffin. The Mists of Ravenloft are a deadly fog surrounding the land of Barovia that magically prevent all characters and creatures from leaving. Spells cast with the purpose of leaving Barovia, like teleport,",d9fb3eab,Correct.,-5.140192e-07,No
1,1,88,9," In the D&D 5e dread adventure ""Curse of Strahd,"" several game mechanics play into the horror theme, making it not only scary for the players but also potentially frustrating. For instance, when Strahd von Zarovich is reduced to 0 hit points, he doesn't actually die but turns into mist and retreats to his coffin. The Mists of Ravenloft are a deadly fog surrounding the land of Barovia that magically prevent all characters and creatures from leaving. Spells cast with the purpose of leaving Barovia, like teleport, simply fail,",f7b654f2,Correct.,-2.75611825e-07,No
1,1,108,10," In the D&D 5e dread adventure ""Curse of Strahd,"" several game mechanics play into the horror theme, making it not only scary for the players but also potentially frustrating. For instance, when Strahd von Zarovich is reduced to 0 hit points, he doesn't actually die but turns into mist and retreats to his coffin. The Mists of Ravenloft are a deadly fog surrounding the land of Barovia that magically prevent all characters and creatures from leaving. Spells cast with the purpose of leaving Barovia, like teleport, simply fail, and Strrahd's spies are meant to check in on the player characters each day and night they are in Barovia.",554ab82f,Correct.,-5.140192e-07,No
1,1,108,11," In the D&D 5e dread adventure ""Curse of Strahd,"" several game mechanics play into the horror theme, making it not only scary for the players but also potentially frustrating. For instance, when Strahd von Zarovich is reduced to 0 hit points, he doesn't actually die but turns into mist and retreats to his coffin. The Mists of Ravenloft are a deadly fog surrounding the land of Barovia that magically prevent all characters and creatures from leaving. Spells cast with the purpose of leaving Barovia, like teleport, simply fail, and Strrahd's spies are meant to check in on the player characters each day and night they are in Barovia. ",2da1ea06,"Um, actually, while ""Curse of Strahd"" specifies that spells like teleport fail when used to leave Barovia, it does not state that Strahd von Zarovich's spies are required to check in on the player characters every day and night. The frequency of their surveillance is left to the Dungeon Master's discretion.",-0.13657719805143784,Yes
2,2,2,1," Before 2015,",be13d441,Correct.,-0.0096527644357,No
2,2,25,2," Before 2015, Lucasfilm maintained an elaborate database called the Holocron that established five different levels of canon for all the officially licensed Star Wars movies,",50ef1080,"Um, actually, the Holocron was not used specifically for officially licensed Star Wars movies—it was used to manage the continuity of the entire Star Wars franchise, including movies, TV shows, books, comics, and other media.",-0.2156015851837966,Yes
2,2,27,3," Before 2015, Lucasfilm maintained an elaborate database called the Holocron that established five different levels of canon for all the officially licensed Star Wars movies, TV shows,",828b328c,Correct.,-4.5441732e-07,No
2,2,29,4," Before 2015, Lucasfilm maintained an elaborate database called the Holocron that established five different levels of canon for all the officially licensed Star Wars movies, TV shows, and games.",942fb95f,Correct.,-4.5441732e-07,No
2,2,35,5," Before 2015, Lucasfilm maintained an elaborate database called the Holocron that established five different levels of canon for all the officially licensed Star Wars movies, TV shows, and games. But in an Order-66 style purge,",7550652b,"Um, actually, the Holocron system was not retired in a manner likened to an ""Order-66 style purge."" The transition to a reorganized canon under Disney's ownership was a deliberate restructuring rather than a sudden or aggressive elimination.",-0.43313038393408576,Yes
2,2,43,6," Before 2015, Lucasfilm maintained an elaborate database called the Holocron that established five different levels of canon for all the officially licensed Star Wars movies, TV shows, and games. But in an Order-66 style purge, Disney demoted properties like the animated ""Star Wars:",a4eb8fd1,Correct.,-0.12596509441731998,No
2,2,48,7," Before 2015, Lucasfilm maintained an elaborate database called the Holocron that established five different levels of canon for all the officially licensed Star Wars movies, TV shows, and games. But in an Order-66 style purge, Disney demoted properties like the animated ""Star Wars: The Clone Wars"" TV show,",56b23c50,"Um, actually, Disney did not demote the animated ""Star Wars: The Clone Wars"" TV show. Although the broader Expanded Universe content was reclassified as ""Legends,"" ""The Clone Wars"" remained part of the official canon and was later revived for a final season on Disney+.",-0.31073845929630556,Yes
2,2,53,8," Before 2015, Lucasfilm maintained an elaborate database called the Holocron that established five different levels of canon for all the officially licensed Star Wars movies, TV shows, and games. But in an Order-66 style purge, Disney demoted properties like the animated ""Star Wars: The Clone Wars"" TV show, the ""Star Wars Holiday Special"",",2554c16b,"Um, actually, Disney did not demote the animated ""Star Wars: The Clone Wars"" TV show, nor did they demote the ""Star Wars Holiday Special."" ""The Clone Wars"" remained part of the official canon and was even revived for a final season in 2020, while the ""Holiday Special"" was never considered canonical in the first place.",-0.2263409362024245,Yes
2,2,62,9," Before 2015, Lucasfilm maintained an elaborate database called the Holocron that established five different levels of canon for all the officially licensed Star Wars movies, TV shows, and games. But in an Order-66 style purge, Disney demoted properties like the animated ""Star Wars: The Clone Wars"" TV show, the ""Star Wars Holiday Special"", and the General Thrawn novels to non-canon 'Legend' status.",1e024e2c,"Um, actually, the animated ""Star Wars: The Clone Wars"" TV show was not demoted to non-canon 'Legend' status; it remained part of the official Star Wars canon after Disney's acquisition. Additionally, the ""Star Wars Holiday Special"" was never considered canon to begin with, so it was not demoted to 'Legend' status.",-0.1000913283494582,Yes
2,2,62,10," Before 2015, Lucasfilm maintained an elaborate database called the Holocron that established five different levels of canon for all the officially licensed Star Wars movies, TV shows, and games. But in an Order-66 style purge, Disney demoted properties like the animated ""Star Wars: The Clone Wars"" TV show, the ""Star Wars Holiday Special"", and the General Thrawn novels to non-canon 'Legend' status. ",2c561ef6,"Um, actually, Disney did not demote the ""Star Wars: The Clone Wars"" TV show to non-canon status; it remained part of the official canon and even received a final season under Disney's direction in 2020. Additionally, the ""Star Wars Holiday Special"" was never considered part of the official canon to begin with, so it was not demoted to ""Legend"" status.",-0.3471846419666574,Yes
3,3,4,1," In Resident Evil 4,",7d962747,Correct.,-7.9102773e-05,No
3,3,21,2," In Resident Evil 4, pleayers will be shocked to learn that the cult members of a village are not actually zombies,",e2f3679b,"Um, actually, while some players may initially expect zombies, it is not commonly considered ""shocking"" to learn that the cult members are not zombies, as this information is introduced early in the game and is a central part of the narrative.",-0.32630645841582134,Yes
3,3,44,3," In Resident Evil 4, pleayers will be shocked to learn that the cult members of a village are not actually zombies, but actually hosts to parasitic organism known as ""Las Plagas"" which were developed by supporting protagonist Luis Sera and game antagonist Osmund Saddler.",ad396dd6,"Um, actually, Luis Sera did not develop Las Plagas; he studied and refined its applications under Osmund Saddler's orders, and he later regretted his involvement. Additionally, Osmund Saddler did not develop Las Plagas either; he discovered and weaponized the ancient organism.",-0.3563304839931548,Yes
3,3,44,4," In Resident Evil 4, pleayers will be shocked to learn that the cult members of a village are not actually zombies, but actually hosts to parasitic organism known as ""Las Plagas"" which were developed by supporting protagonist Luis Sera and game antagonist Osmund Saddler. ",277c826e,"Um, actually, the parasitic organism ""Las Plagas"" was not developed by either Luis Sera or Osmund Saddler. It is an ancient parasite that Saddler discovered and weaponized, while Sera only studied and refined it.",-0.16067405564013065,Yes
4,4,1,1," Earth--77013,",cb6c2585,Correct.,-2.041269325e-06,No
4,4,11,2," Earth--77013, the continuity depicted in the Amazing Spider-Man newspaper comic strip,",b7bf5330,Correct.,-9.3123195e-07,No
4,4,17,3," Earth--77013, the continuity depicted in the Amazing Spider-Man newspaper comic strip, featured a number of unique villains,",ebcd26f2,Correct.,-1.0504357e-06,No
4,4,19,4," Earth--77013, the continuity depicted in the Amazing Spider-Man newspaper comic strip, featured a number of unique villains, including Clown-9,",0b334413,Correct.,-8.120283e-07,No
4,4,33,5," Earth--77013, the continuity depicted in the Amazing Spider-Man newspaper comic strip, featured a number of unique villains, including Clown-9, an actor enraged because he wasn't allowed to improv jokes in a Broadway play,",b6dd2b06,Correct.,-7.524265e-07,No
4,4,35,6," Earth--77013, the continuity depicted in the Amazing Spider-Man newspaper comic strip, featured a number of unique villains, including Clown-9, an actor enraged because he wasn't allowed to improv jokes in a Broadway play, and Hugo,",5bd0325c,Correct.,-8.120283e-07,No
4,4,44,7," Earth--77013, the continuity depicted in the Amazing Spider-Man newspaper comic strip, featured a number of unique villains, including Clown-9, an actor enraged because he wasn't allowed to improv jokes in a Broadway play, and Hugo, a butler who knocked Spider-Man unconscious with a brick.",2556391a,Correct.,-8.120283e-07,No
4,4,54,8," Earth--77013, the continuity depicted in the Amazing Spider-Man newspaper comic strip, featured a number of unique villains, including Clown-9, an actor enraged because he wasn't allowed to improv jokes in a Broadway play, and Hugo, a butler who knocked Spider-Man unconscious with a brick. Peter Parker also assumed the alternative identity Gown Man when,",3c9524ca,"Um, actually, Peter Parker never assumed the alternative identity of ""Gown Man"" in any established continuity, including Earth-77013 or the *Amazing Spider-Man* newspaper comic strip. This identity does not exist in official Marvel lore.",-0.12361418518183293,Yes
4,4,61,9," Earth--77013, the continuity depicted in the Amazing Spider-Man newspaper comic strip, featured a number of unique villains, including Clown-9, an actor enraged because he wasn't allowed to improv jokes in a Broadway play, and Hugo, a butler who knocked Spider-Man unconscious with a brick. Peter Parker also assumed the alternative identity Gown Man when, wearing only a very short hospital gown,",0957b39f,"Um, actually, the continuity depicted in the *Amazing Spider-Man* newspaper comic strip is Earth-77013, not Earth-616, and there is no evidence that Peter Parker ever assumed the alternative identity ""Gown Man"" or wore a very short hospital gown as part of such an identity.",-0.12233825286707219,Yes
4,4,72,10," Earth--77013, the continuity depicted in the Amazing Spider-Man newspaper comic strip, featured a number of unique villains, including Clown-9, an actor enraged because he wasn't allowed to improv jokes in a Broadway play, and Hugo, a butler who knocked Spider-Man unconscious with a brick. Peter Parker also assumed the alternative identity Gown Man when, wearing only a very short hospital gown, he had to escape a doctor trying to steal his blood.",39ea4ef0,"Um, actually, the Amazing Spider-Man newspaper comic strip is set in its own separate continuity (Earth-77013), but Peter Parker never formally assumed the identity of ""Gown Man"" in this or any other continuity. The term is an informal reference, not an official superhero identity. Additionally, the ""Gown Man"" scenario occurred in ""Ultimate Spider-Man,"" not Earth-77013.",-0.21930755901957552,Yes
4,4,72,11," Earth--77013, the continuity depicted in the Amazing Spider-Man newspaper comic strip, featured a number of unique villains, including Clown-9, an actor enraged because he wasn't allowed to improv jokes in a Broadway play, and Hugo, a butler who knocked Spider-Man unconscious with a brick. Peter Parker also assumed the alternative identity Gown Man when, wearing only a very short hospital gown, he had to escape a doctor trying to steal his blood. ",e8e74d39,Correct.,-9.3123195e-07,No
5,5,19,1," While you probably know that Prince Adam uses the phrase ""By the Power of Greyskull"" to turn into He-Man,",b11aedb0,Correct.,-6.3322285e-07,No
5,5,35,2," While you probably know that Prince Adam uses the phrase ""By the Power of Greyskull"" to turn into He-Man, you may not remember the phrase he uses to turn from He-Man back into Prince Adam:",63e6049b,"Um, actually, Prince Adam does not use a specific phrase to turn from He-Man back into Prince Adam. The act of reverting is typically shown without a verbal incantation in the animated series.",-0.5825020205583413,Yes
5,5,53,3," While you probably know that Prince Adam uses the phrase ""By the Power of Greyskull"" to turn into He-Man, you may not remember the phrase he uses to turn from He-Man back into Prince Adam: ""Let the Power Return!"" That's because He-Man said it in only one episode of his 80's TV series.",96321a76,Correct.,-7.524265e-07,No
5,5,78,4," While you probably know that Prince Adam uses the phrase ""By the Power of Greyskull"" to turn into He-Man, you may not remember the phrase he uses to turn from He-Man back into Prince Adam: ""Let the Power Return!"" That's because He-Man said it in only one episode of his 80's TV series. ""The Problem with Power,"" when he gave up being He-Man after Skeletor tricked him into thinking using his powers would cause Castle Greyskull to explode.",4f6feed1,"Um, actually, in the episode ""The Problem with Power,"" Skeletor tricks He-Man into believing his actions caused an innocent person’s death, not that using his powers would cause Castle Grayskull to explode.",-0.15484284943108156,Yes
5,5,78,5," While you probably know that Prince Adam uses the phrase ""By the Power of Greyskull"" to turn into He-Man, you may not remember the phrase he uses to turn from He-Man back into Prince Adam: ""Let the Power Return!"" That's because He-Man said it in only one episode of his 80's TV series. ""The Problem with Power,"" when he gave up being He-Man after Skeletor tricked him into thinking using his powers would cause Castle Greyskull to explode. ",2a48f53c,"Um, actually, He-Man never said the phrase ""Let the Power Return!"" in the 1980s TV series. That phrase is from the 2002 reboot. Additionally, while He-Man gave up his powers in ""The Problem with Power,"" Skeletor tricked him into believing he caused the death of an innocent, not that using his powers would cause Castle Grayskull to explode.",-0.17424902480660426,Yes
6,6,12,1," During the first season of Blaseball (the absurdist baseball simulation horror game),",20e70114,Correct.,-7.524265e-07,No
6,6,19,2," During the first season of Blaseball (the absurdist baseball simulation horror game), the Commissioner opened the Book of Blaseball,",2f23b62a,Correct.,-7.524265e-07,No
6,6,25,3," During the first season of Blaseball (the absurdist baseball simulation horror game), the Commissioner opened the Book of Blaseball, also known as The Forbidden Book.",20f7e952,"Um, actually, the Commissioner did not open the Book of Blaseball during the first season. The Book of Blaseball, also known as The Forbidden Book, was opened at the end of Season 3.",-0.04143084991307545,Yes
6,6,28,4," During the first season of Blaseball (the absurdist baseball simulation horror game), the Commissioner opened the Book of Blaseball, also known as The Forbidden Book. As a result,",0c38c9de,Correct.,-1.288843e-06,No
6,6,33,5," During the first season of Blaseball (the absurdist baseball simulation horror game), the Commissioner opened the Book of Blaseball, also known as The Forbidden Book. As a result, there was a Solar Eclipse,",b9e7b5c9,"Um, actually, a Solar Eclipse did not occur during the first season of Blaseball. Solar Eclipse weather was introduced in later seasons of the game.",-0.12622990067097742,Yes
6,6,40,6," During the first season of Blaseball (the absurdist baseball simulation horror game), the Commissioner opened the Book of Blaseball, also known as The Forbidden Book. As a result, there was a Solar Eclipse, the eyes of the umpires turned white,",f24bd04e,"Um, actually, the opening of the Book of Blaseball did not result in a Solar Eclipse, and the eyes of the umpires did not turn white as a result of the Solar Eclipse. These events are part of the fictional narrative of the game and not based on real-world phenomena.",-0.1556488603067017,Yes
6,6,44,7," During the first season of Blaseball (the absurdist baseball simulation horror game), the Commissioner opened the Book of Blaseball, also known as The Forbidden Book. As a result, there was a Solar Eclipse, the eyes of the umpires turned white, Jaylen Hotdogfingers was incinerated,",c6698523,"Um, actually, the eyes of the umpires turning white is not definitively connected to the opening of the Book of Blaseball, and Jaylen Hotdogfingers was incinerated during Season 3, not the first season.",-0.12771003276913737,Yes
6,6,52,8," During the first season of Blaseball (the absurdist baseball simulation horror game), the Commissioner opened the Book of Blaseball, also known as The Forbidden Book. As a result, there was a Solar Eclipse, the eyes of the umpires turned white, Jaylen Hotdogfingers was incinerated, a Hellmouth spawned and swallowed the Moab Desert,",6e1dccd8,"Um, actually, the eyes of the umpires turned white starting in Season 3 of Blaseball, not during the first season. Additionally, Jaylen Hotdogfingers was incinerated during Season 3, Day 9, not during the first season. Lastly, there is no evidence that the Hellmouth literally swallowed the Moab Desert; it replaced the Moab Desert as the home stadium for the Hellmouth Sunbeams.",-0.1059783245596494,Yes
6,6,57,9," During the first season of Blaseball (the absurdist baseball simulation horror game), the Commissioner opened the Book of Blaseball, also known as The Forbidden Book. As a result, there was a Solar Eclipse, the eyes of the umpires turned white, Jaylen Hotdogfingers was incinerated, a Hellmouth spawned and swallowed the Moab Desert, and the Discipline Era began.",894f07bb,"Um, actually, the Commissioner did not open the Book of Blaseball during the first season; this occurred later in the timeline. Additionally, the opening of the Book did not directly result in a Solar Eclipse, the eyes of the umpires turning white, or Jaylen Hotdogfingers' incineration, which happened in Season 3. Furthermore, the Hellmouth swallowing the Moab Desert did not occur during the first season.",-0.11203204012118674,Yes
6,6,60,10," During the first season of Blaseball (the absurdist baseball simulation horror game), the Commissioner opened the Book of Blaseball, also known as The Forbidden Book. As a result, there was a Solar Eclipse, the eyes of the umpires turned white, Jaylen Hotdogfingers was incinerated, a Hellmouth spawned and swallowed the Moab Desert, and the Discipline Era began. But everyone agreed,",9a449b8a,"Um, actually, the Commissioner of Blaseball did not open the Book of Blaseball during the first season; this event occurred later in the storyline. Additionally, Solar Eclipses are not caused by the Book being opened, the eyes of the umpires did not turn white, a Hellmouth did not swallow the Moab Desert, and not everyone agreed on the events.",-0.1832115864730465,Yes
6,6,66,11," During the first season of Blaseball (the absurdist baseball simulation horror game), the Commissioner opened the Book of Blaseball, also known as The Forbidden Book. As a result, there was a Solar Eclipse, the eyes of the umpires turned white, Jaylen Hotdogfingers was incinerated, a Hellmouth spawned and swallowed the Moab Desert, and the Discipline Era began. But everyone agreed, the Commissioner did a great job!",26c8af39,"Um, actually, opening the Book of Blaseball did not cause a Solar Eclipse, and there is no record of a Hellmouth spawning and swallowing the Moab Desert. Additionally, not everyone agreed that the Commissioner did a great job during the first season of Blaseball.",-0.0709040096062943,Yes
7,7,12,1, 80's cartoons loved thrusting live-action sitcom characters into sci-fi and fantasy settings.,809859fe,"Um, actually, 80's cartoons did not frequently thrust live-action sitcom characters into sci-fi and fantasy settings. While there were exceptions like ""The Fonz and the Happy Days Gang"" and ""Gilligan's Planet,"" this was not a widespread trend in 1980s animated shows.",-0.1298210401059683,Yes
7,7,31,2, 80's cartoons loved thrusting live-action sitcom characters into sci-fi and fantasy settings. Various animated spinoffs stranded Gilligan and the SS Minnow gang on an alien planet after their homemade rocket crashed;,d217051a,Correct.,-3.948155e-07,No
7,7,41,3, 80's cartoons loved thrusting live-action sitcom characters into sci-fi and fantasy settings. Various animated spinoffs stranded Gilligan and the SS Minnow gang on an alien planet after their homemade rocket crashed; relocated Laverne and Shirley to Transylvania with a vampirre Squiggy;,a96524e5,Correct.,-2.75611825e-07,No
7,7,59,4, 80's cartoons loved thrusting live-action sitcom characters into sci-fi and fantasy settings. Various animated spinoffs stranded Gilligan and the SS Minnow gang on an alien planet after their homemade rocket crashed; relocated Laverne and Shirley to Transylvania with a vampirre Squiggy; and sent the Fonz and his friends traveling to the future and past in a broken time machine.,1dc39fcd,Correct.,-1.8624639e-06,No
8,8,5,1," Early in the game Bloodborne,",83c45587,Correct.,-1.2292411e-06,No
8,8,20,2," Early in the game Bloodborne, the player can find a note in losefka's Clinic that gives them their primary objective:",6738c26b,"Um, actually, there is no note in Iosefka's Clinic in *Bloodborne* that gives the player their primary objective. Instead, the game's guidance comes from character dialogue and exploration.",-0.2709236728200387,Yes
8,8,38,3," Early in the game Bloodborne, the player can find a note in losefka's Clinic that gives them their primary objective: ""Seek Paleblood to transcend the hunt."" Paleblood is one name for the optional final boss of the game,",2da9bc58,"Um, actually, Paleblood is not a name for the optional final boss of the game. The optional final boss is called the ""Moon Presence.""",-0.027091007795841934,Yes
8,8,41,4," Early in the game Bloodborne, the player can find a note in losefka's Clinic that gives them their primary objective: ""Seek Paleblood to transcend the hunt."" Paleblood is one name for the optional final boss of the game, the Moon Presence,",c428cdea,"Um, actually, Paleblood is not explicitly identified as the Moon Presence in Bloodborne. While the note in Iosefka's Clinic says, ""Seek Paleblood to transcend the hunt,"" Paleblood is a mysterious concept and not a name for the optional final boss.",-0.17823029997513187,Yes
8,8,50,5," Early in the game Bloodborne, the player can find a note in losefka's Clinic that gives them their primary objective: ""Seek Paleblood to transcend the hunt."" Paleblood is one name for the optional final boss of the game, the Moon Presence, which is also believed to have a third name:",524d2e39,"Um, actually, ""Paleblood"" is not explicitly stated in the game to refer to the optional final boss, the Moon Presence. The term's meaning is ambiguous and open to interpretation, but there is no direct in-game evidence linking it as another name for the Moon Presence.",-0.3100091591313999,Yes
8,8,51,6," Early in the game Bloodborne, the player can find a note in losefka's Clinic that gives them their primary objective: ""Seek Paleblood to transcend the hunt."" Paleblood is one name for the optional final boss of the game, the Moon Presence, which is also believed to have a third name: Flora.",7fb6a5a7,"Um, actually, Paleblood is not a name for the optional final boss of *Bloodborne*, the Moon Presence. Paleblood is a mysterious concept whose exact meaning is open to interpretation.",-0.3672898141224715,Yes
8,8,51,7," Early in the game Bloodborne, the player can find a note in losefka's Clinic that gives them their primary objective: ""Seek Paleblood to transcend the hunt."" Paleblood is one name for the optional final boss of the game, the Moon Presence, which is also believed to have a third name: Flora. ",a4ffbc5f,"Um, actually, ""Paleblood"" is not a name for the optional final boss of Bloodborne, the Moon Presence. It refers to a mysterious concept in the game and is not explicitly tied to the Moon Presence as an alternate name.",-0.16907564746106626,Yes
9,9,12,1," Sewing a button back onto a shirt is a deceptively easy skill,",da0ab4aa,Correct.,-7.524265e-07,No
9,9,21,2," Sewing a button back onto a shirt is a deceptively easy skill, but here are some tips to make it easier:",b3387199,Correct.,-6.3322285e-07,No
9,9,31,3," Sewing a button back onto a shirt is a deceptively easy skill, but here are some tips to make it easier: Cut a long length of string to give yourself room,",db885ff6,Correct.,-0.0070824460192,No
9,9,46,4," Sewing a button back onto a shirt is a deceptively easy skill, but here are some tips to make it easier: Cut a long length of string to give yourself room, double knot the end of the string to keep it from coming through the fabric,",82e91864,"Um, actually, cutting a long length of string is not recommended. Using an overly long thread can lead to tangling or knotting; it's better to use a manageable length, typically 18-24 inches.",-0.3397460351251594,Yes
9,9,57,5," Sewing a button back onto a shirt is a deceptively easy skill, but here are some tips to make it easier: Cut a long length of string to give yourself room, double knot the end of the string to keep it from coming through the fabric, always keep the string taut as you move between button holes,",cb531241,"Um, actually, the term ""string"" is incorrect in this context; you should use ""thread"" when sewing a button.",-0.3816608171671522,Yes
9,9,75,6," Sewing a button back onto a shirt is a deceptively easy skill, but here are some tips to make it easier: Cut a long length of string to give yourself room, double knot the end of the string to keep it from coming through the fabric, always keep the string taut as you move between button holes, and pass the string through each button hole between 6-8 times to ensure it stays on this time!",e6b33bfb,"Um, actually, the string used for sewing a button should not be cut to a very long length, as this can increase the risk of tangling or knotting. A manageable length, around 18-24 inches, is recommended instead.",-0.1681973466323041,Yes
10,10,2,1," Zaphod Beeblebrox,",23d774cb,Correct.,-2.75611825e-07,No
10,10,20,2," Zaphod Beeblebrox, an important character in ""The Hitchhiker's Guide to the Galaxy,"" invented a cocktail called the Pan-Galactic Gargle Blaster,",8316407d,Correct.,-9.3123195e-07,No
10,10,39,3," Zaphod Beeblebrox, an important character in ""The Hitchhiker's Guide to the Galaxy,"" invented a cocktail called the Pan-Galactic Gargle Blaster, decribed as ""the alcoholic equivalent of a mugging-- expensive and bad for the head."" It includes some wild ingredients,",5dcf7bd7,Correct.,-3.948155e-07,No
10,10,46,4," Zaphod Beeblebrox, an important character in ""The Hitchhiker's Guide to the Galaxy,"" invented a cocktail called the Pan-Galactic Gargle Blaster, decribed as ""the alcoholic equivalent of a mugging-- expensive and bad for the head."" It includes some wild ingredients, like the tooth of an Algolian Suntiger,",ce5de279,Correct.,-6.3322285e-07,No
10,10,51,5," Zaphod Beeblebrox, an important character in ""The Hitchhiker's Guide to the Galaxy,"" invented a cocktail called the Pan-Galactic Gargle Blaster, decribed as ""the alcoholic equivalent of a mugging-- expensive and bad for the head."" It includes some wild ingredients, like the tooth of an Algolian Suntiger, three cubes of Arcturan Mega-gin,",d8ca7c3b,"Um, actually, the Pan-Galactic Gargle Blaster includes one measure of Arcturan Mega-gin, not three cubes.",-0.0005992125518696429,Yes
10,10,55,6," Zaphod Beeblebrox, an important character in ""The Hitchhiker's Guide to the Galaxy,"" invented a cocktail called the Pan-Galactic Gargle Blaster, decribed as ""the alcoholic equivalent of a mugging-- expensive and bad for the head."" It includes some wild ingredients, like the tooth of an Algolian Suntiger, three cubes of Arcturan Mega-gin, and strangest of all,",b3d9c5c4,Correct.,-2.004065e-06,No
10,10,63,7," Zaphod Beeblebrox, an important character in ""The Hitchhiker's Guide to the Galaxy,"" invented a cocktail called the Pan-Galactic Gargle Blaster, decribed as ""the alcoholic equivalent of a mugging-- expensive and bad for the head."" It includes some wild ingredients, like the tooth of an Algolian Suntiger, three cubes of Arcturan Mega-gin, and strangest of all, you have to add a slice of lemon.",b29b11ab,Correct.,-1.0504357e-06,No
11,11,10,1," Brian Jacques' ""Redwall"" series is known for its anthropomorphic critters,",c8ce9304,Correct.,-2.1601e-07,No
11,11,13,2," Brian Jacques' ""Redwall"" series is known for its anthropomorphic critters, its fantastical adventures,",e0b03aac,Correct.,-3.948155e-07,No
11,11,16,3," Brian Jacques' ""Redwall"" series is known for its anthropomorphic critters, its fantastical adventures, and its feasts.",5320f1b0,Correct.,-3.948155e-07,No
11,11,21,4," Brian Jacques' ""Redwall"" series is known for its anthropomorphic critters, its fantastical adventures, and its feasts. Dishes like Shrewbread Bubbling Bobbs,",b6be53b4,"Um, actually, ""Shrewbread Bubbling Bobbs"" is not a dish mentioned in the ""Redwall"" series.",-0.030450918383142695,Yes
11,11,29,5," Brian Jacques' ""Redwall"" series is known for its anthropomorphic critters, its fantastical adventures, and its feasts. Dishes like Shrewbread Bubbling Bobbs, and Deeper'n'Ever Turnip'n'Tater'n'Beetroot Pie appear in the books,",cf523a78,Correct.,-4.5441732e-07,No
11,11,44,6," Brian Jacques' ""Redwall"" series is known for its anthropomorphic critters, its fantastical adventures, and its feasts. Dishes like Shrewbread Bubbling Bobbs, and Deeper'n'Ever Turnip'n'Tater'n'Beetroot Pie appear in the books, and rabbits are notorious for eating portions well pass what would be expected of them.",d0387d5b,Correct.,-0.039445963620999995,No
12,12,20,1," In Cathy Yan's ""Birds of Prey (And the Fantabulous Emancipation of One Harley Quinn),"" Harley describes the perfect egg sandwich:",958bbbe5,Correct.,-4.5441732e-07,No
12,12,21,2," In Cathy Yan's ""Birds of Prey (And the Fantabulous Emancipation of One Harley Quinn),"" Harley describes the perfect egg sandwich: eggs,",76025f69,"Um, actually, the description of the perfect egg sandwich in ""Birds of Prey"" includes ingredients like cheese, bacon, and a buttery roll, not just ""eggs.""",-0.09499937679423245,Yes
12,12,22,3," In Cathy Yan's ""Birds of Prey (And the Fantabulous Emancipation of One Harley Quinn),"" Harley describes the perfect egg sandwich: eggs, bacon,",d1f15f29,Correct.,-0.12596555441732,No
12,12,26,4," In Cathy Yan's ""Birds of Prey (And the Fantabulous Emancipation of One Harley Quinn),"" Harley describes the perfect egg sandwich: eggs, bacon, a soft buttered roll,",ec521532,"Um, actually, Harley Quinn's description of the perfect egg sandwich in the movie also includes cheese, which is not mentioned in the statement.",-0.21849690535402355,Yes
12,12,35,5," In Cathy Yan's ""Birds of Prey (And the Fantabulous Emancipation of One Harley Quinn),"" Harley describes the perfect egg sandwich: eggs, bacon, a soft buttered roll, American cheese at least 6 months out of date,",31caa22c,"Um, actually, the description of the perfect egg sandwich in ""Birds of Prey"" does not include ""American cheese at least 6 months out of date."" It includes standard melted American cheese.",-0.26599508314929876,Yes
12,12,40,6," In Cathy Yan's ""Birds of Prey (And the Fantabulous Emancipation of One Harley Quinn),"" Harley describes the perfect egg sandwich: eggs, bacon, a soft buttered roll, American cheese at least 6 months out of date, and stray Armenian arm hair.",9c87b7a0,"Um, actually, while Cathy Yan did direct ""Birds of Prey (And the Fantabulous Emancipation of One Harley Quinn)"" and Harley Quinn does describe her perfect egg sandwich in the film, the sandwich does not include ""American cheese at least 6 months out of date"" or ""stray Armenian arm hair."" These details are fabricated.",-0.11251999899660561,Yes
12,12,41,7," In Cathy Yan's ""Birds of Prey (And the Fantabulous Emancipation of One Harley Quinn),"" Harley describes the perfect egg sandwich: eggs, bacon, a soft buttered roll, American cheese at least 6 months out of date, and stray Armenian arm hair. Unfortunately,",42e030a7,"Um, actually, the film does not specify the ingredients of the egg sandwich as including American cheese at least 6 months out of date or stray Armenian arm hair. The correct ingredients are a soft, buttered roll, a fried egg, bacon, and melted American cheese.",-0.07756690730310782,Yes
12,12,59,8," In Cathy Yan's ""Birds of Prey (And the Fantabulous Emancipation of One Harley Quinn),"" Harley describes the perfect egg sandwich: eggs, bacon, a soft buttered roll, American cheese at least 6 months out of date, and stray Armenian arm hair. Unfortunately, Harley never gets to eat one in the movie because Renne Montoya knocks it out of her hands.",c4273c90,Correct.,-1.0504357e-06,No
12,12,59,9," In Cathy Yan's ""Birds of Prey (And the Fantabulous Emancipation of One Harley Quinn),"" Harley describes the perfect egg sandwich: eggs, bacon, a soft buttered roll, American cheese at least 6 months out of date, and stray Armenian arm hair. Unfortunately, Harley never gets to eat one in the movie because Renne Montoya knocks it out of her hands. ",db0c4d0c,Correct.,-5.73621e-07,No
13,13,3,1," In ""Dragon Age:",4b17a125,Correct.,-0.0043077984173200004,No
13,13,15,2," In ""Dragon Age: Origins,"" players and their companions can consume a variety of questionable brews.",06338faa,Correct.,-2.75611825e-07,No
13,13,23,3," In ""Dragon Age: Origins,"" players and their companions can consume a variety of questionable brews. In addition to drinking the standard health potions,",9d7a5b6a,Correct.,-1.944463e-06,No
13,13,25,4," In ""Dragon Age: Origins,"" players and their companions can consume a variety of questionable brews. In addition to drinking the standard health potions, stamina draughts,",c13742bd,Correct.,-6.3322285e-07,No
13,13,32,5," In ""Dragon Age: Origins,"" players and their companions can consume a variety of questionable brews. In addition to drinking the standard health potions, stamina draughts, and lyrium potions offered throughout the game,",034ec37e,"Um, actually, ""questionable brews"" are not an official feature of ""Dragon Age: Origins."" While the game includes health poultices, stamina draughts, and lyrium potions, there are no recognized consumable items labeled as ""questionable brews"" in the game.",-0.2600597997780385,Yes
13,13,41,6," In ""Dragon Age: Origins,"" players and their companions can consume a variety of questionable brews. In addition to drinking the standard health potions, stamina draughts, and lyrium potions offered throughout the game, characters can gulp down such delicacies as Antivan brandy,",da4a6b8d,"Um, actually, Antivan brandy is not a consumable item in ""Dragon Age: Origins."" It is a gift item used to increase Oghren's approval rating.",-0.11734840634750417,Yes
13,13,44,7," In ""Dragon Age: Origins,"" players and their companions can consume a variety of questionable brews. In addition to drinking the standard health potions, stamina draughts, and lyrium potions offered throughout the game, characters can gulp down such delicacies as Antivan brandy, dwarven regicide antidote,",062a7405,Correct.,-1.0504357e-06,No
13,13,50,8," In ""Dragon Age: Origins,"" players and their companions can consume a variety of questionable brews. In addition to drinking the standard health potions, stamina draughts, and lyrium potions offered throughout the game, characters can gulp down such delicacies as Antivan brandy, dwarven regicide antidote, a vial of concentrated blood magic,",a62e6237,"Um, actually, characters in ""Dragon Age: Origins"" cannot consume Antivan brandy, dwarven regicide antidote, or a vial of concentrated blood magic, as none of these items are drinkable in the game.",-0.22040914698763675,Yes
13,13,57,9," In ""Dragon Age: Origins,"" players and their companions can consume a variety of questionable brews. In addition to drinking the standard health potions, stamina draughts, and lyrium potions offered throughout the game, characters can gulp down such delicacies as Antivan brandy, dwarven regicide antidote, a vial of concentrated blood magic, and even a goblet of darkspawn blood.",17d88336,"Um, actually, players and their companions in ""Dragon Age: Origins"" cannot consume Antivan brandy, dwarven regicide antidote, or a vial of concentrated blood magic, as these are not consumable items in the game.",-0.08213586327673646,Yes
14,14,8,1," Over the history of the Star Trek universe,",913f3b7f,Correct.,-1.38564935e-06,No
14,14,18,2," Over the history of the Star Trek universe, the Federation gets better and better at creating synthetic food.",ce01eb57,Correct.,-6.3322285e-07,No
14,14,22,3," Over the history of the Star Trek universe, the Federation gets better and better at creating synthetic food. In Captain Pike's day,",d79ff86d,Correct.,-5.140192e-07,No
14,14,31,4," Over the history of the Star Trek universe, the Federation gets better and better at creating synthetic food. In Captain Pike's day, the food synthesizers build meals out of glucose matrix;",410e8bd9,"Um, actually, the food synthesizers in Captain Pike's time do not explicitly build meals out of a glucose matrix. The mechanism or substance used is not detailed in the series.",-0.09999936594055278,Yes
14,14,38,5," Over the history of the Star Trek universe, the Federation gets better and better at creating synthetic food. In Captain Pike's day, the food synthesizers build meals out of glucose matrix; by the 31st century depicted in Discovery,",7093301c,"Um, actually, it has not been specifically depicted in the Star Trek universe that food synthesizers during Captain Pike's time use a glucose matrix to create meals. This detail is not canonical.",-0.10693669284933342,Yes
14,14,51,6," Over the history of the Star Trek universe, the Federation gets better and better at creating synthetic food. In Captain Pike's day, the food synthesizers build meals out of glucose matrix; by the 31st century depicted in Discovery, the Federation could craft near-perfect simulations of real food out of quantum foam.",7dbeae82,Correct.,-6.10825525e-07,No
15,15,14,1, Blue milk is enjoyed in the Star Wars universe by heroes and villains alike.,57a03dd4,Correct.,-1.147242025e-06,No
15,15,20,2, Blue milk is enjoyed in the Star Wars universe by heroes and villains alike. Luke Skywalker drank it as a,870a29a7,Correct.,-0.000402588511825,No
15,15,26,2," Blue milk is enjoyed in the Star Wars universe by heroes and villains alike. Luke Skywalker drank it as a teen on Tatooine in ""A New",98a52e0d,"Um, actually, there is a scene in ""Star Wars: Episode IV - A New Hope"" where Luke Skywalker is shown drinking blue milk at his home on Tatooine. The claim that there is no such scene is incorrect.",-0.22109723050256666,Yes
15,15,33,2," Blue milk is enjoyed in the Star Wars universe by heroes and villains alike. Luke Skywalker drank it as a teen on Tatooine in ""A New Hope"" and as an old man on",118e1775,Correct.,-0.0242945923155,No
15,15,38,2," Blue milk is enjoyed in the Star Wars universe by heroes and villains alike. Luke Skywalker drank it as a teen on Tatooine in ""A New Hope"" and as an old man on Ahch-To in ""The Last Jedi,""",1a1cadd7,Correct.,-9.3123195e-07,No
15,15,43,2," Blue milk is enjoyed in the Star Wars universe by heroes and villains alike. Luke Skywalker drank it as a teen on Tatooine in ""A New Hope"" and as an old man on Ahch-To in ""The Last Jedi,"" and when a disgraced Syril",55ede797,"Um, actually, Luke Skywalker did not drink blue milk as an old man on Ahch-To in ""The Last Jedi""; he drank green milk harvested from a thala-siren. Also, while Syril Karn drinks blue milk in ""Andor,"" there is no direct narrative connection between blue milk and his status as disgraced.",-0.15692902380451762,Yes
15,15,50,2," Blue milk is enjoyed in the Star Wars universe by heroes and villains alike. Luke Skywalker drank it as a teen on Tatooine in ""A New Hope"" and as an old man on Ahch-To in ""The Last Jedi,"" and when a disgraced Syril Karn had to move back to his",ff0709d6,"Um, actually, Luke Skywalker drank green milk, not blue milk, as an old man on Ahch-To in ""The Last Jedi."" Additionally, Syril Karn is shown eating cereal with blue milk, but not explicitly drinking blue milk, after moving back to his mother's home in ""Andor.""",-0.13458981016097685,Yes
15,15,54,2," Blue milk is enjoyed in the Star Wars universe by heroes and villains alike. Luke Skywalker drank it as a teen on Tatooine in ""A New Hope"" and as an old man on Ahch-To in ""The Last Jedi,"" and when a disgraced Syril Karn had to move back to his mother's apartment in ""Andor,""",cd4c481b,"Um, actually, Luke Skywalker did not drink blue milk as an old man on Ahch-To in ""The Last Jedi""; he drank green milk from a Thala-siren.",-0.056198191635629745,Yes
15,15,60,2," Blue milk is enjoyed in the Star Wars universe by heroes and villains alike. Luke Skywalker drank it as a teen on Tatooine in ""A New Hope"" and as an old man on Ahch-To in ""The Last Jedi,"" and when a disgraced Syril Karn had to move back to his mother's apartment in ""Andor,"" he often had it in his",f531424e,"Um, actually, Luke Skywalker drank green milk, not blue milk, as an old man on Ahch-To in ""The Last Jedi.""",-0.007213595151294827,Yes
15,15,62,2," Blue milk is enjoyed in the Star Wars universe by heroes and villains alike. Luke Skywalker drank it as a teen on Tatooine in ""A New Hope"" and as an old man on Ahch-To in ""The Last Jedi,"" and when a disgraced Syril Karn had to move back to his mother's apartment in ""Andor,"" he often had it in his breakfast cereal.",959c1139,"Um, actually, Luke Skywalker drank green milk from a thala-siren as an old man on Ahch-To in ""The Last Jedi,"" not blue milk.",-0.015988690189810292,Yes
15,15,62,3," Blue milk is enjoyed in the Star Wars universe by heroes and villains alike. Luke Skywalker drank it as a teen on Tatooine in ""A New Hope"" and as an old man on Ahch-To in ""The Last Jedi,"" and when a disgraced Syril Karn had to move back to his mother's apartment in ""Andor,"" he often had it in his breakfast cereal. ",948e6d3c,"Um, actually, Luke Skywalker drank green milk, not blue milk, as an old man on Ahch-To in ""The Last Jedi.""",-0.004337211176263103,Yes
16,16,8,1," In ""Our Town,"" a particularly gruesome X-Files episode,",88952be2,Correct.,-3.948155e-07,No
16,16,17,2," In ""Our Town,"" a particularly gruesome X-Files episode, Mulder and Scully investigate an Arkansas chicken processing plant,",fae09d43,Correct.,-5.140192e-07,No
16,16,43,3," In ""Our Town,"" a particularly gruesome X-Files episode, Mulder and Scully investigate an Arkansas chicken processing plant, where human beings are slaughtered by the evil Cigarette Smoking Man and his allies in the Syndicate and turned into food slurry for future alien colonists.",4505915d,"Um, actually, while ""Our Town"" is the title of a particularly gruesome X-Files episode, the Cigarette Smoking Man and the Syndicate are not involved, humans are not turned into food slurry, and there is no connection to alien colonists. The plot centers on cannibalism tied to a small Arkansas town's chicken processing plant.",-0.30895910779126007,Yes
16,16,43,4," In ""Our Town,"" a particularly gruesome X-Files episode, Mulder and Scully investigate an Arkansas chicken processing plant, where human beings are slaughtered by the evil Cigarette Smoking Man and his allies in the Syndicate and turned into food slurry for future alien colonists. ",8f016cb0,"Um, actually, the plot of ""Our Town"" does not involve the Cigarette Smoking Man, the Syndicate, the creation of food slurry, or alien colonists. Instead, it focuses on a cult-like town engaging in ritualistic cannibalism to extend their lifespans.",-0.3721629233154942,Yes
17,17,13,1," In slice-of-life movie ""Only Yesterday,"" Taeko recalls her father bringing home a pineapple,",6c6f3d72,Correct.,-5.73621e-07,No
17,17,26,2," In slice-of-life movie ""Only Yesterday,"" Taeko recalls her father bringing home a pineapple, an exotic fruit that no one in the family knows how to curve.",c608bfb6,Correct.,-1.944463e-06,No
17,17,35,3," In slice-of-life movie ""Only Yesterday,"" Taeko recalls her father bringing home a pineapple, an exotic fruit that no one in the family knows how to curve. By the time they learn how to serve it,",bba9daf1,Correct.,-1.445251125e-06,No
17,17,42,4," In slice-of-life movie ""Only Yesterday,"" Taeko recalls her father bringing home a pineapple, an exotic fruit that no one in the family knows how to curve. By the time they learn how to serve it, it's partially rotten and a huge disappointment.",d3217941,"Um, actually, the reference to the movie *Everything Everywhere All at Once* is incorrect. The pineapple disappointment occurs in the movie *Only Yesterday*, not *Everything Everywhere All at Once*.",-0.2229664658966424,Yes
17,17,46,5," In slice-of-life movie ""Only Yesterday,"" Taeko recalls her father bringing home a pineapple, an exotic fruit that no one in the family knows how to curve. By the time they learn how to serve it, it's partially rotten and a huge disappointment. This happens in 1966,",521c2bf3,Correct.,-8.196182515e-05,No
17,17,54,6," In slice-of-life movie ""Only Yesterday,"" Taeko recalls her father bringing home a pineapple, an exotic fruit that no one in the family knows how to curve. By the time they learn how to serve it, it's partially rotten and a huge disappointment. This happens in 1966, the same year the Beatles came to Japan.",70fd1dac,Correct.,-4.5441732e-07,No
18,18,10,1," Despite appearing in 137 episodes of fandom-themed game show ""Um,",e04558d8,"Um, actually, the individual did not appear in 137 episodes of ""Um, Actually,"" as the show has far fewer episodes and no individual appears in all of them.",-0.15072927081595086,Yes
18,18,19,2," Despite appearing in 137 episodes of fandom-themed game show ""Um, Actually,"" Mike Trapp has only ever acquired 5 points.",a580b274,"Um, actually, Mike Trapp is the host of ""Um, Actually,"" not a contestant, so he did not appear in 137 episodes solely as a player, nor is it accurate to claim he only acquired 5 points.",-0.21445079042408832,Yes
18,18,24,3," Despite appearing in 137 episodes of fandom-themed game show ""Um, Actually,"" Mike Trapp has only ever acquired 5 points. Four were from season 4,",abd67b23,"Um, actually, Mike Trapp has appeared in fewer than 137 episodes of ""Um, Actually,"" has earned far more than 5 points in total, and did not earn four of his points during season 4.",-0.06916010715818778,Yes
18,18,26,4," Despite appearing in 137 episodes of fandom-themed game show ""Um, Actually,"" Mike Trapp has only ever acquired 5 points. Four were from season 4, episode 9,",c6deb575,"Um, actually, Mike Trapp has not appeared in 137 episodes of ""Um, Actually,"" and he has scored more than 5 points across multiple episodes of the show.",-0.06641546482799945,Yes
18,18,31,5," Despite appearing in 137 episodes of fandom-themed game show ""Um, Actually,"" Mike Trapp has only ever acquired 5 points. Four were from season 4, episode 9, for questions on Power Rangers,",f76434cd,"Um, actually, Mike Trapp appeared in 138 episodes of ""Um, Actually"" as of October 2023, not 137. Additionally, Mike Trapp is the host of the show and does not acquire points as a regular player, so the claim about earning points in season 4, episode 9—particularly on Power Rangers—is incorrect.",-0.2242710896115472,Yes
18,18,35,6," Despite appearing in 137 episodes of fandom-themed game show ""Um, Actually,"" Mike Trapp has only ever acquired 5 points. Four were from season 4, episode 9, for questions on Power Rangers, The Sound of Music,",31ede3c0,"Um, actually, Mike Trapp is the host of the game show ""Um, Actually"" and not a participant, so he did not appear in 137 episodes as a participant. Additionally, while Mike Trapp earned points in season 4, episode 9 for questions on Power Rangers and The Sound of Music, the statement incorrectly claims he earned ""four of his five points"" in that episode, as his total number of points earned in that episode was not specified as five.",-0.22846716284296234,Yes
18,18,40,7," Despite appearing in 137 episodes of fandom-themed game show ""Um, Actually,"" Mike Trapp has only ever acquired 5 points. Four were from season 4, episode 9, for questions on Power Rangers, The Sound of Music, 20,000 Leagues Under the Sea,",9f30b042,"Um, actually, Mike Trapp has not participated in 137 episodes of ""Um, Actually,"" as he primarily appears as the host and has not limited his total earned points to only 5 across the show's history.",-0.5505419180598738,Yes
18,18,43,8," Despite appearing in 137 episodes of fandom-themed game show ""Um, Actually,"" Mike Trapp has only ever acquired 5 points. Four were from season 4, episode 9, for questions on Power Rangers, The Sound of Music, 20,000 Leagues Under the Sea, and Star Wars.",b4ec9891,"Um, actually, Mike Trapp appeared in 138 episodes of the fandom-themed game show ""Um, Actually,"" not 137 episodes. Additionally, the statement does not confirm if Mike Trapp acquired four points in season 4, episode 9, or if he answered the questions on Power Rangers, The Sound of Music, 20,000 Leagues Under the Sea, and Star Wars correctly.",-0.1745362022702438,Yes
18,18,48,9," Despite appearing in 137 episodes of fandom-themed game show ""Um, Actually,"" Mike Trapp has only ever acquired 5 points. Four were from season 4, episode 9, for questions on Power Rangers, The Sound of Music, 20,000 Leagues Under the Sea, and Star Wars. One is from season 5,",d04c5f9e,"Um, actually, Mike Trapp has not appeared in exactly 137 episodes of ""Um, Actually,"" and he does not typically compete for points in the show. Additionally, while he acquired 5 points during season 5, his total points accumulated on ""Um, Actually"" are not limited to those 5 points.",-0.6111914419377283,Yes
18,18,50,10," Despite appearing in 137 episodes of fandom-themed game show ""Um, Actually,"" Mike Trapp has only ever acquired 5 points. Four were from season 4, episode 9, for questions on Power Rangers, The Sound of Music, 20,000 Leagues Under the Sea, and Star Wars. One is from season 5, epside 14,",9657f0ce,"Um, actually, Mike Trapp has appeared in 138 episodes of ""Um, Actually"" as of the latest information, not 137. Additionally, he has earned more than 5 points across various episodes, not just 5 points total.",-0.128065475581845,Yes
18,18,57,11," Despite appearing in 137 episodes of fandom-themed game show ""Um, Actually,"" Mike Trapp has only ever acquired 5 points. Four were from season 4, episode 9, for questions on Power Rangers, The Sound of Music, 20,000 Leagues Under the Sea, and Star Wars. One is from season 5, epside 14, gifted to him by contestant James Willems,",590ad38f,"Um, actually, Mike Trapp has not appeared in 137 episodes of *Um, Actually*, and he has earned more than 5 points during his time on the show.",-0.2422894741136383,Yes
18,18,70,12," Despite appearing in 137 episodes of fandom-themed game show ""Um, Actually,"" Mike Trapp has only ever acquired 5 points. Four were from season 4, episode 9, for questions on Power Rangers, The Sound of Music, 20,000 Leagues Under the Sea, and Star Wars. One is from season 5, epside 14, gifted to him by contestant James Willems, to make it clear that the episode had 3 winners and one loser.",5b6af9b3,"Um, actually, Mike Trapp has appeared in 137 episodes of ""Um, Actually"" as of October 2023, but this count includes episodes where he served as host, not only as a contestant. Additionally, Mike Trapp has acquired more than 5 points during his appearances on the show. Furthermore, in season 5, episode 14, the point was gifted by James Willems to Brennan Lee Mulligan, not Mike Trapp.",-0.1960719478796423,Yes
19,19,15,1," Although we've all seen old-timey shows where soldiers and pirates clean their wounds with whiskey,",b4fcd3ac,"Um, actually, pirates did not historically use whiskey to clean their wounds. Whiskey was not commonly available to them, and alcohol's antiseptic properties were not widely understood during the ""Golden Age of Piracy.""",-0.14918200002430196,Yes
19,19,19,2," Although we've all seen old-timey shows where soldiers and pirates clean their wounds with whiskey, it's definitely not recommended.",5cd72047,Correct.,-3.3521365e-07,No
19,19,35,3," Although we've all seen old-timey shows where soldiers and pirates clean their wounds with whiskey, it's definitely not recommended. No matter how cool it might look to pour a hard liquor onto an open cut,",677731f9,Correct.,-0.005524063908165001,No
19,19,49,4," Although we've all seen old-timey shows where soldiers and pirates clean their wounds with whiskey, it's definitely not recommended. No matter how cool it might look to pour a hard liquor onto an open cut, only an isopropyl alcohol of 70% or higher should be used to clean wounds.",f8bdcaf1,"Um, actually, while soldiers and pirates have been depicted cleaning wounds with whiskey in old-timey shows, isopropyl alcohol of 70% or higher is not recommended for cleaning wounds, as it can cause tissue damage and delay healing.",-0.13740695146265247,Yes
20,20,22,1," While you've definitely heard the classic monster party song ""The Monster Mash,"" you may not know that the song's singer and creator,",59477531,Correct.,-0.0004563053692,No
20,20,25,2," While you've definitely heard the classic monster party song ""The Monster Mash,"" you may not know that the song's singer and creator, Bobby ""Boris"" Pickett,",e9cef184,Correct.,-7.524265e-07,No
20,20,35,3," While you've definitely heard the classic monster party song ""The Monster Mash,"" you may not know that the song's singer and creator, Bobby ""Boris"" Pickett, spent the rest of his career creating other monster-themed songs,",f07b8639,"Um, actually, while Bobby ""Boris"" Pickett did create and sing ""The Monster Mash,"" he did not spend the rest of his career solely creating monster-themed songs, as he pursued other ventures including comedy, acting, and non-monster-themed music.",-0.2357748649675764,Yes
20,20,55,4," While you've definitely heard the classic monster party song ""The Monster Mash,"" you may not know that the song's singer and creator, Bobby ""Boris"" Pickett, spent the rest of his career creating other monster-themed songs, including the ""Transylvania Twist,"" the ""Skully Gully,"" and the Christmas song ""Monster's Holiday,"" where the monsters try and rob Santa.",0f9a43b8,"Um, actually, Bobby ""Boris"" Pickett did not spend the rest of his career exclusively creating other monster-themed songs. While he did create several such songs, his career included non-monster-related works like comedy and acting.",-0.2836991042058789,Yes
20,20,74,5," While you've definitely heard the classic monster party song ""The Monster Mash,"" you may not know that the song's singer and creator, Bobby ""Boris"" Pickett, spent the rest of his career creating other monster-themed songs, including the ""Transylvania Twist,"" the ""Skully Gully,"" and the Christmas song ""Monster's Holiday,"" where the monsters try and rob Santa. His final song was the 1976 disco single ""King Kong (Your Song),"" which featured the immortal lyrics ""King Kong,",00c12529,"Um, actually, Bobby ""Boris"" Pickett's final song was not the 1976 disco single ""King Kong (Your Song)."" He continued to release music and perform after 1976, including ""Monster Rap"" in 1985.",-0.0654070855806696,Yes
20,20,76,6," While you've definitely heard the classic monster party song ""The Monster Mash,"" you may not know that the song's singer and creator, Bobby ""Boris"" Pickett, spent the rest of his career creating other monster-themed songs, including the ""Transylvania Twist,"" the ""Skully Gully,"" and the Christmas song ""Monster's Holiday,"" where the monsters try and rob Santa. His final song was the 1976 disco single ""King Kong (Your Song),"" which featured the immortal lyrics ""King Kong, King Kong,",d892d1de,"Um, actually, Bobby ""Boris"" Pickett's final song was not the 1976 disco single ""King Kong (Your Song)."" He continued making music and performing after 1976.",-0.14269489670216573,Yes
20,20,82,7," While you've definitely heard the classic monster party song ""The Monster Mash,"" you may not know that the song's singer and creator, Bobby ""Boris"" Pickett, spent the rest of his career creating other monster-themed songs, including the ""Transylvania Twist,"" the ""Skully Gully,"" and the Christmas song ""Monster's Holiday,"" where the monsters try and rob Santa. His final song was the 1976 disco single ""King Kong (Your Song),"" which featured the immortal lyrics ""King Kong, King Kong, The White Man Done Your Wrong.""",b70d0be1,"Um, actually, Bobby ""Boris"" Pickett's final song was not the 1976 disco single ""King Kong (Your Song)."" He continued releasing music into the 2000s, including the 2005 parody ""Climate Mash.""",-0.055714227191593,Yes
21,21,12,1," Only seven years after the team was first introduced in DC comics,",e2280550,"Um, actually, the statement is too ambiguous to fact-check accurately without knowing which team is being referred to.",-0.5652536961598841,Yes
21,21,30,2," Only seven years after the team was first introduced in DC comics, The Justice League made their TV debut in 1967 as part of Filmmation's ""Superman/Aquaman Hour of Adventure"" show.",a20dd73a,Correct.,-7.524265e-07,No
21,21,31,3," Only seven years after the team was first introduced in DC comics, The Justice League made their TV debut in 1967 as part of Filmmation's ""Superman/Aquaman Hour of Adventure"" show. However,",4a7092bf,"Um, actually, the Justice League did not make their TV debut in 1967; they made their TV debut in 1973 in the animated series *Super Friends*. Individual members of the Justice League appeared earlier, including in *The Superman/Aquaman Hour of Adventure*.",-0.14639194938847108,Yes
21,21,39,4," Only seven years after the team was first introduced in DC comics, The Justice League made their TV debut in 1967 as part of Filmmation's ""Superman/Aquaman Hour of Adventure"" show. However, this version of the team was all male,",b34c3aca,"Um, actually, The Justice League did not make their TV debut in 1967. Their true TV debut was in 1960 as part of the animated series *The Superman/Aquaman Hour of Adventure*.",-0.1608710903100623,Yes
21,21,41,5," Only seven years after the team was first introduced in DC comics, The Justice League made their TV debut in 1967 as part of Filmmation's ""Superman/Aquaman Hour of Adventure"" show. However, this version of the team was all male, featuring Superman,",14b48a10,"Um, actually, The Justice League did not make their TV debut in 1967; they made their TV debut in 1960 as part of ""The Superman/Aquaman Hour of Adventure."" Additionally, this version of the team was not all male, as Wonder Woman was part of the original lineup introduced in the comics.",-0.18111402612283717,Yes
21,21,43,6," Only seven years after the team was first introduced in DC comics, The Justice League made their TV debut in 1967 as part of Filmmation's ""Superman/Aquaman Hour of Adventure"" show. However, this version of the team was all male, featuring Superman, The Atom,",1dd44ced,"Um, actually, the Justice League made their TV debut in 1960, not 1967, as part of the animated series *The Superman/Aquaman Hour of Adventure*. Additionally, the Justice League in the 1967 series was not composed entirely of male characters, as Wonder Woman was included.",-0.2954799089394768,Yes
21,21,45,7," Only seven years after the team was first introduced in DC comics, The Justice League made their TV debut in 1967 as part of Filmmation's ""Superman/Aquaman Hour of Adventure"" show. However, this version of the team was all male, featuring Superman, The Atom, The Flash,",06e8e87b,Correct.,-6.3322285e-07,No
21,21,47,8," Only seven years after the team was first introduced in DC comics, The Justice League made their TV debut in 1967 as part of Filmmation's ""Superman/Aquaman Hour of Adventure"" show. However, this version of the team was all male, featuring Superman, The Atom, The Flash, Green Lantern,",f45236ed,"Um, actually, the TV debut of The Justice League in 1967's *The Superman/Aquaman Hour of Adventure* did not feature The Atom, The Flash, and Green Lantern as stated. Instead, it included Superman, Batman, Robin, Aquaman, and Wonder Woman, making the team not all-male.",-0.2273898823994194,Yes
21,21,50,9," Only seven years after the team was first introduced in DC comics, The Justice League made their TV debut in 1967 as part of Filmmation's ""Superman/Aquaman Hour of Adventure"" show. However, this version of the team was all male, featuring Superman, The Atom, The Flash, Green Lantern, Hawkman and Aquaman.",cec21baa,"Um, actually, The Justice League made their TV debut in 1967, not 1960, as part of Filmmation's ""The Superman/Aquaman Hour of Adventure.""",-0.15367775403390213,Yes
21,21,61,10," Only seven years after the team was first introduced in DC comics, The Justice League made their TV debut in 1967 as part of Filmmation's ""Superman/Aquaman Hour of Adventure"" show. However, this version of the team was all male, featuring Superman, The Atom, The Flash, Green Lantern, Hawkman and Aquaman. Wonder Woman wouldn't get her animated debut until 1973's ""Super Friends.""",96bade29,"Um, actually, Wonder Woman made her animated debut in 1967 in a short titled ""Wonder Woman"" as part of a proposed animated series by Filmation, not in 1973 on ""Super Friends."" Additionally, The Justice League’s TV debut in 1967 was not all-male, as it included female members like Wonder Woman, contradicting the claim of an all-male lineup.",-0.23381140199296735,Yes
22,22,7,1, The SNES game The Legend of Zelda:,803f07b5,Correct.,-6.690212e-06,No
22,22,27,2, The SNES game The Legend of Zelda: A Link To The Past has our hero Link traveling between the light world and it's corresponding dark world locations.,8d516d1b,Correct.,-4.5441732e-07,No
22,22,39,3," The SNES game The Legend of Zelda: A Link To The Past has our hero Link traveling between the light world and it's corresponding dark world locations. The Skeleton Forest is the Dark World's reflection of the Lost Woods,",39da29c5,Correct.,-6.3322285e-07,No
22,22,47,4," The SNES game The Legend of Zelda: A Link To The Past has our hero Link traveling between the light world and it's corresponding dark world locations. The Skeleton Forest is the Dark World's reflection of the Lost Woods, and the final battle is in Ganon's tower,",ee24ae4a,"Um, actually, the final battle in *The Legend of Zelda: A Link to the Past* takes place in the Pyramid of Power, not Ganon's Tower.",-0.0029981372573323535,Yes
22,22,53,5," The SNES game The Legend of Zelda: A Link To The Past has our hero Link traveling between the light world and it's corresponding dark world locations. The Skeleton Forest is the Dark World's reflection of the Lost Woods, and the final battle is in Ganon's tower, which corresponds with Hyrule Castle Tower.",5fdc1a5c,"Um, actually, the SNES game *The Legend of Zelda: A Link to the Past* features the Skull Woods, not the Skeleton Forest, as the Dark World's reflection of the Lost Woods. Additionally, the final battle takes place on the Pyramid of Power in the Dark World, not in Ganon's Tower. However, it is correct that Ganon's Tower corresponds with Hyrule Castle Tower.",-0.06409852614171926,Yes
23,23,19,1, Pinball was illegal in much of the country for many years due to its reputation as a gambling game.,d9095ad0,Correct.,-3.948155e-07,No
23,23,21,2," Pinball was illegal in much of the country for many years due to its reputation as a gambling game. In 1976,",ecf13d45,Correct.,-5.140192e-07,No
23,23,50,3," Pinball was illegal in much of the country for many years due to its reputation as a gambling game. In 1976, Roger Sharpe demonstrated to a Manhattan court that Pinball had over the years become a game of skill by making a called shot that he himself considers pretty lucky.",0cc38d80,Correct.,-9.3123195e-07,No
23,23,59,4," Pinball was illegal in much of the country for many years due to its reputation as a gambling game. In 1976, Roger Sharpe demonstrated to a Manhattan court that Pinball had over the years become a game of skill by making a called shot that he himself considers pretty lucky. The ban in New York City was lifted immediately,",45d53e22,"Um, actually, the ban on Pinball in New York City was not lifted immediately after Roger Sharpe's demonstration in 1976; it was officially overturned in 1977, over a year later.",-0.062481610106878326,Yes
23,23,68,5," Pinball was illegal in much of the country for many years due to its reputation as a gambling game. In 1976, Roger Sharpe demonstrated to a Manhattan court that Pinball had over the years become a game of skill by making a called shot that he himself considers pretty lucky. The ban in New York City was lifted immediately, and the rest of the country shortly followed suit.",3fc3ce21,"Um, actually, the ban on pinball in New York City was not lifted immediately after Roger Sharpe's demonstration in 1976, though his demonstration played a key role in its eventual repeal that same year.",-0.18291501273742444,Yes
23,23,68,6," Pinball was illegal in much of the country for many years due to its reputation as a gambling game. In 1976, Roger Sharpe demonstrated to a Manhattan court that Pinball had over the years become a game of skill by making a called shot that he himself considers pretty lucky. The ban in New York City was lifted immediately, and the rest of the country shortly followed suit. ",5c6ffb46,"Um, actually, the rest of the country did not shortly follow suit in lifting similar pinball bans. While New York City lifted its ban in 1976, other areas like Chicago did not do so until 1977, and some locations maintained bans into the 1980s.",-0.25858157285975353,Yes
24,24,5,1," In the summer of 2023,",ddfa25ab,Correct.,-9.3123195e-07,No
24,24,10,2," In the summer of 2023, the James Webb Space Telescope",af071575,"Um, actually, the James Webb Space Telescope did not begin operations in the summer of 2023; it began scientific operations on July 12, 2022.",-0.0019814187858949997,Yes
24,24,15,2," In the summer of 2023, the James Webb Space Telescope team at NASA discovered what",9a1db048,Correct.,-1.028038325e-06,No
24,24,20,2," In the summer of 2023, the James Webb Space Telescope team at NASA discovered what looks like a ""question mark""",713505f2,Correct.,-1.443845035e-05,No
24,24,26,2," In the summer of 2023, the James Webb Space Telescope team at NASA discovered what looks like a ""question mark"" in the background of an image",103233d2,"Um, actually, the James Webb Space Telescope team at NASA didn’t ""discover"" the ""question mark"" shape; the telescope captured an image where a ""question mark""-shaped object is visible. The shape is likely due to coincidental cosmic phenomena, such as interacting galaxies.",-0.6127995543084842,Yes
24,24,31,2," In the summer of 2023, the James Webb Space Telescope team at NASA discovered what looks like a ""question mark"" in the background of an image of two actively forming young",cbeeb41d,Correct.,-3.05309448e-05,No
24,24,35,2," In the summer of 2023, the James Webb Space Telescope team at NASA discovered what looks like a ""question mark"" in the background of an image of two actively forming young stars named Herbig-Haro-46 &",af5f8589,Correct.,-8.4923285e-07,No
24,24,39,2," In the summer of 2023, the James Webb Space Telescope team at NASA discovered what looks like a ""question mark"" in the background of an image of two actively forming young stars named Herbig-Haro-46 & Herbig-Haro-47 in the Vela",0456b810,"Um, actually, Herbig-Haro 46 and Herbig-Haro 47 are not located in the Vela constellation. They are situated in the constellation Vela Australis in the southern hemisphere.",-0.14182520015950656,Yes
24,24,40,2," In the summer of 2023, the James Webb Space Telescope team at NASA discovered what looks like a ""question mark"" in the background of an image of two actively forming young stars named Herbig-Haro-46 & Herbig-Haro-47 in the Vela Constellation.",8f8c6b40,"Um, actually, Herbig-Haro-46 and Herbig-Haro-47 are not the names of two actively forming young stars but are instead Herbig-Haro objects, which are bright regions caused by jets of gas from newborn stars colliding with surrounding material. Additionally, they are not strictly located in the Vela Constellation but rather in the southern sky near the Vela-Reticulum boundary.",-0.2074269223221121,Yes
25,25,2,1, Animal Crossing:,8e4139f6,Correct.,-5.140192e-07,No
25,25,18,2," Animal Crossing: New Horizon is the number two best selling game of all time on the Nintendo Switch,",f1040136,Correct.,-3.3521365e-07,No
25,25,24,3," Animal Crossing: New Horizon is the number two best selling game of all time on the Nintendo Switch, just after The Legend of Zelda:",421203dc,"Um, actually, Animal Crossing: New Horizons is the number two best-selling game of all time on the Nintendo Switch, but it is behind *Mario Kart 8 Deluxe*, not *The Legend of Zelda*. Additionally, *The Legend of Zelda* is not the best-selling game on the platform; *Mario Kart 8 Deluxe* holds that title.",-0.07609290564424338,Yes
25,25,28,4," Animal Crossing: New Horizon is the number two best selling game of all time on the Nintendo Switch, just after The Legend of Zelda: Breath of the Wild.",10c34267,"Um, actually, Animal Crossing: New Horizons is the second-best-selling Nintendo Switch game, but it is surpassed by Mario Kart 8 Deluxe, not The Legend of Zelda: Breath of the Wild. Additionally, The Legend of Zelda: Breath of the Wild is not the best-selling game on the Nintendo Switch.",-0.05207750410048871,Yes
25,25,40,5," Animal Crossing: New Horizon is the number two best selling game of all time on the Nintendo Switch, just after The Legend of Zelda: Breath of the Wild. It has sold more copies than every other Animal Crossing game combined,",75ff5dc4,Correct.,-4.5441732e-07,No
25,25,43,6," Animal Crossing: New Horizon is the number two best selling game of all time on the Nintendo Switch, just after The Legend of Zelda: Breath of the Wild. It has sold more copies than every other Animal Crossing game combined, and in Japan,",d7a0feec,Correct.,-6.3322285e-07,No
25,25,52,7," Animal Crossing: New Horizon is the number two best selling game of all time on the Nintendo Switch, just after The Legend of Zelda: Breath of the Wild. It has sold more copies than every other Animal Crossing game combined, and in Japan, it is the best selling game of all time.",f85421e8,Correct.,-5.73621e-07,No
26,26,13,1, Bugs Bunny didn't just deploy his famous drag personas for his own amusement.,879321bd,Correct.,-5.140192e-07,No
26,26,26,2," Bugs Bunny didn't just deploy his famous drag personas for his own amusement. He also used them to arouse and befuddle various racists and would-be conquerors,",644b9b4a,Correct.,-2.75611825e-07,No
26,26,28,3," Bugs Bunny didn't just deploy his famous drag personas for his own amusement. He also used them to arouse and befuddle various racists and would-be conquerors, including Napoleon,",a88f140c,Correct.,-5.140192e-07,No
26,26,30,4," Bugs Bunny didn't just deploy his famous drag personas for his own amusement. He also used them to arouse and befuddle various racists and would-be conquerors, including Napoleon, Adolf Hitler,",ca6b66d2,Correct.,-3.948155e-07,No
26,26,33,5," Bugs Bunny didn't just deploy his famous drag personas for his own amusement. He also used them to arouse and befuddle various racists and would-be conquerors, including Napoleon, Adolf Hitler, a Confederate officer,",fafd56b8,Correct.,-4.5441732e-07,No
26,26,40,6," Bugs Bunny didn't just deploy his famous drag personas for his own amusement. He also used them to arouse and befuddle various racists and would-be conquerors, including Napoleon, Adolf Hitler, a Confederate officer, and the ancient Germanic culture hero Siegfried.",25c1c462,Correct.,-1.1339155e-05,No
26,26,40,7," Bugs Bunny didn't just deploy his famous drag personas for his own amusement. He also used them to arouse and befuddle various racists and would-be conquerors, including Napoleon, Adolf Hitler, a Confederate officer, and the ancient Germanic culture hero Siegfried. ",6bf5c446,"Um, actually, Bugs Bunny did not specifically use drag personas to arouse and befuddle Napoleon or Adolf Hitler. While he employed drag and trickery in cartoons, there are no documented instances where these tactics were used against those particular figures.",-0.491361273960411,Yes
27,27,8,1," Mortal Kombat is beloved for its intense finishers,",19bb5878,Correct.,-8.120283e-07,No
27,27,13,2," Mortal Kombat is beloved for its intense finishers, but it isn't all fatalities!",7da6c8f4,Correct.,-2.1601e-07,No
27,27,25,3," Mortal Kombat is beloved for its intense finishers, but it isn't all fatalities! A Quitality is an online-only finisher that makes the quitting player explode,",5f62d59c,Correct.,-3.948155e-07,No
27,27,34,4," Mortal Kombat is beloved for its intense finishers, but it isn't all fatalities! A Quitality is an online-only finisher that makes the quitting player explode, Babalities turn the losing enemy into a smoking-hot babe,",37db30aa,"Um, actually, Babalities in Mortal Kombat transform the losing opponent into a baby, not a ""smoking-hot babe.""",-0.0285083384765237,Yes
27,27,44,5," Mortal Kombat is beloved for its intense finishers, but it isn't all fatalities! A Quitality is an online-only finisher that makes the quitting player explode, Babalities turn the losing enemy into a smoking-hot babe, and Friendships are finishers that perform an act of kindness:",f91fc6ee,"Um, actually, Mortal Kombat's Babalities do not turn the losing enemy into a ""smoking-hot babe."" They transform the opponent into a baby version of themselves as a humorous and non-violent finishing move.",-0.06721291882479401,Yes
27,27,51,6," Mortal Kombat is beloved for its intense finishers, but it isn't all fatalities! A Quitality is an online-only finisher that makes the quitting player explode, Babalities turn the losing enemy into a smoking-hot babe, and Friendships are finishers that perform an act of kindness: Sub-Zero brings in an ice cream cart,",723b745f,"Um, actually, Babalities in Mortal Kombat do not turn the losing enemy into a smoking-hot babe; they turn the losing character into a baby version of themselves.",-0.012330291345296571,Yes
27,27,55,7," Mortal Kombat is beloved for its intense finishers, but it isn't all fatalities! A Quitality is an online-only finisher that makes the quitting player explode, Babalities turn the losing enemy into a smoking-hot babe, and Friendships are finishers that perform an act of kindness: Sub-Zero brings in an ice cream cart, Liu Kang disco dances,",81d7ad7d,"Um, actually, Babalities in Mortal Kombat do not turn the losing enemy into a smoking-hot babe; they turn the losing enemy into a baby.",-0.05568435171593845,Yes
27,27,65,8," Mortal Kombat is beloved for its intense finishers, but it isn't all fatalities! A Quitality is an online-only finisher that makes the quitting player explode, Babalities turn the losing enemy into a smoking-hot babe, and Friendships are finishers that perform an act of kindness: Sub-Zero brings in an ice cream cart, Liu Kang disco dances, and Scorpion gives a big hug to a teddy bear.",ee9c5234,"Um, actually, Babalities in Mortal Kombat do not turn the losing enemy into a smoking-hot babe; they turn the losing character into a baby version of themselves.",-0.07638011698389573,Yes
28,28,6,1, In the notorious gender-bending Star Trek:,6f94ed5e,Correct.,-8.309426300000001e-05,No
28,28,18,2," In the notorious gender-bending Star Trek: The Next Generation episode ""Angel One,"" the Enterprise visits the title planet,",a8fb654f,Correct.,-3.948155e-07,No
28,28,27,3," In the notorious gender-bending Star Trek: The Next Generation episode ""Angel One,"" the Enterprise visits the title planet, a matriarchy where women rule and men are subservient,",173e9481,Correct.,-5.140192e-07,No
28,28,38,4," In the notorious gender-bending Star Trek: The Next Generation episode ""Angel One,"" the Enterprise visits the title planet, a matriarchy where women rule and men are subservient, and the crew must adapt to their local customs and clothing.",fb7ce4f6,"Um, actually, while ""Angel One"" involved a matriarchal society, it was not a ""gender-bending"" episode as it did not involve significant transformations or reversals of gender norms on a personal level for the characters. Additionally, the crew of the Enterprise does not adapt to local customs or clothing, as they continue to wear their standard Starfleet uniforms throughout the episode.",-0.29818324241510685,Yes
28,28,39,5," In the notorious gender-bending Star Trek: The Next Generation episode ""Angel One,"" the Enterprise visits the title planet, a matriarchy where women rule and men are subservient, and the crew must adapt to their local customs and clothing. However,",0d10c4d0,Correct.,-6.10825525e-07,No
28,28,42,6," In the notorious gender-bending Star Trek: The Next Generation episode ""Angel One,"" the Enterprise visits the title planet, a matriarchy where women rule and men are subservient, and the crew must adapt to their local customs and clothing. However, the planet's leader,",40a6aded,Correct.,-1.862463975e-06,No
28,28,43,7," In the notorious gender-bending Star Trek: The Next Generation episode ""Angel One,"" the Enterprise visits the title planet, a matriarchy where women rule and men are subservient, and the crew must adapt to their local customs and clothing. However, the planet's leader, Beata,",c3e268dd,Correct.,-9.9083375e-07,No
28,28,59,8," In the notorious gender-bending Star Trek: The Next Generation episode ""Angel One,"" the Enterprise visits the title planet, a matriarchy where women rule and men are subservient, and the crew must adapt to their local customs and clothing. However, the planet's leader, Beata, is shunned by her people after being caught making out with the overly manly Commander Riker.",5ce6bb66,"Um, actually, Beata was not shunned by her people, she did not make out with Commander Riker, and Riker is not portrayed as ""overly manly"" in the show.",-0.11552737876042192,Yes
29,29,7,1," Removing makeup can be a real pain,",3ab79d42,Correct.,-4.5441732e-07,No
29,29,11,2," Removing makeup can be a real pain, but according to dermatologists,",e71f3735,Correct.,-3.948155e-07,No
29,29,25,3," Removing makeup can be a real pain, but according to dermatologists, there are some ways to make it a little easier without hurting your skin.",62e1bc1a,Correct.,-4.916218250000001e-07,No
29,29,37,4," Removing makeup can be a real pain, but according to dermatologists, there are some ways to make it a little easier without hurting your skin. Using your hands instead of a washcloth can avoid irritating the skin,",9d9be486,Correct.,-0.23703876600999998,No
29,29,48,5," Removing makeup can be a real pain, but according to dermatologists, there are some ways to make it a little easier without hurting your skin. Using your hands instead of a washcloth can avoid irritating the skin, avoiding oil-based cleaners will keep your skin from becoming too oily,",05942fc5,"Um, actually, dermatologists generally agree that oil-based cleansers do not make skin excessively oily; instead, they help balance the skin by dissolving excess oil and impurities.",-0.2904878756969173,Yes
29,29,61,6," Removing makeup can be a real pain, but according to dermatologists, there are some ways to make it a little easier without hurting your skin. Using your hands instead of a washcloth can avoid irritating the skin, avoiding oil-based cleaners will keep your skin from becoming too oily, and micellar water does double duty in removing makeup and hydrating the skin.",0884a199,"Um, actually, there is no strong scientific evidence that oil-based cleansers inherently cause the skin to become too oily. In fact, oil-based cleansers can be suitable for various skin types and are designed to dissolve excess oils and impurities without disrupting the skin's natural balance. Additionally, dermatologists generally do not agree that avoiding oil-based cleansers helps to prevent oily skin.",-0.2346515664590351,Yes
30,30,6,1," In the Halo video game series,",9037437a,Correct.,-1.2292411e-06,No
30,30,20,2," In the Halo video game series, the alien alliance known as the Covenant marks their history in the following order;",d0ef10cd,Correct.,-4.5441732e-07,No
30,30,24,3," In the Halo video game series, the alien alliance known as the Covenant marks their history in the following order; The Age of Abandonment,",833b7f82,Correct.,-5.140192e-07,No
30,30,28,4," In the Halo video game series, the alien alliance known as the Covenant marks their history in the following order; The Age of Abandonment, The Age of Conflict,",1a4a936c,Correct.,-7.3458323e-06,No
30,30,32,5," In the Halo video game series, the alien alliance known as the Covenant marks their history in the following order; The Age of Abandonment, The Age of Conflict, The Age of Reconciliation,",0e5af9f5,Correct.,-5.73621e-07,No
30,30,36,6," In the Halo video game series, the alien alliance known as the Covenant marks their history in the following order; The Age of Abandonment, The Age of Conflict, The Age of Reconciliation, The Age of Discovery,",a788a04f,"Um, actually, the correct historical sequence of the Covenant's ages does not include ""The Age of Discovery."" Instead, the known ages include ""The Age of Abandonment,"" ""The Age of Conflict,"" ""The Age of Reconciliation,"" and others like ""The Age of Conversion.""",-0.32667869559358015,Yes
30,30,40,7," In the Halo video game series, the alien alliance known as the Covenant marks their history in the following order; The Age of Abandonment, The Age of Conflict, The Age of Reconciliation, The Age of Discovery, The Age of Conversion,",0a46e993,"Um, actually, the correct sequence of historical periods marked by the Covenant in the Halo video game series is: The Age of Abandonment, The Age of Conflict, The Age of Discovery, The Age of Reconciliation, and ""The Age of Conversion"" does not exist in Halo's official timeline.",-0.18464497259742346,Yes
30,30,44,8," In the Halo video game series, the alien alliance known as the Covenant marks their history in the following order; The Age of Abandonment, The Age of Conflict, The Age of Reconciliation, The Age of Discovery, The Age of Conversion, The Age of Doubt,",11453be9,Correct.,-8.120283e-07,No
30,30,48,9," In the Halo video game series, the alien alliance known as the Covenant marks their history in the following order; The Age of Abandonment, The Age of Conflict, The Age of Reconciliation, The Age of Discovery, The Age of Conversion, The Age of Doubt, The Age of Reclamation.",eabf7cdf,Correct.,-9.3123195e-07,No
31,31,5,1, When the US company World,8163a2db,It seems you've accidentally provided an incomplete statement and key points. Could you share the full statement again so I can assist properly?,-1.0456918412779201,Yes
31,31,9,1, When the US company World Events Productions wanted to,f2607e99,Correct.,-0.0026179900283,No
31,31,13,1, When the US company World Events Productions wanted to bring the Japanese anime,aedd35f9,Correct.,-2.10087125e-06,No
31,31,18,1," When the US company World Events Productions wanted to bring the Japanese anime ""Beast King GoLion"" to America",89631f0b,Correct.,-6.3322285e-07,No
31,31,22,1," When the US company World Events Productions wanted to bring the Japanese anime ""Beast King GoLion"" to America under the name ""Voltron,""",d459f416,Correct.,-6.3322285e-07,No
31,31,26,1," When the US company World Events Productions wanted to bring the Japanese anime ""Beast King GoLion"" to America under the name ""Voltron,"" there weren't enough episodes",67905588,"Um, actually, there were enough episodes of ""Beast King GoLion"" (52 episodes) for the initial adaptation of ""Voltron."" The perceived shortage arose only when additional episodes were needed, leading to the adaptation of a different series, ""Armored Fleet Dairugger XV.""",-0.18231513018015164,Yes
31,31,31,1," When the US company World Events Productions wanted to bring the Japanese anime ""Beast King GoLion"" to America under the name ""Voltron,"" there weren't enough episodes to syndicate the show in",763683ee,"Um, actually, ""Beast King GoLion"" had 52 episodes, which was sufficient for syndication in the U.S. at the time. The decision to use episodes from ""Armored Fleet Dairugger XV"" was not because of a lack of episodes but to create additional content for the show.",-0.283692809425484,Yes
31,31,32,1," When the US company World Events Productions wanted to bring the Japanese anime ""Beast King GoLion"" to America under the name ""Voltron,"" there weren't enough episodes to syndicate the show in America.",fa97b973,"Um, actually, there were enough episodes of ""Beast King GoLion"" to syndicate the show in America. World Events Productions combined it with another series, ""Armored Fleet Dairugger XV,"" for creative and marketing reasons, not due to a shortage of episodes.",-0.12005350677677054,Yes
31,31,41,2," When the US company World Events Productions wanted to bring the Japanese anime ""Beast King GoLion"" to America under the name ""Voltron,"" there weren't enough episodes to syndicate the show in America. So they combined it with two other unrelated anime,",bfef4b8e,"Um, actually, World Events Productions did not combine ""Beast King GoLion"" with two other unrelated anime to create ""Voltron."" They adapted ""Beast King GoLion"" for the ""Lion Force Voltron"" segment and ""Armored Fleet Dairugger XV"" for the ""Vehicle Force Voltron"" segment as separate story arcs within the Voltron franchise, but the two were not combined into a single show.",-0.20534990442813014,Yes
31,31,45,3," When the US company World Events Productions wanted to bring the Japanese anime ""Beast King GoLion"" to America under the name ""Voltron,"" there weren't enough episodes to syndicate the show in America. So they combined it with two other unrelated anime, ""Armored Fleet Dairugger XV""",02e1a5f8,"Um, actually, World Events Productions combined ""Beast King GoLion"" with only one other unrelated anime, ""Armored Fleet Dairugger XV,"" for the original ""Voltron"" series. While they had plans to use ""Lightspeed Electroid Albegas"" as part of the ""Voltron"" franchise, it was never actually combined with ""Beast King GoLion"" or aired as part of the original series.",-0.2104410289900741,Yes
31,31,48,3," When the US company World Events Productions wanted to bring the Japanese anime ""Beast King GoLion"" to America under the name ""Voltron,"" there weren't enough episodes to syndicate the show in America. So they combined it with two other unrelated anime, ""Armored Fleet Dairugger XV"" and ""Lightspeed Electriod",7a13d699,"Um, actually, World Events Productions did not combine ""Beast King GoLion"" with ""Lightspeed Electroid"" to create ""Voltron."" They combined ""Beast King GoLion"" and ""Armored Fleet Dairugger XV"" for the series, while ""Lightspeed Electroid Albegas"" was considered but ultimately not used.",-0.13293047240987718,Yes
31,31,52,3," When the US company World Events Productions wanted to bring the Japanese anime ""Beast King GoLion"" to America under the name ""Voltron,"" there weren't enough episodes to syndicate the show in America. So they combined it with two other unrelated anime, ""Armored Fleet Dairugger XV"" and ""Lightspeed Electriod Albegas,"" which were renamed",d5824cff,"Um, actually, World Events Productions did not combine ""Beast King GoLion"" with ""Lightspeed Electroid Albegas"" to create ""Voltron."" They combined ""Beast King GoLion"" with ""Armored Fleet Dairugger XV"" for the first two seasons of ""Voltron."" ""Lightspeed Electroid Albegas"" was considered but not used as part of the series.",-0.18374707689924255,Yes
31,31,57,3," When the US company World Events Productions wanted to bring the Japanese anime ""Beast King GoLion"" to America under the name ""Voltron,"" there weren't enough episodes to syndicate the show in America. So they combined it with two other unrelated anime, ""Armored Fleet Dairugger XV"" and ""Lightspeed Electriod Albegas,"" which were renamed to ""Vehicle Team Voltron"" and",63fd6d0a,"Um, actually, ""Lightspeed Electroid Albegas"" was not combined with ""Beast King GoLion"" or ""Armored Fleet Dairugger XV,"" nor was it renamed to ""Vehicle Team Voltron."" Only ""Armored Fleet Dairugger XV"" was adapted as ""Vehicle Team Voltron."" ""Lightspeed Electroid Albegas"" was considered for adaptation but was ultimately not included in the Voltron franchise.",-0.1307312434292644,Yes
31,31,60,3," When the US company World Events Productions wanted to bring the Japanese anime ""Beast King GoLion"" to America under the name ""Voltron,"" there weren't enough episodes to syndicate the show in America. So they combined it with two other unrelated anime, ""Armored Fleet Dairugger XV"" and ""Lightspeed Electriod Albegas,"" which were renamed to ""Vehicle Team Voltron"" and ""Gladiator Voltron,"" although",5a45c42c,"Um, actually, while ""Armored Fleet Dairugger XV"" was adapted and renamed ""Vehicle Team Voltron,"" ""Lightspeed Electroid Albegas"" was never used or combined into the ""Voltron"" series, so it wasn't aired under the name ""Gladiator Voltron.""",-0.3388947081907258,Yes
31,31,65,3," When the US company World Events Productions wanted to bring the Japanese anime ""Beast King GoLion"" to America under the name ""Voltron,"" there weren't enough episodes to syndicate the show in America. So they combined it with two other unrelated anime, ""Armored Fleet Dairugger XV"" and ""Lightspeed Electriod Albegas,"" which were renamed to ""Vehicle Team Voltron"" and ""Gladiator Voltron,"" although the popularity of the GoLion",414e62b5,"Um, actually, ""Lightspeed Electroid Albegas"" was not ultimately adapted into ""Gladiator Voltron"" for public release due to the overwhelming popularity of ""Beast King GoLion"" and ""Armored Fleet Dairugger XV,"" so it wasn't combined with the franchise in the same way as the others.",-0.4290699403942096,Yes
31,31,70,3," When the US company World Events Productions wanted to bring the Japanese anime ""Beast King GoLion"" to America under the name ""Voltron,"" there weren't enough episodes to syndicate the show in America. So they combined it with two other unrelated anime, ""Armored Fleet Dairugger XV"" and ""Lightspeed Electriod Albegas,"" which were renamed to ""Vehicle Team Voltron"" and ""Gladiator Voltron,"" although the popularity of the GoLion series meant that they never",14e3c599,Correct.,-0.0004562457692,No
31,31,73,3," When the US company World Events Productions wanted to bring the Japanese anime ""Beast King GoLion"" to America under the name ""Voltron,"" there weren't enough episodes to syndicate the show in America. So they combined it with two other unrelated anime, ""Armored Fleet Dairugger XV"" and ""Lightspeed Electriod Albegas,"" which were renamed to ""Vehicle Team Voltron"" and ""Gladiator Voltron,"" although the popularity of the GoLion series meant that they never used Gladiator Voltron.",555c804c,Correct.,-5.14056455e-06,No
31,31,73,4," When the US company World Events Productions wanted to bring the Japanese anime ""Beast King GoLion"" to America under the name ""Voltron,"" there weren't enough episodes to syndicate the show in America. So they combined it with two other unrelated anime, ""Armored Fleet Dairugger XV"" and ""Lightspeed Electriod Albegas,"" which were renamed to ""Vehicle Team Voltron"" and ""Gladiator Voltron,"" although the popularity of the GoLion series meant that they never used Gladiator Voltron. ",8a74a714,Correct.,-3.3521365e-07,No
32,32,9,1, Conker's Bad Fur Day isn't your typical video game.,163aa7e2,Correct.,-5.73621e-07,No
32,32,13,2," Conker's Bad Fur Day isn't your typical video game. You play as Conker,",e05f4ea9,Correct.,-3.948155e-07,No
32,32,15,3," Conker's Bad Fur Day isn't your typical video game. You play as Conker, a squirrel,",69508681,Correct.,-3.948155e-07,No
32,32,25,4," Conker's Bad Fur Day isn't your typical video game. You play as Conker, a squirrel, who starts the game hungover from a night of drinking.",ed9968a8,Correct.,-1.3484448e-06,No
32,32,36,5," Conker's Bad Fur Day isn't your typical video game. You play as Conker, a squirrel, who starts the game hungover from a night of drinking. One of the bosses he fights is The Great Mighty Poo,",4a4c966a,Correct.,-9.3123195e-07,No
32,32,55,6," Conker's Bad Fur Day isn't your typical video game. You play as Conker, a squirrel, who starts the game hungover from a night of drinking. One of the bosses he fights is The Great Mighty Poo, who is an opera singing piece of feces with toilet paper rolls as teeth that lives in Poo Mountain.",afb4ac1e,Correct.,-6.3322285e-07,No
32,32,55,7," Conker's Bad Fur Day isn't your typical video game. You play as Conker, a squirrel, who starts the game hungover from a night of drinking. One of the bosses he fights is The Great Mighty Poo, who is an opera singing piece of feces with toilet paper rolls as teeth that lives in Poo Mountain. ",fb898d08,"Um, actually, The Great Mighty Poo does not have toilet paper rolls as teeth. While toilet paper rolls are present in his habitat, his teeth are not depicted as toilet paper rolls.",-0.0662011066320705,Yes
33,33,24,1, Bloons Tower Defense 6 is a game where you strategically place monkeys around a map and help defend against evil ballons known as Bloons.,b4fcf132,"Um, actually, the Bloons in Bloons Tower Defense 6 are not explicitly characterized as ""evil."" They are simply the game's primary antagonists, without moral attributes assigned to them.",-0.16792648127886448,Yes
33,33,31,2," Bloons Tower Defense 6 is a game where you strategically place monkeys around a map and help defend against evil ballons known as Bloons. Monkey towers are divided into different categories,",d09f5c14,Correct.,-3.948155e-07,No
33,33,35,3," Bloons Tower Defense 6 is a game where you strategically place monkeys around a map and help defend against evil ballons known as Bloons. Monkey towers are divided into different categories, such as Primary Monkeys,",15f4a040,Correct.,-1.4080466e-06,No
33,33,37,4," Bloons Tower Defense 6 is a game where you strategically place monkeys around a map and help defend against evil ballons known as Bloons. Monkey towers are divided into different categories, such as Primary Monkeys, Military Monkeys,",1cbe823e,Correct.,-9.08834625e-07,No
33,33,39,5," Bloons Tower Defense 6 is a game where you strategically place monkeys around a map and help defend against evil ballons known as Bloons. Monkey towers are divided into different categories, such as Primary Monkeys, Military Monkeys, Magic Monkeys,",053418d0,"Um, actually, the statement omits the ""Support Monkeys"" category, which is one of the tower categories in Bloons Tower Defense 6. Additionally, ""Heroes"" is technically another category but functions differently from standard monkey towers.",-0.41253924695069233,Yes
33,33,42,6," Bloons Tower Defense 6 is a game where you strategically place monkeys around a map and help defend against evil ballons known as Bloons. Monkey towers are divided into different categories, such as Primary Monkeys, Military Monkeys, Magic Monkeys, and Support Monkeys.",23860eeb,Correct.,-8.7163015e-07,No
33,33,42,7," Bloons Tower Defense 6 is a game where you strategically place monkeys around a map and help defend against evil ballons known as Bloons. Monkey towers are divided into different categories, such as Primary Monkeys, Military Monkeys, Magic Monkeys, and Support Monkeys. ",aa01fd0f,Correct.,-9.3123195e-07,No
34,34,2,1," In 1987,",31c05350,"Um, actually, the statement does not provide enough context to verify any specific event or fact from 1987.",-0.3369875166954371,Yes
34,34,4,2," In 1987, the G.I.",93edab3c,Correct.,-0.210078873621,No
34,34,12,3," In 1987, the G.I. Joe team almost had a surprising new member:",fb71d47e,Correct.,-2.75611825e-07,No
34,34,14,4," In 1987, the G.I. Joe team almost had a surprising new member: Rocky Balboa!",9c4874a7,Correct.,-2.75611825e-07,No
34,34,15,5," In 1987, the G.I. Joe team almost had a surprising new member: Rocky Balboa! Yes,",c7ed1e0a,Correct.,-1.4200043e-05,No
34,34,25,6," In 1987, the G.I. Joe team almost had a surprising new member: Rocky Balboa! Yes, Hasbro planned to release a Rocky figure in the G.I.",00e82c52,Correct.,-2.1601e-07,No
34,34,39,7," In 1987, the G.I. Joe team almost had a surprising new member: Rocky Balboa! Yes, Hasbro planned to release a Rocky figure in the G.I. Joe toyline with Sylvester Stallone's likeness and a Cobra boxer for him to fight!",9a2c063d,Correct.,-0.00335837822285,No
34,34,45,8," In 1987, the G.I. Joe team almost had a surprising new member: Rocky Balboa! Yes, Hasbro planned to release a Rocky figure in the G.I. Joe toyline with Sylvester Stallone's likeness and a Cobra boxer for him to fight! And while neither figure was released,",495b0b9e,"Um, actually, the Rocky Balboa figure was released in 1987, but it was by the toy company Remco, not Hasbro, and it was not part of the G.I. Joe toyline.",-0.09520158845630453,Yes
34,34,56,9," In 1987, the G.I. Joe team almost had a surprising new member: Rocky Balboa! Yes, Hasbro planned to release a Rocky figure in the G.I. Joe toyline with Sylvester Stallone's likeness and a Cobra boxer for him to fight! And while neither figure was released, Rocky did get a Joe character profile in Marvel Comics' G.I.",eb7cca37,"Um, actually, while Rocky Balboa did receive a G.I. Joe character profile in Marvel Comics' *G.I. Joe: Order of Battle #2* in 1986, it was later retracted, and he was excluded from official G.I. Joe continuity, so this did not continue in the series.",-154.0225057846667,No
34,34,61,10," In 1987, the G.I. Joe team almost had a surprising new member: Rocky Balboa! Yes, Hasbro planned to release a Rocky figure in the G.I. Joe toyline with Sylvester Stallone's likeness and a Cobra boxer for him to fight! And while neither figure was released, Rocky did get a Joe character profile in Marvel Comics' G.I. Joe Order of Battle #2,",c6a9ee3c,Correct.,-1.867018045e-05,No
34,34,82,11," In 1987, the G.I. Joe team almost had a surprising new member: Rocky Balboa! Yes, Hasbro planned to release a Rocky figure in the G.I. Joe toyline with Sylvester Stallone's likeness and a Cobra boxer for him to fight! And while neither figure was released, Rocky did get a Joe character profile in Marvel Comics' G.I. Joe Order of Battle #2, only for the next issue to have a retraction stating ""ROCKY is not and has never been a member of G.I.",7114ba30,Correct.,-7.524265e-07,No
34,34,83,12," In 1987, the G.I. Joe team almost had a surprising new member: Rocky Balboa! Yes, Hasbro planned to release a Rocky figure in the G.I. Joe toyline with Sylvester Stallone's likeness and a Cobra boxer for him to fight! And while neither figure was released, Rocky did get a Joe character profile in Marvel Comics' G.I. Joe Order of Battle #2, only for the next issue to have a retraction stating ""ROCKY is not and has never been a member of G.I. Joe.""",fa71abca,Correct.,-6.3322285e-07,No
35,35,7,1," Regardless of your class in Elden Ring,",7b5747c2,Correct.,-1.1696393e-06,No
35,35,12,2," Regardless of your class in Elden Ring, you play as a Depraved,",dd5ecc9c,"Um, actually, Depraved is not a playable class in *Elden Ring*. The class you're referring to is called the Wretch, and players are not required to play as this class; they can choose from a variety of starting classes.",-0.1834372066335806,Yes
35,35,27,3," Regardless of your class in Elden Ring, you play as a Depraved, a member of a group of outcasts who are meant to ascend to Elden Lordship.",31f99a5c,"Um, actually, not all players in *Elden Ring* play as a Depraved (or Wretch) regardless of class. Players can choose from a variety of starting classes, such as the Vagabond, Astrologer, Samurai, and others.

Um, actually, the Depraved (or Wretch) is not a group of outcasts in the lore of *Elden Ring*. It is simply a starting class with minimal equipment and stats, not tied to any specific lore.

Um, actually, the narrative of *Elden Ring* does not state that the Depraved (or Wretch) are meant to ascend to Elden Lordship. The journey toward becoming Elden Lord is not tied to any specific class.",-0.184949598080408,Yes
35,35,55,4," Regardless of your class in Elden Ring, you play as a Depraved, a member of a group of outcasts who are meant to ascend to Elden Lordship. The Depraved are descended from the first Elden Lord Godfrey and his warriors after Marika deprived them of grace - but it is unknown why Marika exciled them.",1e45a0fa,"Um, actually, it is not a confirmed fact that Marika directly exiled the Depraved, as the game's lore does not explicitly clarify her role or motive in their exile. Additionally, the term ""Depraved"" is not commonly used to refer to the Tarnished in official lore.",-0.3442023844074159,Yes
36,36,9,1," In the first episode of the 1980s cartoon Thundercats,",28f44171,Correct.,-7.524265e-07,No
36,36,35,2," In the first episode of the 1980s cartoon Thundercats, ""Exodus,"" the nobility of the planet of Thundera is forced to escape their exploding planet in the Royal Flagship with little more than their ceremonial robes.",ebdcf4d2,Correct.,-1.2292411e-06,No
36,36,36,3," In the first episode of the 1980s cartoon Thundercats, ""Exodus,"" the nobility of the planet of Thundera is forced to escape their exploding planet in the Royal Flagship with little more than their ceremonial robes. Luckily,",51c77d2b,Correct.,-0.48704282008325,No
36,36,39,4," In the first episode of the 1980s cartoon Thundercats, ""Exodus,"" the nobility of the planet of Thundera is forced to escape their exploding planet in the Royal Flagship with little more than their ceremonial robes. Luckily, Thundera's greatest warrior,",c1b10580,Correct.,-5.73621e-07,No
36,36,40,5," In the first episode of the 1980s cartoon Thundercats, ""Exodus,"" the nobility of the planet of Thundera is forced to escape their exploding planet in the Royal Flagship with little more than their ceremonial robes. Luckily, Thundera's greatest warrior, Jaga,",d827b966,"Um, actually, Jaga did not ""luckily escape"" the exploding planet of Thundera. He piloted the Royal Flagship to help the ThunderCats escape but sacrificed himself during the journey. Additionally, the nobility of Thundera did not escape aboard the Royal Flagship. They perished during Thundera's destruction.",-0.24016660477708132,Yes
36,36,62,6," In the first episode of the 1980s cartoon Thundercats, ""Exodus,"" the nobility of the planet of Thundera is forced to escape their exploding planet in the Royal Flagship with little more than their ceremonial robes. Luckily, Thundera's greatest warrior, Jaga, is able to provide them with new uniforms and some unique weapons that will help them adapt to their newly adopted planet,",f94c76ed,Correct.,-4.5441732e-07,No
36,36,64,7," In the first episode of the 1980s cartoon Thundercats, ""Exodus,"" the nobility of the planet of Thundera is forced to escape their exploding planet in the Royal Flagship with little more than their ceremonial robes. Luckily, Thundera's greatest warrior, Jaga, is able to provide them with new uniforms and some unique weapons that will help them adapt to their newly adopted planet, Third Earth.",6bc47eee,"Um, actually, Jaga was not explicitly referred to as ""Thundera's greatest warrior"" in the first episode of *Thundercats*, and he did not provide unique weapons to the nobility of Thundera. The characters already possessed their weapons.",-0.11222067560763424,Yes
36,36,64,8," In the first episode of the 1980s cartoon Thundercats, ""Exodus,"" the nobility of the planet of Thundera is forced to escape their exploding planet in the Royal Flagship with little more than their ceremonial robes. Luckily, Thundera's greatest warrior, Jaga, is able to provide them with new uniforms and some unique weapons that will help them adapt to their newly adopted planet, Third Earth. ",211341e1,"Um, actually, Jaga did not provide the nobility of Thundera with new uniforms or unique weapons in the first episode, ""Exodus."" The characters' uniforms changed due to their growth during stasis, and the unique weapons were ancient artifacts they already possessed. Additionally, Thundera's nobility was not planning to adapt to Third Earth in the first episode; they ended up there as a result of fleeing their dying planet.",-0.2531812336924447,Yes
37,37,9,1," Casper the Friendly Ghost's closest relatives are his uncles,",09e71517,Correct.,-6.3322285e-07,No
37,37,12,2," Casper the Friendly Ghost's closest relatives are his uncles, the Ghostly Trio,",620750ea,Correct.,-9.3123195e-07,No
37,37,15,3," Casper the Friendly Ghost's closest relatives are his uncles, the Ghostly Trio, originally named Fatso,",257c7155,"Um, actually, the Ghostly Trio were not originally named Fatso. Their individual names (Fatso, Stinkie, and Stretch) were introduced in later adaptations. Early depictions referred to them simply as ""The Ghostly Trio"" without fixed names.",-0.30242648423124924,Yes
37,37,16,4," Casper the Friendly Ghost's closest relatives are his uncles, the Ghostly Trio, originally named Fatso, Fusso,",6b41fd2c,"Um, actually, Casper the Friendly Ghost's uncles, the Ghostly Trio, are named Fatso, Stretch, and Stinkie, not Fatso and Fusso. There is no character named Fusso in their history.",-0.12786002769543361,Yes
37,37,21,5," Casper the Friendly Ghost's closest relatives are his uncles, the Ghostly Trio, originally named Fatso, Fusso, and Lazo then renamed Strech,",17039272,"Um, actually, the Ghostly Trio were originally named Fatso, Stinky, and Stretch—not Fatso, Fusso, and Lazo. Additionally, only one member, Stretch, retained his name in later adaptations, while the others were renamed Fatso and Stinkie.",-0.20029262654512198,Yes
37,37,22,6," Casper the Friendly Ghost's closest relatives are his uncles, the Ghostly Trio, originally named Fatso, Fusso, and Lazo then renamed Strech, Fatso,",5e7df93c,"Um, actually, the modern names of the Ghostly Trio are Stretch, Fatso, and Stinkie, not just Stretch and Fatso.",-0.11267718888419734,Yes
37,37,24,7," Casper the Friendly Ghost's closest relatives are his uncles, the Ghostly Trio, originally named Fatso, Fusso, and Lazo then renamed Strech, Fatso, and Stinkie.",aa350ee5,Correct.,-4.8471095499999995e-05,No
37,37,28,8," Casper the Friendly Ghost's closest relatives are his uncles, the Ghostly Trio, originally named Fatso, Fusso, and Lazo then renamed Strech, Fatso, and Stinkie. The trio hates humans,",b20ed9cd,Correct.,-0.0394467262411,No
37,37,41,9," Casper the Friendly Ghost's closest relatives are his uncles, the Ghostly Trio, originally named Fatso, Fusso, and Lazo then renamed Strech, Fatso, and Stinkie. The trio hates humans, whom they call ""fleshies"" and ""bonebags,"" but provided quite profitable for Harvey Comics,",7d43a20f,Correct.,-1.3484448e-06,No
37,37,59,10," Casper the Friendly Ghost's closest relatives are his uncles, the Ghostly Trio, originally named Fatso, Fusso, and Lazo then renamed Strech, Fatso, and Stinkie. The trio hates humans, whom they call ""fleshies"" and ""bonebags,"" but provided quite profitable for Harvey Comics, which claimed the Ghostbusters logo infringed on Fatso's likeness and won a $50 million lawsuit against Columbia Pictures.",f74c0961,"Um, actually, Harvey Comics did not win a $50 million lawsuit against Columbia Pictures over the Ghostbusters logo. The lawsuit was dismissed, and no such amount was awarded.",-0.03945214733994143,Yes
37,37,59,11," Casper the Friendly Ghost's closest relatives are his uncles, the Ghostly Trio, originally named Fatso, Fusso, and Lazo then renamed Strech, Fatso, and Stinkie. The trio hates humans, whom they call ""fleshies"" and ""bonebags,"" but provided quite profitable for Harvey Comics, which claimed the Ghostbusters logo infringed on Fatso's likeness and won a $50 million lawsuit against Columbia Pictures. ",f99d911d,"Um, actually, Harvey Comics did not win a $50 million lawsuit against Columbia Pictures over the Ghostbusters logo allegedly infringing on Fatso's likeness. There is no evidence to substantiate this claim.",-0.12491846724398732,Yes
38,38,2,1," In 2008,",50c7631f,Correct.,-8.120283e-07,No
38,38,13,2," In 2008, a seemingly simple counting problem tore apart the Bodybuilding.com user forum.",4314b334,Correct.,-1.266445625e-06,No
38,38,38,3," In 2008, a seemingly simple counting problem tore apart the Bodybuilding.com user forum. Users with names like ""scrawny2studly"" simply could not agree on the basic math of how many total reps you would rack up over multiple sets,",cf70bf07,Correct.,-0.009076729444800001,No
38,38,52,4," In 2008, a seemingly simple counting problem tore apart the Bodybuilding.com user forum. Users with names like ""scrawny2studly"" simply could not agree on the basic math of how many total reps you would rack up over multiple sets, leading to furious arguments and sick burns like ""On your way back from work,",94005c8f,Correct.,-7.524265e-07,No
38,38,60,5," In 2008, a seemingly simple counting problem tore apart the Bodybuilding.com user forum. Users with names like ""scrawny2studly"" simply could not agree on the basic math of how many total reps you would rack up over multiple sets, leading to furious arguments and sick burns like ""On your way back from work, stop by a 2nd grade class and learn.""",e4923c7f,Correct.,-4.5441732e-07,No
39,39,12,1," Whether it's from a wrestling match or an extremely intense DDR session,",4f3ae89c,Correct.,-1.1696393e-06,No
39,39,17,2," Whether it's from a wrestling match or an extremely intense DDR session, muscle injuries are the worst.",6916b197,"Um, actually, while muscle injuries can be painful and debilitating, they are not universally considered ""the worst"" type of injuries, as more severe injuries like spinal cord damage or traumatic brain injuries often have greater long-term consequences.",-0.165949461270602,Yes
39,39,20,3," Whether it's from a wrestling match or an extremely intense DDR session, muscle injuries are the worst. After the injury,",be1324dc,"Um, actually, muscle injuries are not universally considered the worst type of injury; more critical injuries such as traumatic brain injuries or spinal cord injuries are often worse.",-0.17364246618503126,Yes
39,39,24,4," Whether it's from a wrestling match or an extremely intense DDR session, muscle injuries are the worst. After the injury, should you ice it,",10168e56,Correct.,-6.3322285e-07,No
39,39,30,5," Whether it's from a wrestling match or an extremely intense DDR session, muscle injuries are the worst. After the injury, should you ice it, or heat it up? Turns out,",13f8e618,"Um, actually, you should not heat a muscle injury immediately after it occurs, as this can increase swelling and inflammation. Use ice instead during the first 48 hours. Heat can be used later in the recovery process.",-0.19672961248924456,Yes
39,39,31,6," Whether it's from a wrestling match or an extremely intense DDR session, muscle injuries are the worst. After the injury, should you ice it, or heat it up? Turns out, both!",bdee1757,Correct.,-8.120283e-07,No
39,39,39,7," Whether it's from a wrestling match or an extremely intense DDR session, muscle injuries are the worst. After the injury, should you ice it, or heat it up? Turns out, both! You should ice your injuries for 20 minutes,",a6e902ae,Correct.,-6.3322285e-07,No
39,39,45,8," Whether it's from a wrestling match or an extremely intense DDR session, muscle injuries are the worst. After the injury, should you ice it, or heat it up? Turns out, both! You should ice your injuries for 20 minutes, followed immediately with a heat treatment.",1b03da2b,"Um, actually, while icing injuries for 20 minutes is commonly recommended, immediately following it with a heat treatment is not universally advised and may depend on the type and severity of the injury.",-0.19268897696932002,Yes
39,39,58,9," Whether it's from a wrestling match or an extremely intense DDR session, muscle injuries are the worst. After the injury, should you ice it, or heat it up? Turns out, both! You should ice your injuries for 20 minutes, followed immediately with a heat treatment. Heat can also be used on chronic conditions and regular aches and pains.",8fa76e0b,Correct.,-1.1696393e-06,No
39,39,58,10," Whether it's from a wrestling match or an extremely intense DDR session, muscle injuries are the worst. After the injury, should you ice it, or heat it up? Turns out, both! You should ice your injuries for 20 minutes, followed immediately with a heat treatment. Heat can also be used on chronic conditions and regular aches and pains. ",ce05ac43,Correct.,-5.73621e-07,No
40,40,15,1," On ""Doctor Who,"" The Doctor and his various companions travel through time on the TARDIS,",429a9795,Correct.,-3.948155e-07,No
40,40,27,2," On ""Doctor Who,"" The Doctor and his various companions travel through time on the TARDIS, with each episode focused on seeing Earth throughout many different time periods.",047a6985,"Um, actually, not every episode of ""Doctor Who"" focuses on seeing Earth in different time periods. Many episodes take place on alien planets or in fictional settings beyond Earth.",-0.14001459329052857,Yes
41,41,10,1," In the first video game in the Resident Evil series,",62f5359c,Correct.,-1.1696393e-06,No
41,41,27,2," In the first video game in the Resident Evil series, players fight off zombies and other creatures scientifically created in labs by Cyberdyne Systems in Raccoon City.",7a868e18,"Um, actually, the creatures in the first video game in the Resident Evil series were created by the Umbrella Corporation, not Cyberdyne Systems.",-0.1602971857862833,Yes
42,42,5,1," When it comes to Superman,",8ae8b76a,Correct.,-3.948155e-07,No
42,42,11,2," When it comes to Superman, the letter ""L"" stands for ""love"".",cd4b79c8,"Um, actually, the letter ""L"" is not explicitly stated to represent ""love"" in Superman-related stories or media. While it is associated with characters like Lois Lane and Lex Luthor, it does not officially symbolize ""love.""",-0.1828200531963788,Yes
42,42,19,3," When it comes to Superman, the letter ""L"" stands for ""love"". The hero's romantic entanglements include readhead Lana Lang,",aed3be7d,Correct.,-1.56408165e-07,No
42,42,23,4," When it comes to Superman, the letter ""L"" stands for ""love"". The hero's romantic entanglements include readhead Lana Lang, the blonde Kara Zor-El,",35996e1c,"Um, actually, Kara Zor-El is Superman's cousin and is not portrayed as a romantic interest in official media.",-0.11045186845836041,Yes
42,42,28,5," When it comes to Superman, the letter ""L"" stands for ""love"". The hero's romantic entanglements include readhead Lana Lang, the blonde Kara Zor-El, who is his fellow Kryptonian,",dacfc516,"Um, actually, Kara Zor-El is not one of Superman's romantic partners; she is his cousin. Their relationship is familial, not romantic.",-0.065074809732695,Yes
42,42,35,6," When it comes to Superman, the letter ""L"" stands for ""love"". The hero's romantic entanglements include readhead Lana Lang, the blonde Kara Zor-El, who is his fellow Kryptonian, and of course the brunette Lois Lane.",f2afa68c,"Um, actually, Superman does not have a romantic entanglement with Kara Zor-El. She is his cousin, and their relationship is familial, not romantic.",-0.05260910293485395,Yes
43,43,4,1," In Super Mario 64,",80e0d680,Correct.,-6.3322285e-07,No
43,43,24,2," In Super Mario 64, Mario enters paintings in Princess Peach's Castle in order to collect the 120 Power Stars required to rescue the princess.",675e3ceb,"Um, actually, Mario does not need to collect all 120 Power Stars to rescue Princess Peach in Super Mario 64. Only 70 Power Stars are required to access the final level and rescue her.",-0.11295143546319343,Yes
43,43,44,3," In Super Mario 64, Mario enters paintings in Princess Peach's Castle in order to collect the 120 Power Stars required to rescue the princess. Big Boo's Haunt is unique among the 15 main courses as the only level that Mario enters through an enemy.",3d43390c,Correct.,-1.0504357e-06,No
43,43,57,4," In Super Mario 64, Mario enters paintings in Princess Peach's Castle in order to collect the 120 Power Stars required to rescue the princess. Big Boo's Haunt is unique among the 15 main courses as the only level that Mario enters through an enemy. The level's entrance can be found inside a Boo enemy in the courtyard.",bc99957d,Correct.,-8.120283e-07,No
43,43,57,5," In Super Mario 64, Mario enters paintings in Princess Peach's Castle in order to collect the 120 Power Stars required to rescue the princess. Big Boo's Haunt is unique among the 15 main courses as the only level that Mario enters through an enemy. The level's entrance can be found inside a Boo enemy in the courtyard. ",e5abc79a,Correct.,-8.120283e-07,No
44,44,8,1," The events of the ""John Wick"" film series,",3f50c2df,Correct.,-1.504852925e-06,No
44,44,17,2," The events of the ""John Wick"" film series, based on the graphic novel of the same name,",33973332,"Um, actually, the ""John Wick"" film series is not based on a graphic novel. It is an original creation by screenwriter Derek Kolstad, though it later inspired a comic book series.",-0.09864640698677377,Yes
44,44,24,3," The events of the ""John Wick"" film series, based on the graphic novel of the same name, begin with the death of a dog.",b152a726,"Um, actually, the ""John Wick"" film series was not based on a graphic novel. It is an original screenplay written by Derek Kolstad.",-0.05154517987151033,Yes
44,44,34,4," The events of the ""John Wick"" film series, based on the graphic novel of the same name, begin with the death of a dog. Daisy is a puppy given to John by his wife,",45cd6e09,Correct.,-5.140192e-07,No
44,44,35,5," The events of the ""John Wick"" film series, based on the graphic novel of the same name, begin with the death of a dog. Daisy is a puppy given to John by his wife, Helen,",ebcc41b3,Correct.,-3.948155e-07,No
44,44,36,6," The events of the ""John Wick"" film series, based on the graphic novel of the same name, begin with the death of a dog. Daisy is a puppy given to John by his wife, Helen, posthumously,",46d76191,Correct.,-4.5441732e-07,No
44,44,48,7," The events of the ""John Wick"" film series, based on the graphic novel of the same name, begin with the death of a dog. Daisy is a puppy given to John by his wife, Helen, posthumously, because she knew that he would need help coping with his grief.",cd83588e,Correct.,-6.3322285e-07,No
44,44,63,8," The events of the ""John Wick"" film series, based on the graphic novel of the same name, begin with the death of a dog. Daisy is a puppy given to John by his wife, Helen, posthumously, because she knew that he would need help coping with his grief. When the dog is killed by a thug during a successful theft of John's Mustang,",1ea8c5ff,Correct.,-1.58685215e-06,No
44,44,74,9," The events of the ""John Wick"" film series, based on the graphic novel of the same name, begin with the death of a dog. Daisy is a puppy given to John by his wife, Helen, posthumously, because she knew that he would need help coping with his grief. When the dog is killed by a thug during a successful theft of John's Mustang, John Wick returns to his former life as an assassin/hit man.",bb471b88,Correct.,-3.948155e-07,No
45,45,10,1," In the world of the Hitchhiker's Guide to the Galaxy,",375f6015,Correct.,-1.52725035e-06,No
45,45,17,2," In the world of the Hitchhiker's Guide to the Galaxy, there are a lot of swear words,",aa2e9be1,"Um, actually, the world of ""The Hitchhiker's Guide to the Galaxy"" does not contain a lot of swear words. Explicit swearing is largely absent, and fictional euphemisms like ""Belgium"" are used instead.",-0.20450219593195418,Yes
45,45,44,3," In the world of the Hitchhiker's Guide to the Galaxy, there are a lot of swear words, including ""joojooflop,"" ""swut,"" and ""turlingdrome."" But the most foul curse word anyone can imagine is ""Belgium,"" which cannot be published except in serious screenplays for artsy movies.",9c66e61d,"Um, actually, ""joojooflop,"" ""swut,"" and ""turlingdrome"" are not recognized as swear words in the *Hitchhiker's Guide to the Galaxy* universe. Additionally, while ""Belgium"" is humorously described as the most offensive word in the galaxy, the restriction on its publication being limited to ""serious screenplays for artsy movies"" is not stated in the series.",-0.13760151201409976,Yes
45,45,56,4," In the world of the Hitchhiker's Guide to the Galaxy, there are a lot of swear words, including ""joojooflop,"" ""swut,"" and ""turlingdrome."" But the most foul curse word anyone can imagine is ""Belgium,"" which cannot be published except in serious screenplays for artsy movies. Earth was destroyed because we named a country after this taboo word.",3181804c,"Um, actually, Earth was destroyed in *The Hitchhiker's Guide to the Galaxy* by a Vogon constructor fleet to make way for a hyperspace bypass. This was not due to humans naming a country after the taboo word ""Belgium.""",-0.25385371344416374,Yes
46,46,6,1," Tabletop games like Dungeons and Dragons,",6a79ce7e,Correct.,-7.524265e-07,No
46,46,7,2," Tabletop games like Dungeons and Dragons, Warhammer,",7140057e,Correct.,-7.524265e-07,No
46,46,10,3," Tabletop games like Dungeons and Dragons, Warhammer, Magic the Gathering,",c025886d,Correct.,-5.140192e-07,No
46,46,29,4," Tabletop games like Dungeons and Dragons, Warhammer, Magic the Gathering, and Monopoly are all similar because they each require dice and miniatures that can move around during their gameplay.",33ec8e46,"Um, actually, Magic: The Gathering does not require dice or miniatures that move around during gameplay, and Monopoly uses tokens rather than miniatures for player movement, making the claim that all these games require both dice and miniatures inaccurate.",-0.2665340958521603,Yes
47,47,6,1, After being rescued from a pod,d8adfc0b,Correct.,-0.0013204481209999998,No
47,47,12,1, After being rescued from a pod full of goo designed to keep,fe1fed29,Correct.,-0.0002169810775,No
47,47,18,1, After being rescued from a pod full of goo designed to keep his brain his brain busy so,603b676e,Correct.,-6.630610850000001e-06,No
47,47,24,1, After being rescued from a pod full of goo designed to keep his brain his brain busy so the Machines could use him as,2411f863,Correct.,-2.100871165e-06,No
47,47,30,1, After being rescued from a pod full of goo designed to keep his brain his brain busy so the Machines could use him as part of a neural network they,097d0d49,Correct.,-0.0004565437765,No
47,47,31,1," After being rescued from a pod full of goo designed to keep his brain his brain busy so the Machines could use him as part of a neural network they control,",bdce2f6a,Correct.,-1.76565765e-06,No
47,47,47,2," After being rescued from a pod full of goo designed to keep his brain his brain busy so the Machines could use him as part of a neural network they control, Neo learns that his whole life has been lived in a computer simulation called the Matrix.",79247d72,Correct.,-0.12596957941731998,No
47,47,49,3," After being rescued from a pod full of goo designed to keep his brain his brain busy so the Machines could use him as part of a neural network they control, Neo learns that his whole life has been lived in a computer simulation called the Matrix. Soon after,",374d00ef,"Um, actually, while Neo was rescued from a pod and learned that his life was lived in a computer simulation called the Matrix, the Machines use humans as an energy source, not explicitly as part of a neural network they control.",-0.30206687867144866,Yes
47,47,68,4," After being rescued from a pod full of goo designed to keep his brain his brain busy so the Machines could use him as part of a neural network they control, Neo learns that his whole life has been lived in a computer simulation called the Matrix. Soon after, he has kung fu powers uploaded to his mind and battles a series of sentient programs to free humanity.",cb06b2fe,Correct.,-4.5441732e-07,No
48,48,11,1," While the original Star Trek TV series theme song is iconic,",563bf568,Correct.,-0.00045600736,No
48,48,20,2," While the original Star Trek TV series theme song is iconic, many people don't realize that it actually has lyrics!",784ee689,Correct.,-3.3521365e-07,No
48,48,23,3," While the original Star Trek TV series theme song is iconic, many people don't realize that it actually has lyrics! The seldom-heard words,",e69039b1,Correct.,-6.3322285e-07,No
48,48,30,4," While the original Star Trek TV series theme song is iconic, many people don't realize that it actually has lyrics! The seldom-heard words, written by the song's composer Alexander Courage,",652a8d60,Correct.,-9.908711e-06,No
48,48,34,5," While the original Star Trek TV series theme song is iconic, many people don't realize that it actually has lyrics! The seldom-heard words, written by the song's composer Alexander Courage, include the immortal lines:",e0b1c3bf,"Um, actually, while Alexander Courage composed the theme music for the original Star Trek TV series, the lyrics were written by Gene Roddenberry, not Courage.",-0.19392820123697904,Yes
48,48,57,6," While the original Star Trek TV series theme song is iconic, many people don't realize that it actually has lyrics! The seldom-heard words, written by the song's composer Alexander Courage, include the immortal lines: Beyond the rim of the star light
My love is wondering in star flight
I know he'll find in star clustered reaches
Love,",bb7ea5ec,"Um, actually, the lyrics of the Star Trek theme song referenced in the statement are not accurate. While Gene Roddenberry did write lyrics to the theme composed by Alexander Courage, they are not the lines mentioned in the statement. Additionally, these lyrics were never included in the show's broadcasts.",-0.5140256418286714,Yes
48,48,59,7," While the original Star Trek TV series theme song is iconic, many people don't realize that it actually has lyrics! The seldom-heard words, written by the song's composer Alexander Courage, include the immortal lines: Beyond the rim of the star light
My love is wondering in star flight
I know he'll find in star clustered reaches
Love, strange love,",ae77b032,"Um, actually, Gene Roddenberry, not Alexander Courage, wrote the lyrics to the original Star Trek TV series theme song, and the lyrics were added later without Courage's involvement.",-0.268330017868793,Yes
48,48,63,8," While the original Star Trek TV series theme song is iconic, many people don't realize that it actually has lyrics! The seldom-heard words, written by the song's composer Alexander Courage, include the immortal lines: Beyond the rim of the star light
My love is wondering in star flight
I know he'll find in star clustered reaches
Love, strange love, a star woman teaches",d5c7be47,"Um, actually, the lyrics for the Star Trek theme song were written by Gene Roddenberry, not Alexander Courage, and the quoted lyrics do not match the actual ones written by Roddenberry.",-0.18538941216029323,Yes
49,49,9,1," Having trouble studying all those nerd-culture facts before Um,",024a1b39,Correct.,-0.10070744822285001,No
49,49,14,2," Having trouble studying all those nerd-culture facts before Um, Actually? Try the Pomodoro Technique!",fbe3e426,Correct.,-3.948155e-07,No
49,49,21,3," Having trouble studying all those nerd-culture facts before Um, Actually? Try the Pomodoro Technique! Developed by Fanscesco Cirillo in the '80s,",29ea8d44,Correct.,-7.524265e-07,No
49,49,36,4," Having trouble studying all those nerd-culture facts before Um, Actually? Try the Pomodoro Technique! Developed by Fanscesco Cirillo in the '80s, it originally used a tomato-shaped kitchen timer to help maintain focus while working or studying.",51b3e1d4,Correct.,-5.73621e-07,No
49,49,49,5," Having trouble studying all those nerd-culture facts before Um, Actually? Try the Pomodoro Technique! Developed by Fanscesco Cirillo in the '80s, it originally used a tomato-shaped kitchen timer to help maintain focus while working or studying. You can set the timer for the standard pomodoro length of 55 minutes,",24403b26,"Um, actually, the standard Pomodoro Technique session is 25 minutes, not 55 minutes.",-0.0627730466702725,Yes
49,49,57,6," Having trouble studying all those nerd-culture facts before Um, Actually? Try the Pomodoro Technique! Developed by Fanscesco Cirillo in the '80s, it originally used a tomato-shaped kitchen timer to help maintain focus while working or studying. You can set the timer for the standard pomodoro length of 55 minutes, and focus entirely on the task at hand.",c79adea4,"Um, actually, the standard Pomodoro Technique length is 25 minutes of focused work, not 55 minutes.",-0.01131027178999913,Yes
49,49,61,7," Having trouble studying all those nerd-culture facts before Um, Actually? Try the Pomodoro Technique! Developed by Fanscesco Cirillo in the '80s, it originally used a tomato-shaped kitchen timer to help maintain focus while working or studying. You can set the timer for the standard pomodoro length of 55 minutes, and focus entirely on the task at hand. Once the timer rings,",dd83b246,"Um, actually, the standard Pomodoro length is 25 minutes, not 55 minutes.",-0.02414265113676842,Yes
49,49,70,8," Having trouble studying all those nerd-culture facts before Um, Actually? Try the Pomodoro Technique! Developed by Fanscesco Cirillo in the '80s, it originally used a tomato-shaped kitchen timer to help maintain focus while working or studying. You can set the timer for the standard pomodoro length of 55 minutes, and focus entirely on the task at hand. Once the timer rings, you get a 5-10 minute break before starting over.",7c485b66,"Um, actually, the Pomodoro Technique specifies taking a 5-minute break after each 25-minute work session, not a 5-10 minute break. Additionally, it does not mandate starting over after the break; proceeding with another cycle is optional.",-0.21193793768273533,Yes
49,49,77,9," Having trouble studying all those nerd-culture facts before Um, Actually? Try the Pomodoro Technique! Developed by Fanscesco Cirillo in the '80s, it originally used a tomato-shaped kitchen timer to help maintain focus while working or studying. You can set the timer for the standard pomodoro length of 55 minutes, and focus entirely on the task at hand. Once the timer rings, you get a 5-10 minute break before starting over. After repeating a ""set"" of four pomodoros,",f581c831,Correct.,-5.140192e-07,No
49,49,85,10," Having trouble studying all those nerd-culture facts before Um, Actually? Try the Pomodoro Technique! Developed by Fanscesco Cirillo in the '80s, it originally used a tomato-shaped kitchen timer to help maintain focus while working or studying. You can set the timer for the standard pomodoro length of 55 minutes, and focus entirely on the task at hand. Once the timer rings, you get a 5-10 minute break before starting over. After repeating a ""set"" of four pomodoros, you get a long break of 20-30 minutes!",9259c4ff,"Um, actually, the typical duration of the long break after completing a set of four pomodoros is 15-30 minutes, not strictly 20-30 minutes.",-0.02454826384895486,Yes
50,50,13,1," When the King of All Cosmos drunkenly destroys the stars in Katamari Damacy,",c4b67dc9,Correct.,-3.948155e-07,No
50,50,20,2," When the King of All Cosmos drunkenly destroys the stars in Katamari Damacy, his actions don't go unnoticed on earth.",f3ce9d1b,Correct.,-3.948155e-07,No
50,50,41,3," When the King of All Cosmos drunkenly destroys the stars in Katamari Damacy, his actions don't go unnoticed on earth. The Hoshino Family observes news reports about disappearing stars as they travel to visit astronaut patriarch Tomino for a rocket launch.",fd5ea2bb,"Um, actually, the Hoshino Family is not part of *Katamari Damacy*. They are characters from the sequel, *We Love Katamari*, and are not connected to the King of All Cosmos’ actions in the original game. Additionally, there are no news reports about disappearing stars in *Katamari Damacy*.",-0.24253186885595893,Yes
50,50,47,4," When the King of All Cosmos drunkenly destroys the stars in Katamari Damacy, his actions don't go unnoticed on earth. The Hoshino Family observes news reports about disappearing stars as they travel to visit astronaut patriarch Tomino for a rocket launch. At the end of the game,",4591d842,"Um, actually, the Hoshino Family does not visit astronaut patriarch Tomino for a rocket launch at the end of *Katamari Damacy*, as this event is not part of the game's storyline.",-0.07820373723528525,Yes
50,50,62,5," When the King of All Cosmos drunkenly destroys the stars in Katamari Damacy, his actions don't go unnoticed on earth. The Hoshino Family observes news reports about disappearing stars as they travel to visit astronaut patriarch Tomino for a rocket launch. At the end of the game, they gather on the now-barren Earth to appreciate the new cosmos the Prince has created.",8a2b7cd9,"Um, actually, the Earth is not barren at the end of ""Katamari Damacy,"" and the Hoshino Family does not gather on Earth. Instead, they are shown in space appreciating the new cosmos created by the Prince.",-0.056686140897098954,Yes
51,51,23,1, The TV series Yellowjackets follows the Yellowjacket's girl's soccer team after a plane crash that strands them in the forest for 19 months.,bcecb990,Correct.,-3.948155e-07,No
51,51,28,2," The TV series Yellowjackets follows the Yellowjacket's girl's soccer team after a plane crash that strands them in the forest for 19 months. As the months drag on,",c0d8cf35,"Um, actually, there is no clear evidence to confirm that the characters are stranded in the forest for 19 months as stated. The show mentions an extended period, but 19 months is not explicitly confirmed.",-0.3571431119158345,Yes
51,51,33,3," The TV series Yellowjackets follows the Yellowjacket's girl's soccer team after a plane crash that strands them in the forest for 19 months. As the months drag on, more and more survivors die,",3f3ea945,Correct.,-2.75611825e-07,No
51,51,36,4," The TV series Yellowjackets follows the Yellowjacket's girl's soccer team after a plane crash that strands them in the forest for 19 months. As the months drag on, more and more survivors die, including Laura Lee,",d73ae61d,Correct.,-4.5441732e-07,No
51,51,50,5," The TV series Yellowjackets follows the Yellowjacket's girl's soccer team after a plane crash that strands them in the forest for 19 months. As the months drag on, more and more survivors die, including Laura Lee, who finds a small plane and tries to pilot it out of the wilderness,",82291f09,Correct.,-1.52725035e-06,No
51,51,56,6," The TV series Yellowjackets follows the Yellowjacket's girl's soccer team after a plane crash that strands them in the forest for 19 months. As the months drag on, more and more survivors die, including Laura Lee, who finds a small plane and tries to pilot it out of the wilderness, but crashes into a nearby lake.",6b20cf83,Correct.,-0.06346789685215,No
52,52,3,1," In ""Alien vs.",c6956c0a,Correct.,-2.5776859e-06,No
52,52,4,2," In ""Alien vs. Predator:",bb1abeed,Correct.,-3.292907825e-06,No
52,52,8,3," In ""Alien vs. Predator: Requiem,"" the Predator-Alien hybrid,",6fee38c9,Correct.,-8.23985975e-06,No
52,52,12,4," In ""Alien vs. Predator: Requiem,"" the Predator-Alien hybrid, aptly named the Predalien,",ac8d0865,Correct.,-4.5441732e-07,No
52,52,24,5," In ""Alien vs. Predator: Requiem,"" the Predator-Alien hybrid, aptly named the Predalien, makes its way to a hospital and impregnates a group of cheerleaders.",8d1c72dd,Correct.,-0.08011623486125,No
53,53,18,1, The Metal Gear Solid series features many characters with particularly on the nose names related to their abilities.,915eb45f,Correct.,-4.5441732e-07,No
53,53,21,2," The Metal Gear Solid series features many characters with particularly on the nose names related to their abilities. There's Decoy Octopus,",c91b27fa,Correct.,-5.73621e-07,No
53,53,25,3," The Metal Gear Solid series features many characters with particularly on the nose names related to their abilities. There's Decoy Octopus, a master of disguise,",389a691d,Correct.,-9.3123195e-07,No
53,53,26,4," The Metal Gear Solid series features many characters with particularly on the nose names related to their abilities. There's Decoy Octopus, a master of disguise, Vamp,",4cdaad51,Correct.,-5.73621e-07,No
53,53,33,5," The Metal Gear Solid series features many characters with particularly on the nose names related to their abilities. There's Decoy Octopus, a master of disguise, Vamp, a Romanian assassin with seemingly supernatural abilities,",0b7fcf4c,Correct.,-3.948155e-07,No
53,53,35,6," The Metal Gear Solid series features many characters with particularly on the nose names related to their abilities. There's Decoy Octopus, a master of disguise, Vamp, a Romanian assassin with seemingly supernatural abilities, Psycho Mantis,",695d26be,Correct.,-6.3322285e-07,No
53,53,40,7," The Metal Gear Solid series features many characters with particularly on the nose names related to their abilities. There's Decoy Octopus, a master of disguise, Vamp, a Romanian assassin with seemingly supernatural abilities, Psycho Mantis, a man with psychic abilities,",39b344a5,Correct.,-3.3521365e-07,No
53,53,45,8," The Metal Gear Solid series features many characters with particularly on the nose names related to their abilities. There's Decoy Octopus, a master of disguise, Vamp, a Romanian assassin with seemingly supernatural abilities, Psycho Mantis, a man with psychic abilities, and The Man on Fire,",32a0c93e,Correct.,-5.140192e-07,No
53,53,51,9," The Metal Gear Solid series features many characters with particularly on the nose names related to their abilities. There's Decoy Octopus, a master of disguise, Vamp, a Romanian assassin with seemingly supernatural abilities, Psycho Mantis, a man with psychic abilities, and The Man on Fire, a man that is on fire.",a76d9cfe,Correct.,-1.028038275e-06,No
54,54,4,1," As the name implies,",44864953,Correct.,-0.050105389028299994,No
54,54,18,2," As the name implies, Linda Medley's graphic novel Castle Waiting takes place in Sleeping Beauty's formerly enchanted castle.",8a7b946b,Correct.,-2.75611825e-07,No
54,54,29,3," As the name implies, Linda Medley's graphic novel Castle Waiting takes place in Sleeping Beauty's formerly enchanted castle. The inhabitants include famous literary or legendary characters like Iron Henry,",eb6a2f89,Correct.,-2.75611825e-07,No
54,54,32,4," As the name implies, Linda Medley's graphic novel Castle Waiting takes place in Sleeping Beauty's formerly enchanted castle. The inhabitants include famous literary or legendary characters like Iron Henry, the golden-egg-laying goose,",cb7c36c6,"Um, actually, Iron Henry and the golden-egg-laying goose are not inhabitants of Linda Medley's *Castle Waiting*.",-0.246170393105124,Yes
54,54,34,5," As the name implies, Linda Medley's graphic novel Castle Waiting takes place in Sleeping Beauty's formerly enchanted castle. The inhabitants include famous literary or legendary characters like Iron Henry, the golden-egg-laying goose, plague-mask-wearing Dr.",427d2804,"Um, actually, Iron Henry is not a character featured in *Castle Waiting*. While the inhabitants of the castle are inspired by fairy-tale and legendary characters, Iron Henry originates from the Brothers Grimm tale ""The Frog King, or Iron Heinrich"" and is not part of Linda Medley's graphic novel.",-0.27220202000044563,Yes
54,54,35,6," As the name implies, Linda Medley's graphic novel Castle Waiting takes place in Sleeping Beauty's formerly enchanted castle. The inhabitants include famous literary or legendary characters like Iron Henry, the golden-egg-laying goose, plague-mask-wearing Dr. Fell,",a850a601,"Um, actually, Iron Henry and the golden-egg-laying goose are not characters in Linda Medley's *Castle Waiting*.",-0.08386553632718802,Yes
54,54,41,7," As the name implies, Linda Medley's graphic novel Castle Waiting takes place in Sleeping Beauty's formerly enchanted castle. The inhabitants include famous literary or legendary characters like Iron Henry, the golden-egg-laying goose, plague-mask-wearing Dr. Fell, and the bearded nun Saint Wilgefortis.",75281757,Correct.,-4.5441732e-07,No
55,55,10,1," After the success of Episode 1 – The Phantom Menace,",dc9d3a8f,Correct.,-4.5441732e-07,No
55,55,28,2," After the success of Episode 1 – The Phantom Menace, George Lucas released the special edition of the original Star Wars trilogy with a number of controversial changes,",110e9510,"Um, actually, George Lucas released the special edition of the original Star Wars trilogy in 1997, before the release of Episode I – The Phantom Menace, not after its success.",-0.06598543168134342,Yes
55,55,33,3," After the success of Episode 1 – The Phantom Menace, George Lucas released the special edition of the original Star Wars trilogy with a number of controversial changes, a CG Jabba the Hutt,",31c25fe0,"Um, actually, George Lucas released the special edition of the original Star Wars trilogy in 1997, two years before the release of Episode I – The Phantom Menace, not after its success.",-0.041389706835275,Yes
55,55,35,4," After the success of Episode 1 – The Phantom Menace, George Lucas released the special edition of the original Star Wars trilogy with a number of controversial changes, a CG Jabba the Hutt, for example,",274e2ab3,"Um, actually, George Lucas released the special edition of the original Star Wars trilogy in 1997, which was before the release of *Episode 1 – The Phantom Menace* in 1999.",-0.10194251221302356,Yes
55,55,38,5," After the success of Episode 1 – The Phantom Menace, George Lucas released the special edition of the original Star Wars trilogy with a number of controversial changes, a CG Jabba the Hutt, for example, and most notoriously,",2eebbcd6,"Um, actually, George Lucas released the special edition of the original Star Wars trilogy in 1997, two years before the release of Episode I – The Phantom Menace, not after its success.",-0.058071588338132495,Yes
55,55,56,6," After the success of Episode 1 – The Phantom Menace, George Lucas released the special edition of the original Star Wars trilogy with a number of controversial changes, a CG Jabba the Hutt, for example, and most notoriously, a scene in the Tatooine cantina re-edited to show that the bounty hunter Greedo shot Han Solo first.",4d2fdbc3,"Um, actually, George Lucas released the special edition of the original Star Wars trilogy in 1997, which was two years before the release of Episode 1 – The Phantom Menace, not after its success.",-0.11895718353943206,Yes
56,56,10,1," Six Flags might have parks all over the country now,",bea9866a,"Um, actually, Six Flags does not have parks ""all over the country."" While they operate 27 parks, these are concentrated in specific regions and do not span the entire United States.",-0.11806933044180526,Yes
56,56,17,2," Six Flags might have parks all over the country now, but it's named after its Texas roots.",2b23cd65,Correct.,-1.56408165e-07,No
56,56,31,3," Six Flags might have parks all over the country now, but it's named after its Texas roots. Six Flags refers to the flags of the six nations that have governed Texas:",014674de,Correct.,-7.524265e-07,No
56,56,32,4," Six Flags might have parks all over the country now, but it's named after its Texas roots. Six Flags refers to the flags of the six nations that have governed Texas: France,",60056f0f,Correct.,-8.120283e-07,No
56,56,33,5," Six Flags might have parks all over the country now, but it's named after its Texas roots. Six Flags refers to the flags of the six nations that have governed Texas: France, Spain,",ac78d586,"Um, actually, Six Flags does not refer only to France and Spain, but to six nations that historically governed Texas: Spain, France, Mexico, the Republic of Texas, the Confederate States of America, and the United States.",-0.36517970008584727,Yes
56,56,34,6," Six Flags might have parks all over the country now, but it's named after its Texas roots. Six Flags refers to the flags of the six nations that have governed Texas: France, Spain, England,",4a377bea,"Um, actually, the Six Flags refer to the six nations that have governed Texas: Spain, France, Mexico, the Republic of Texas, the United States, and the Confederate States of America. England is not one of these nations.",-0.1331441268038343,Yes
56,56,35,7," Six Flags might have parks all over the country now, but it's named after its Texas roots. Six Flags refers to the flags of the six nations that have governed Texas: France, Spain, England, Mexico,",66983eb4,"Um, actually, the six nations that have governed Texas are Spain, France, Mexico, the Republic of Texas, the Confederate States of America, and the United States. England is not one of them.",-0.05987325632885854,Yes
56,56,39,8," Six Flags might have parks all over the country now, but it's named after its Texas roots. Six Flags refers to the flags of the six nations that have governed Texas: France, Spain, England, Mexico, The Republic of Texas,",55dbbca7,"Um, actually, the six nations that have governed Texas are Spain, France, Mexico, the Republic of Texas, the Confederate States of America, and the United States—not England.",-0.04582091356843973,Yes
56,56,45,9," Six Flags might have parks all over the country now, but it's named after its Texas roots. Six Flags refers to the flags of the six nations that have governed Texas: France, Spain, England, Mexico, The Republic of Texas, and the United States of America.",3776c8f3,"Um, actually, England never governed Texas. Instead, the six nations that governed Texas are Spain, France, Mexico, the Republic of Texas, the Confederate States of America, and the United States of America.",-0.16922207940758338,Yes
57,57,11,1, The original Planet of the Apes ends with a wild twist:,fd75e033,Correct.,-3.948155e-07,No
57,57,19,2," The original Planet of the Apes ends with a wild twist: A shot of the ruined Statue of Liberty,",991ef867,Correct.,-7.524265e-07,No
57,57,28,3," The original Planet of the Apes ends with a wild twist: A shot of the ruined Statue of Liberty, showing what we believe is an alien world is,",e013e6e8,Correct.,-3.948155e-07,No
57,57,30,4," The original Planet of the Apes ends with a wild twist: A shot of the ruined Statue of Liberty, showing what we believe is an alien world is, in fact,",4eeff2f4,Correct.,-6.3322285e-07,No
57,57,31,5," The original Planet of the Apes ends with a wild twist: A shot of the ruined Statue of Liberty, showing what we believe is an alien world is, in fact, Earth.",aa2e6b9b,Correct.,-3.948155e-07,No
57,57,52,6," The original Planet of the Apes ends with a wild twist: A shot of the ruined Statue of Liberty, showing what we believe is an alien world is, in fact, Earth. Tim Burton's 2001 remake updates this twist by making the planet an alien world but when Mark Wahlberg returns to Earth,",011c2681,Correct.,-6.3322285e-07,No
57,57,62,7," The original Planet of the Apes ends with a wild twist: A shot of the ruined Statue of Liberty, showing what we believe is an alien world is, in fact, Earth. Tim Burton's 2001 remake updates this twist by making the planet an alien world but when Mark Wahlberg returns to Earth, he finds that the Statue of Liberty is an ape.",ac056b03,"Um, actually, Mark Wahlberg does not find that the Statue of Liberty is an ape in the 2001 *Planet of the Apes* remake. Instead, he discovers an ape version of the Lincoln Memorial, symbolizing that the world is now dominated by apes.",-0.189194828578113,Yes
